NAME,SMILES
CHEMBL4441109,C[C@@H](NC(=O)c1cc(-c2ccccc2)nn1C)c1ccc(N2CCCC2=O)cc1
CHEMBL1479102,c1ccc(-c2cnnc(N3CCCCC3)n2)cc1
CHEMBL278056,N=C(N)c1ccc(C2=NOC(CC(=O)NC[C@H](NS(=O)(=O)c3cnn(-c4ccccc4)c3)C(=O)O)C2)cc1.O=C(O)C(F)(F)F
CHEMBL5402754,COc1ccc(CCn2cc(-c3ccc(C(=O)Nc4cc(-c5cccs5)ccc4N)cc3)nn2)cc1
CHEMBL3990352,CCCCCCCCn1c2ccccc2c2cc(CNCCCCNCc3cc4c5ccccc5n(CCCCCCCC)c4cn3)ncc21
CHEMBL1209900,Nc1ccn([C@@H]2O[C@@]3(COP(=O)(O)OP(=O)(O)OP(=O)(O)O)CO[C@H]3[C@H]2F)c(=O)n1
CHEMBL1428106,CCOC(=O)c1c(N)n(-c2ccc(N)cc2)c2nc3ccccc3nc12
CHEMBL2228671,Cc1ccc(-n2nc(C)c(/C=N/OCc3ccc(Cl)nc3)c2Sc2ccc(F)cc2)cc1
CHEMBL337894,Cc1ncc2cc(-c3c(Cl)cccc3Cl)c(NC(=O)C3CC3)nc2n1
CHEMBL1213068,O=C(NCCN1CCC(n2c(O)nc3ccccc32)CC1)c1cccc2c1-c1ccccc1C2=O
CHEMBL15346,CS(=O)(=O)CCNCCCCOc1ccc2ncnc(Nc3ccc(OCc4ccccc4)cc3)c2c1
CHEMBL543752,Cl.NC1=NCCCCC1
CHEMBL3924183,C#CC(C)(C)N1CCN(c2cc3c(cc2C(C)=O)C(=O)c2c([nH]c4cc(C#N)ccc24)C3(C)C)CC1
CHEMBL1988536,CCOC(=O)/C(=N/Nc1ccc(Cl)cc1)Sc1nnnn1-c1ccc(C)cc1
CHEMBL1425445,Cc1cccc(-n2ccnc2SCC(=O)Nc2nccs2)c1
CHEMBL3478149,CC(c1cccc(-c2ncccc2C#N)c1)N(C)C
CHEMBL179423,FC(CNCc1cccc(C(F)(F)F)c1)=C1CCCCC1
CHEMBL190356,CC1=C(/C=C/C(C)=C/C=C/[C@](C)(O)[C@@H](O)CO)C(C)(C)CCC1
CHEMBL2420331,Cc1cc(C)cc(Cn2c(=O)cc(N=[N+]=[N-])n(Cc3ccncc3)c2=O)c1
CHEMBL2238550,C/C(=N\CC/N=C(\C)c1ccccc1)c1ccccc1
CHEMBL1860525,COCCN/C(=N\O)c1cccnc1Oc1ccccc1OCc1ccccc1
CHEMBL149705,CCCCNC(=O)Nc1cccc2c1C(=O)c1c(-c3ccc(OC)cc3)n[nH]c1-2
CHEMBL1743889,Br.O=[N+]([O-])c1cc(O)c(O)cc1CNCCCCCCNCCSSCCNCCCCCCNCc1cc(O)c(O)cc1[N+](=O)[O-]
CHEMBL583279,COc1ccccc1CNCCCCN1C(=O)c2ccc3c4c(ccc(c24)C1=O)C(=O)N(CCCCNCc1ccccc1OC)C3=O
CHEMBL89259,Nc1c(Cl)cc(C(=O)N[C@H]2CN3CCC2CC3)c2c1CCO2
CHEMBL1935649,Cc1ccc(C)c(COc2cc(NC(=O)c3cccc(Br)c3)ccc2N(C)S(C)(=O)=O)c1
CHEMBL1495104,O=C1CCCC2=C1C(c1ccccc1O)C1=C(CCCC1=O)O2
CHEMBL5010093,COc1ccccc1-c1noc(CCCC(=O)Nc2ccc(-c3nc4cc(C)ccc4o3)cc2)n1
CHEMBL199441,O=C(O)c1ccc(-c2ccccc2OC(F)(F)F)o1
CHEMBL119247,CCn1c2ccccc2c2cc(NC(=O)N3CCOCC3)ccc21
CHEMBL324074,O=C(COc1ccccc1)N[C@@H]1C(=O)N2C(C(=O)O)=C(COC(=O)c3cccc(C(=O)c4cc(Cl)cc(C(=O)c5ccccc5O)c4O)c3O)CS[C@H]12
CHEMBL152876,O=C(O)CCNC(=O)c1ccc2c(cnn2CCCNc2ccccn2)c1
CHEMBL3581786,[N-]=[N+]=N[C@]1(CO)O[C@@H](n2ccc(NC3C(O)C3O)nc2=O)[C@@H](F)[C@@H]1O
CHEMBL2163825,NC1C[C@H]2CC[C@@H](C1)N2C(=O)[C@H](Cc1ccc(Cl)cc1Cl)NC(=O)C1(c2ccc(Cl)cc2Cl)CC1
CHEMBL197641,CCN(C(=O)Cc1ccc(S(C)(=O)=O)cc1)C1CCN(CCC(c2ccccc2)c2ccc(C(F)(F)F)cc2)CC1
CHEMBL3307130,C[N+]12CCC(OC(=O)Nc3ncsc3-c3cccc(Cl)c3)(CC1)CC2
CHEMBL469982,Cc1ccc(O)c(Oc2ccc(C#N)c(C(F)(F)F)c2)c1
CHEMBL1735507,CCOc1cc(NC(=O)c2ccccn2)c(OCC)cc1NC(=O)CC(C)C
CHEMBL1369171,Cc1sc2nc(COC(=O)c3cccc(OC(F)F)c3)nc(O)c2c1C
CHEMBL4792027,CC#C[C@H](CC(=O)O)c1ccc(OCc2ccc(CN3CCC4(C=Cc5ccccc54)CC3)cc2)cc1
CHEMBL3249740,CCCCC(C)(O)CCC[C@H]1[C@H](O)CC(=O)[C@@H]1CCCCCCC(=O)OC
CHEMBL4438615,Cc1ccccc1S(=O)(=O)N1CCC(n2cc(-c3ncnc4[nH]ccc34)cn2)CC1
CHEMBL1306527,O=C(c1ccco1)c1nc2c(n1O)CCCCC2
CHEMBL484922,Nc1ncnc2c1nc(-c1ccc(S(=O)(=O)O)o1)n2CCc1ccccc1
CHEMBL3679104,O=C(NCC1(c2cnc(C(F)(F)F)nc2)CCC(F)(F)CC1)c1cccc(Cl)c1Cl
CHEMBL3139132,COC1CN=C(c2ccc3cc(-c4ccc(-c5cc6ccc(C7=NCC(OC)CN7)cc6[nH]5)cc4)[nH]c3c2)NC1
CHEMBL3596697,O=C(NCc1ccccc1F)c1nc2ccccc2s1
CHEMBL4560144,Clc1cccc(Cl)c1Cn1ccc2c(N3CCC(N4CCCCC4)CC3)ncnc21
CHEMBL1364476,COc1ccccc1NC(=O)Cc1nnc(SCC(=O)Nc2ccc(F)cc2F)n1C
CHEMBL2429903,CC1(C)CC(=O)C(C(C2=C(O)CC(C)(C)CC2=O)c2ccco2)=C(O)C1
CHEMBL22073,Clc1cc(N=NN2CCCC2)cc(Cl)c1NC1=NCCN1
CHEMBL4776963,CNC(=O)c1csc2c(C(F)(F)F)cc(N3CCC(OC(=O)NCC4CC4)CC3)nc12
CHEMBL1989428,Cn1ccnc1S/C(=C\C=C(C#N)C#N)c1ccc(Cl)cc1
CHEMBL1355138,COc1cc(OC)c(NC(=O)CCc2c(C)nc3ncnn3c2C)cc1Cl
CHEMBL3651093,FC(F)(F)c1ccc(CN[C@H]2CC2c2ccccc2)cc1
CHEMBL5221405,O=C(O)c1cc(-c2ccc(CNCc3cccnc3)o2)ccc1O
CHEMBL38347,COc1cc2c(cc1OC)-c1cc(Nc3c(C)cc(C)cc3C)nc(=O)n1CC2
CHEMBL3960071,CC1(C)CCC(CN2CCN(c3ccc(C(=O)NS(=O)(=O)c4ccc(NCCN5CCCC5=O)c([N+](=O)[O-])c4)c(Oc4ccc5[nH]ccc5c4)c3)CC2)=C(c2ccc(Cl)cc2)C1
CHEMBL1597127,Cc1ccc(CCNC(=O)c2cc3cc4cc(C)ccc4nc3s2)cc1
CHEMBL1519974,COC(=O)C1C(c2ccccc2)C(C(=O)O)C1c1ccccc1
CHEMBL128403,CN(C)CCNC(=O)c1cccc2ccc(-c3ccc(C(F)(F)F)cc3)nc12
CHEMBL4555064,COC(=O)c1ccc(C(=O)N[C@@H](CC(C)C)C(=O)NC(C=O)Cc2ccccc2)[nH]1
CHEMBL4897326,CN(Cc1nc2ccccc2c(=O)[nH]1)C(=O)[C@@H]1CCCCO1
CHEMBL4163520,C/C(=N\NC(N)=S)c1ccc(CC(C)C)cc1
CHEMBL136023,COc1cccc(-c2cc(COc3cccnc3)ccc2C(=O)N[C@@H](CCSC)C(=O)O)c1
CHEMBL175400,N#CSCCCC(=O)O
CHEMBL5021613,CC(C)n1[nH]c(=O)c2c1NC(=O)C[C@H]2C1CCCCC1
CHEMBL1224133,C=C(C)[C@@H]1CC[C@]2(C(=O)O)CC[C@]3(C)[C@H](CC[C@@H]4[C@@]5(C)CCC(NCCO)C(C)(C)[C@@H]5CC[C@]43C)[C@@H]12
CHEMBL4762714,COc1ccc(-c2cnc3cnc(-c4cccc(CO)c4)cn23)cc1
CHEMBL4095705,CC1(C)Oc2cc(Br)ccc2-c2[nH]c(-c3c(Br)cccc3Br)nc21
CHEMBL2322015,C=C(c1ccccc1)[C@H]1OOC2(CCCC2)O[C@@H]1c1ccccc1
CHEMBL3092324,CS(=O)(=O)CCNC(=O)Nc1cc2c(Nc3ccc(F)c(Cl)c3)ncnc2cc1O[C@H]1CCOC1
CHEMBL1606446,CN(C)S(=O)(=O)c1cc(C(=O)O)c(NC2CCCCC2)cc1Cl
CHEMBL1890264,CC(=O)Nc1ccc(OCc2ccccc2)cc1[N+](=O)[O-]
CHEMBL1089284,CN1CCN(CC(O)Cn2nc(-c3ccc(C(F)(F)F)c(SCCN4CCCCC4)c3)c3c2CCN(S(C)(=O)=O)C3)CC1
CHEMBL5095690,Cn1c(=O)n([C@@H]2O[C@H](COP(=O)(O)CP(=O)(O)O)[C@@H](O)[C@H]2O)cc/c1=N/OCc1ccc(C(=O)NCCN)cc1
CHEMBL5017903,Nc1ccc(Oc2ncnc3nc[nH]c23)cc1
CHEMBL1892512,Nc1n[nH]c(SCC(=O)Nc2ccc(Cl)c(S(=O)(=O)N3CCOCC3)c2)n1
CHEMBL1087918,N#C/C(C(=O)N1NC(=O)C2C3c4ccccc4C(c4ccccc43)C2C1=O)=C1\SCCCN1c1ccccc1
CHEMBL3753771,Cc1cnc(NC(=O)c2ccoc2C)s1
CHEMBL23383,Cc1ccc(C)c(NCc2cnc3nc(N)nc(N)c3c2C)c1
CHEMBL2413106,CCNC(=O)[C@H]1O[C@@H](n2cnc3c(NCCCCCCCCNS(=O)(=O)c4cccc5c(N(C)C)cccc45)ncnc32)[C@H](C)[C@@H]1C
CHEMBL2442054,O=C(Cn1nnc2ccccc21)N(Cc1ccsc1)c1ccc(-c2ccncc2)cc1
CHEMBL2087368,CCCC(=O)O[C@@H]1[C@H](OC(=O)CCC)[C@@H](CNC(=O)NC)O[C@H]1n1cnc2c(NC(=O)Nc3ccccc3)ncnc21
CHEMBL4080740,O=C(COc1ccc(C(=O)Nc2ccc(Br)cc2)cc1)NCc1ccc(OP(=O)(O)O)c(OP(=O)(O)O)c1
CHEMBL1337351,CCOC(=O)c1nn(-c2ccc(C)c(Cl)c2)c(=O)c(C#N)c1C
CHEMBL5207694,Cc1cc(Cl)cc2c1OCC(=O)NC2C(=O)Nc1ccc([N+](=O)[O-])cc1
CHEMBL156367,COC(=O)CC(CCc1cccc(C(=N)N)c1)c1cccc(C(=N)N)c1
CHEMBL3547662,CCOc1ccc(-c2nc(NC(=O)[C@H]3CCCN3)sc2-c2cc(OC)c(OC)c(OC)c2)cc1
CHEMBL119791,CCC(Cc1ccc(OC)c(C(=O)NCc2ccc(-c3ccccc3)cc2)c1)C(=O)O
CHEMBL1999828,CC(=O)NNc1nc(C)c(C(=O)NNC(=O)C(=O)Nc2c(C)cccc2C(C)(C)C)s1
CHEMBL4441273,CCc1ccc(NC(=O)CSc2nnc(-c3cc(OC)c(OC)c(OC)c3)[nH]2)cc1
CHEMBL594002,O=C(O)c1cn(Cc2ccc(OC(F)(F)F)cc2)c2cccc(F)c2c1=O
CHEMBL1762057,CC1(C)CC(=O)C2=C(C1)N(NC(=O)c1ccncc1)C1=C(C(=O)CC(C)(C)C1)C2c1ccc(C(F)(F)F)cc1
CHEMBL1626581,C/N=C(/N/N=C/c1ccc(-c2cn3ccccc3[n+]2C)cc1)SC
CHEMBL137251,C[S+](C)CCC(=O)/C=C/c1ccccc1.[I-]
CHEMBL2032330,Cc1nnn(-c2ccccc2)c1C(=O)N1CCN(c2ccc([N+](=O)[O-])cc2Cl)CC1
CHEMBL1557525,O=c1oc(C2(O)CCCCC2)cc2ccc(Br)cc12
CHEMBL4095725,C[n+]1cccc2ccc(N)cc21.[I-]
CHEMBL4164389,C=C1C(=O)O[C@@H]2[C@H]3O[C@]3(C)CC/C=C(/COC(=O)c3ccc4[nH]ccc4c3)CC[C@@H]12
CHEMBL1766796,CC(C)(C)S(=O)(=O)c1ccc(-c2cnc(N)c(C(=O)Nc3ccccc3)n2)cc1
CHEMBL163142,CN1c2cc3c(cc2[C@H]2CCCC(C)(C)[C@H]21)c(C(F)(F)F)cc(=O)n3C
CHEMBL1312806,CN(CC(=O)NC1CCN(Cc2ccccc2)CC1)S(=O)(=O)c1ccc2c(c1)c(=O)n(C)c(=O)n2C
CHEMBL4742306,CCCC(=O)c1cccc(-c2ccc(OC)c3nc(C4CC4)nn23)c1
CHEMBL3478971,O=C(c1n[nH]c2c1CCC2)N1CCCC1c1nc(-c2ccccc2)no1
CHEMBL5078829,Cc1ccc(S(=O)(=O)N2Cc3ccccc3-c3sc(Br)cc32)cc1
CHEMBL4756468,O=C(NCCN1CCCC1)c1cc(NCCCN2CCOCC2)nc2ccc(F)cc12
CHEMBL398762,Nc1ccc2nc(N3CCN(C(=O)Nc4ccccc4C(=O)O)CC3)cnc2c1
CHEMBL4569901,Cc1c(C(=O)N2CCCCC2)sc2nc(-c3ccc(Cl)cc3)nn12
CHEMBL4559016,CCON=C1CC(CN2CCN(c3nc(=O)c4cc(C(F)(F)F)cc([N+](=O)[O-])c4s3)CC2)C1
CHEMBL4085468,CCCSc1nc(Sc2ccc(Cl)cc2)c2nnn(CCO)c2n1
CHEMBL152512,CC(C)C[C@@H]1NC(=O)[C@@H](CC(C)C)NC(=O)CCNC(=O)[C@H](Cc2ccccc2)N(C)C(=O)[C@H](CC(C)C)OC1=O
CHEMBL110841,CCCCC(C)CC(C)C(=O)N(C)[C@@H](CC(C)C)C(=O)N[C@H](C(=O)N(C)[C@H](C(=O)N1CCC[C@H]1C(=O)N1C(=O)C=CC1C)C(C)C)C(C)OC(C)=O
CHEMBL1323413,CCOC(=O)C1(Cc2cccc(OC)c2)CCN(Cc2ccc(OC)c(OC)c2)CC1
CHEMBL2398629,CCOC(=O)[C@@H]1CS[C@]2(N1)C(=O)N(C1CCCCC1)c1ccc(Br)cc12
CHEMBL4635292,CC(C)Oc1cc(N2CCOCC2)nc2c(-c3cccc(C(N)=O)c3)nccc12
CHEMBL3417189,O=C(CCCCCCC(=O)N1C/C=C/CCOc2cccc(c2)-c2ccnc(n2)Nc2cccc(c2)C1)NO
CHEMBL1866790,O=C(NN=Cc1ccc(Cl)cc1Cl)c1ccccc1
CHEMBL325298,Cc1ccc(-c2c(Cl)ncn2-c2ccc(S(C)(=O)=O)cc2)cc1F
CHEMBL5280665,CCN(CC)CCN1C(=O)c2cccc3cc(-n4cc(-c5ccccc5)nn4)cc(c23)C1=O
CHEMBL1642023,C[n+]1cccc(N(CCCCCC2CCCCC2)c2ccc(F)cc2)c1.[I-]
CHEMBL4538645,COc1ccc(C=C(C#N)C#N)cc1OC
CHEMBL3668451,COc1ccc(F)cc1-c1ccnc2[nH]c(C3CCN(C(=O)CN4CCCCC4)CC3)cc12
CHEMBL607637,O[C@@H]1[C@@H](CF)OC(n2c(Cl)nc3cc(Cl)c(Cl)cc32)[C@@H]1O
CHEMBL4095732,CNC(=O)c1ccc2c(c1)C(=O)c1ccc(Nc3cc(C(=O)NC4CC4)ccc3C)cc1CC2
CHEMBL4893290,Cn1cc(NC(=O)[C@H]2CCOC3(CCCC3)C2)c(C(N)=O)n1
CHEMBL2139340,CNc1nc(N)c([N+](=O)[O-])c(N2CCCCCC2)n1
CHEMBL3662961,Cc1cc(-c2n[nH]c3cc(NC(=O)NC4CCc5cccnc5C4)ncc23)ccn1
CHEMBL2178245,CN1C[C@H](C(=O)Nc2ccc(F)c(Cl)c2)[C@@H](c2ccc(/C=C/C(=O)Nc3ccccc3N)cc2)C1
CHEMBL555787,Br.COc1cc2c(cc1OC)CN(C)CC2
CHEMBL4211208,O=C([C@@H]1CSCN1Cc1cc(C2CC2)ccc1Cl)N1CCN(C2CC2)c2ccccc21
CHEMBL7358,Nc1nc(N)c2cc(CNC(=O)c3cccc(C(F)(F)F)c3)ccc2n1
CHEMBL1082984,Clc1nc2ccccc2c2c1nnn2Cc1ccccc1
CHEMBL202664,CC(C)=CCC/C(C)=C/[C@H]1OC(=O)C[C@]12C[C@H](OC(=O)c1cc(F)cc(F)c1)C=CC2=O
CHEMBL4528522,NCc1nnc(C2CCOC2)[nH]1
CHEMBL3142205,CC(C)S(=O)(=O)C[C@H](O)[C@H](CC1CCCCC1)NC(=O)[C@H](CO)NC(=O)[C@H](Cc1ccccc1)NC(=O)OC(C)(C)C
CHEMBL4637247,CC(C)CNc1nc(-c2ccccc2)cc2c(-c3ccc(C(=O)NC4CC4)cc3)cnn12
CHEMBL3427132,CCCCCCCCCCCCCCCCCC(=O)C1=C(O)OC(C)(C)OC1=O
CHEMBL1370390,CNc1cccc2c1C(=O)c1ccccc1C2=O
CHEMBL4227023,CN(C)c1ccc([C@@H]2[C@@H](C(=O)NCc3ccccc3CN3CCCC3=O)OCC(=O)N2c2ccc(Cc3ccncc3)cc2)cc1
CHEMBL3230777,CC[n+]1ccc(Nc2ccc(NC(=O)c3ccc(Nc4cc[n+](CC)c5ccccc45)cc3N)cc2N)cc1.[I-].[I-]
CHEMBL561900,O=C(c1ccccc1)c1c(C(=O)N2CCN(C(=O)CCl)CC2)nn(-c2ccccc2)c1-c1ccccc1
CHEMBL1829852,CC(C)COc1cc(C(=O)N[C@@H](Cc2ccc3ccccc3c2)C(=O)O)ccc1NC(=O)[C@@H](N)Cc1c[nH]cn1
CHEMBL1189002,COc1ccc(S(=O)(=O)Nn2ccc(C)c(CC(=O)NCc3ccc(N)nc3)c2=O)c(OC)c1
CHEMBL1711907,NC(=O)c1ccccc1NC(=O)CCn1c(=S)oc2ccccc21
CHEMBL1198979,c1cc[n+](CCCC[n+]2ccccc2)cc1
CHEMBL1977813,O=[N+]([O-])c1ccc(Cc2nc3ccccc3s2)cc1
CHEMBL1762260,CC(C)(C)NC(=O)NS(=O)(=O)c1cnccc1NN1CCCC1
CHEMBL3612090,CC(C)OP(=O)(N/N=C/c1ccncc1)OC(C)C
CHEMBL1539472,O=C(Nc1ccccc1)c1ccc(S(=O)(=O)N2CCC(C(=O)O)CC2)cc1
CHEMBL3085380,CCN(CC)[C@@](C)(C#Cc1ncnc2cc(OC)c(OC)cc12)CC1CCCCC1
CHEMBL5172520,OCCCOc1cccc(Nc2ncnc3c(N/N=C/c4ccc(O)cc4)ncnc23)c1
CHEMBL5421601,CC(=O)N(C)c1ccccc1C
CHEMBL1945466,CCCCCCC[n+]1c(/C=C/c2ccc(-n3cccc3)cc2)sc2ccccc21
CHEMBL5314930,O.O.O.O.O.OB1OB(O)O[B-]2(O1)OB(O)OB(O)O2.[Na+]
CHEMBL1256605,CC1(C)CCCCc2cccc3c2CN(C3)C(=O)O[C@@H]2C[C@@H](C(=O)N[C@@H]3CCCOB3O)N(C2)C(=O)[C@H](C(C)(C)C)NC(=O)OC1
CHEMBL1449066,CCN(CC)Cc1c(O)c(Cl)cc2c(C)c(C)c(=O)oc12
CHEMBL431690,c1ccc(CN[C@H]2C3CCN(CC3)[C@H]2C(c2ccccc2)c2ccccc2)cc1
CHEMBL454313,CC1(C)[C@@H](O)C[C@H]2[C@](C)(O)[C@@H]3CC[C@@H]4[C@@H](O)[C@@]3(C[C@@H](O)[C@@]21O)C[C@@]4(C)O
CHEMBL4958780,O=S1(=O)CC[C@@]2(CN(c3ncnc4ccsc34)CCO2)C1
CHEMBL5408505,CO[C@@H]1[C@@H](OC(=O)c2ccc(C)[nH]2)[C@@H](O)[C@H](Oc2ccc3c(O)c(NC(=O)CCN(C)C)c(=O)oc3c2C)OC1(C)C
CHEMBL285268,C=C1/C(=C\C=C2/CCCC3(C)C2CCC3[C@H](C)/C=C/CC(O)(C(F)(F)F)C(F)(F)F)C[C@@H](O)C[C@@H]1O
CHEMBL1098858,CCc1cccc(CC)c1NC(=O)CN1CCCN(Cc2nc3ccccc3[nH]2)CC1
CHEMBL1915291,CCOc1cc2c(cc1OCC)C(c1ccc(Cl)cc1)=NNC(=O)C2
CHEMBL4634228,Cc1cccc(/C=C/c2cnc(Nc3cc(N4CCN(C(=O)CCCc5cn(CCOCCOCCOCCOCCNc6cccc7c6C(=O)N(C6CCC(=O)NC6=O)C7=O)nn5)CC4)nc(C)n3)s2)c1
CHEMBL267300,COc1ccc(Cl)cc1C(=O)NCCc1ccc(OC)c(S(=O)(=O)/N=C(/N)S)c1
CHEMBL1470696,Cc1ccc(Cl)c(OCC(=O)Nc2nncs2)c1
CHEMBL4938237,CCOc1cc(C2C3C(=O)N(c4ccc(Cl)cc4)C(=O)C3ON2c2ccccc2)ccc1OCc1ccccc1
CHEMBL3318526,CSc1nnc(SC2=C(O)CC(c3ccccc3)CC2=O)s1
CHEMBL1484481,OC(COc1cccc(OCC(O)CN2CCOCC2)c1)CN1CCOCC1
CHEMBL4920376,CC1(C)[C@@H](NC(=O)Nc2cnn(CC(=O)N3CCOCC3)c2)[C@@H]1c1ccccc1
CHEMBL1412480,CNC(=O)ON=C(N)Cc1csc2ccc(Cl)cc12
CHEMBL3652169,COc1ccc(CCS(C)(=O)=O)c(Nc2nc3ccccc3nc2NS(=O)(=O)c2c(C)noc2C)c1
CHEMBL256126,N#CCC1COc2cc3[nH]c(=O)cc(C(F)(F)F)c3cc2N1CC(F)(F)F
CHEMBL4764376,Cc1noc(-c2cnn(-c3ccc(NC(=O)c4c(C)noc4C)cc3)c2C(F)(F)F)n1
CHEMBL5026989,COCC1(C(=O)Nc2cc(OC)ccc2-n2cnnn2)CCC1
CHEMBL1727876,CCCn1c(N)c(N2CCCCC2)c(=O)n(CC(=O)Nc2ccc(C(C)=O)cc2)c1=O
CHEMBL543614,CCOC(=O)C1CN=C(N)NC1.Cl
CHEMBL3462853,O=C(COCC1CC1)Nc1ccn(Cc2cccc3cccnc23)n1
CHEMBL1400657,C=CCN1C(=O)NC(=O)/C(=C/c2ccc[nH]2)C1=O
CHEMBL305580,COc1cc2c(SCCN(C)C)nc3ccccc3c2c2ccccc12
CHEMBL322002,COc1ccccc1OCC1CN(Cc2ccccc2)CCO1
CHEMBL269613,CCCC[C@@H](C[C@@H](CCc1ccc(-c2ccc(SC)cc2)cc1)C(=O)N[C@H](C(=O)NC)C(C)(C)C)C(=O)O
CHEMBL1585361,Cc1cccc(N(C(=O)c2snc(C(N)=O)c2N)C(C(=O)NCc2ccccc2)c2ccncc2)c1
CHEMBL2028389,CC1(C)S[C@@H]2[C@H](NC(=O)/C=C/c3ccccc3)C(=O)N2[C@H]1C(=O)[O-].[Na+]
CHEMBL2361426,O=C(CSc1ccccn1)NC1CCCc2c1cnn2-c1ccccc1F
CHEMBL456835,C=C1[C@H](O)CC(=C/C=C/C[C@H](C)C[C@@H](C)CCCC(C)(C)O)C[C@H]1O
CHEMBL2369789,CCNC(=O)[C@@H]1CCCN1C(=O)[C@H](CCCN=C(N)N)NC(=O)[C@H](CC(C)C)NC(=O)[C@@H](CC(C)C)NC(=O)[C@H](Cc1ccc(O)cc1)NC(=O)[C@H](CO)NC(=O)Cc1cccc2ccccc12
CHEMBL2064432,Cc1nc(C(NC(=O)C(=O)NC2CCCCCC2)C2CCCCN2)sc1CO
CHEMBL4095176,C[C@H](NC(=O)c1cc(Cl)ccc1Oc1cccc(Cl)c1)c1ccc(C(=O)O)cc1
CHEMBL3445448,Cn1nc(C(=O)NCc2ccccc2C(F)(F)F)c2c1CCS(=O)(=O)C2
CHEMBL1396185,COc1ccc(NC(=O)c2c(-c3ccc(C)cc3)nnc3ccccc23)cc1OC
CHEMBL1713641,CCN(CC)c1ccc(S(=O)(=O)N2CCOCC2)cc1NC(=O)CNCc1cccc(Cl)c1
CHEMBL1720709,CCOc1ccc2nc(NC(=O)CN3CCOCC3)sc2c1
CHEMBL1444542,CSc1nccc(-c2nn(-c3ccc(C)cc3)ccc2=O)n1
CHEMBL4968704,CCCN(CC1CC1)C(=O)Nc1cccc(-c2nnc(C)s2)c1
CHEMBL1995509,O=[N+]([O-])c1ccc2c(c1)S(=O)(=O)N1Cc3ccccc3CCN21
CHEMBL3504124,COCC1CC2(CCN(Cc3ccco3)CC2)CN1C(C)C.O=C(O)C(F)(F)F.O=C(O)C(F)(F)F
CHEMBL2071523,O=C1OC(O)C(c2cccc(C(=O)NCc3ccccc3)c2)=C1Br
CHEMBL5207804,CC(C)CN(C[C@@H](O)[C@H](Cc1ccccc1)NC(=O)OC[C@H]1CNCCO1)S(=O)(=O)c1ccc(N)cc1
CHEMBL382367,CCOCC(=O)N1CCN(C2c3ccc(Cl)cc3CCc3cc(Br)cnc32)CC1C(=O)NCc1cccnc1
CHEMBL221527,Oc1ccc(CN2CCCNCCNCCCNCC2)c2cccnc12
CHEMBL4518462,C=CCOc1cc(C)cc(C(=O)NNS(=O)(=O)c2ccccc2F)c1
CHEMBL173786,C=CCCC(=O)NCCc1ccc(S(=O)(=O)N2CCN(C3CCCCC3)C2=N)cc1
CHEMBL3900288,Cc1c(N(Cc2cccc(OC(F)(F)F)c2)S(=O)(=O)CCCO)sc2ccccc12
CHEMBL5016796,C[C@H]1CN(C(=O)c2ccnc3[nH]c(CC4CC4)nc23)C2(CCC2)CO1
CHEMBL3923433,COC1CCN(c2cccc3c2CCN(C(=O)C2CC4(CCNCC4)C2)C3C(=O)Nc2ccc(C(=O)O)cc2)CC1
CHEMBL2139008,CCNC(=O)C1CCCN(C(=O)c2c(-c3ccccc3)noc2C)CC1
CHEMBL2358396,O=C(c1cc(C2CC2)nn1-c1ccccc1)N1CCN(S(=O)(=O)c2ccc(F)cc2)CC1
CHEMBL3696447,CC(C)[C@H](CO)NCc1nc(C#CCCC2CCCCC2)ccc1F
CHEMBL1651221,O=C(O)c1cc(-c2cccc(COc3ccc4c(c3)CCN(C3CCCC3)C4=O)c2)ccc1Cl
CHEMBL3237421,Clc1cccc(Cc2noc(-c3sc4ccccc4c3OC3CCNCC3)n2)c1
CHEMBL2298677,COC(=O)/N=C(/N)c1cc(=O)oc2ccccc12
CHEMBL3500770,CC(C)CNC(=O)[C@H]1CCS(=O)(=O)[C@@H]2CN(Cc3cccc(Cl)c3)C[C@H]12.O=C(O)C(F)(F)F
CHEMBL259629,O=c1[nH]c(OCc2ccccc2)ccc1Cc1ccccc1
CHEMBL2238506,COc1cccc(CC(=O)NNC(=O)Nc2ccccc2OC)c1
CHEMBL4793193,O=C(Cn1c(CCNC(=O)c2ccncc2)nc2ccccc21)Nc1ccc2c(c1)CCC2
CHEMBL551111,OCCN1CCCCC1C1C[C@@H]2CC[C@@H](C1)N2C(c1ccccc1Cl)c1ccccc1Cl
CHEMBL4952596,CCc1nccn1CCC(=O)NCC1CCN(C(=O)c2nccnc2O)CC1
CHEMBL3464138,Cc1cc(CNc2ccc3nc(C4CC4)sc3c2)no1
CHEMBL435039,c1ccc(CNC23CCCCC2Cc2ccsc23)cc1
CHEMBL1325898,CN(C(=O)CSc1nc2ccccc2n1CCc1ccccc1)C1CCS(=O)(=O)C1
CHEMBL3309296,O=C(CCCCCCS(=O)(=O)Nc1ccc2c(c1)CCC(=O)N2)NO
CHEMBL2313547,N#Cc1cnc(C#N)c(NCc2cccc([N+](=O)[O-])c2)n1
CHEMBL2138513,Cc1ccc(S(=O)(=O)N[C@@H](C)CO)cc1
CHEMBL3984901,CCOc1cc(C2=NN(C3CCN(C(=O)CN4C(=O)CCC4=O)CC3)C(=O)C2(C)C)ccc1OC
CHEMBL3900983,O=C(c1cncc2[nH]ccc12)N1CCC(F)(F)[C@@H](Oc2ccc3ccccc3n2)C1
CHEMBL4919693,O=C(c1ccccc1F)N(CCN1CCOCC1)C[C@H]1CN(Cc2c(F)cccc2F)CCO1
CHEMBL1187027,O=C(/C=C/c1ccc(Cl)c(Cl)c1)NCCNCCNC(=O)/C=C/c1ccc(Cl)c(Cl)c1
CHEMBL1573493,CC(C)=NN1C(c2nonc2N)=NOC1(C)C
CHEMBL48802,C[S+]([O-])CCCCN=C=S
CHEMBL1983783,Br.CC(=O)/C(=C\c1ccc(Cl)c(Cl)c1)C(=O)C(C)CN(C)C
CHEMBL309288,O=C1NC(=O)C2(CCOc3c(Cl)cc(Cl)cc32)N1
CHEMBL5170600,C=CCCCCCCCCCOC(=O)c1cc2c([nH]c3ccccc32)c(-c2ccc(OC)cc2)n1
CHEMBL1342614,CCCCn1c(S)nnc1-c1csc2ccccc12
CHEMBL1419259,CCCn1c(=N)c(C(=O)NCC2CCCO2)cc2c(=O)n3cccc(C)c3nc21
CHEMBL3651114,COc1ccc(CN[C@H]2CC2c2ccccc2)cn1
CHEMBL80327,O=C(Nc1ccc(Cl)cc1)NS(=O)(=O)c1ccc(Oc2ccccc2)cc1
CHEMBL1876146,Nc1ncc(Br)cc1S(=O)(=O)Nc1ccccc1F
CHEMBL2177900,Oc1ccccc1-c1nc2cnccn2c1NC1CCCCC1
CHEMBL2443358,COCO[C@@H](c1ccccc1)[C@H](Cn1ccnn1)c1ccc(Br)cc1
CHEMBL543031,C#C/C(C)=C\COC(=O)C1CN=CNC1.Cl
CHEMBL2144732,C[C@@H]1CN([C@@H](C)CO)C(=O)c2cccc(NC(=O)Nc3ccc(C(F)(F)F)cc3)c2O[C@@H]1CN(C)S(=O)(=O)c1ccc(F)cc1
CHEMBL4243597,O=C1NN=C(c2cccs2)CC1c1ccccc1
CHEMBL381106,N/C(=N/O)c1ccc2[nH]c(-c3cccc(-c4ccccc4O)c3O)cc2c1
CHEMBL399269,CCOC(=O)C1=C(c2ccccc2)c2ccc(OC)cc2/C1=[N+](\[O-])CC
CHEMBL3659865,CCOc1ccc(N2CC(Oc3ccc([C@H](C)NC(=O)c4cncs4)cc3)C2)cc1
CHEMBL2220523,CCN(CC)c1ccc2c(-c3ccccc3C(=O)OCCCF)c3ccc(=[N+](CC)CC)cc-3oc2c1
CHEMBL109836,O=S(=O)(CCCNCCc1ccc(O)c2nc(O)sc12)CCOCCCc1ccccc1
CHEMBL565214,O=C(c1ccccc1Br)n1ccnc1-c1ccc(Cl)cc1
CHEMBL338804,Cc1cn([C@@H]2C[Se][C@@H](CO)O2)c(=O)[nH]c1=O
CHEMBL273613,Cc1ccc(C2(O)OC(=O)C(c3ccc4c(c3)OCO4)=C2Cc2ccccc2)cc1
CHEMBL4743642,O=S(=O)(c1ccccc1Cl)n1cnc2c(Cl)nc(Cl)nc21
CHEMBL1891837,COCCC(=O)Nc1ccc2c(c1)CN(C(=O)CCSC)CC2
CHEMBL1644150,CC(/C=C/C(=O)NO)=C\C(C)Oc1cccc(-c2ccccc2)c1
CHEMBL1341494,CC(=O)Nc1ccc(C(=O)OCC(=O)c2cccc([N+](=O)[O-])c2)cc1
CHEMBL3551587,Cn1ccc(C(=O)NC2CCC23CCN(Cc2ccc(F)cc2)CC3)c1
CHEMBL266506,CC(C)[C@H](NC(=O)[C@H](CC(=O)O)NC(=O)[C@@H](NC(=O)[C@@H]1CCCN1C(=O)[C@@H](NC(=O)[C@@H](N)Cc1ccccc1)C(C)C)[C@@H](C)O)C(=O)NCC(=O)N[C@@H](CO)C(=O)N[C@@H](CCC(=O)O)C(=O)N[C@@H](C)C(=O)N[C@@H](Cc1ccccc1)C(=O)O
CHEMBL4279056,CS(=O)(=O)N1CCC(NC(=O)CC(NC(N)=O)c2ccccc2F)CC1
CHEMBL360487,CC(C)c1ccccc1Sc1ccc(-c2coc(N3CCOCC3)n2)cc1C(F)(F)F
CHEMBL1548773,CN1CCN(C(=O)c2ccc(/C=C3\Sc4ccccc4N(Cc4ccccc4F)C3=O)cc2)CC1
CHEMBL499099,Cc1cc(O)cc(C)c1C[C@H](N)C(=O)N1Cc2ccccc2C[C@H]1C(=O)N[C@H](CC(=O)O)c1nc2ccccc2n1C
CHEMBL3409632,CC(=O)O[C@H]1CC[C@]2(C)[C@H]3CC=C4[C@@H]5[C@@H](C)[C@H](C)CC[C@]5(C(=O)NCCCN5CCOCC5)CC[C@@]4(C)[C@]3(C)CC[C@H]2C1(C)C
CHEMBL1428437,CC(C)(C)OC(=O)NCCCC[C@H](NC(=O)c1[nH]cnc1C(=O)Nc1ccc(CNC(=O)OC(C)(C)C)cc1)C(=O)OC(C)(C)C
CHEMBL5172061,CCOc1cc(C2CC(=O)Nc3nc(N)[nH]c(=O)c32)ccc1OC
CHEMBL1326534,COc1cc(C2C(C#N)=C(N)Oc3[nH]nc(C)c32)cc2c1OCO2
CHEMBL4800293,COc1ccc2cc(C(=O)Nc3ccn([C@@H]4O[C@H](CO)[C@@H](O)C4(F)F)c(=O)n3)ccc2c1
CHEMBL1927054,Clc1ccc2c(c1)C=C(/C=C/Cc1ccccc1)CO2
CHEMBL3467050,CCOCCC(=O)N(C)c1ccc(F)c(Cl)c1
CHEMBL1572676,O=C(NCc1ccc(F)cc1)c1cc2c(s1)-c1ccccc1SC2
CHEMBL5425048,COc1nnc(NC(=O)c2ccc([N+](=O)[O-])cc2-c2cc(Cl)ncc2OC)s1
CHEMBL213282,CC/N=c1/cc2oc3cc(N(CC)CC)ccc3nc-2c2ccccc12.Cl
CHEMBL4642182,CCn1c(-n2cc(/C=N/N=c3\scc(-c4ccc(Br)cc4)n3-c3ccccc3)c(-c3ccc(OC)cc3)n2)nc2c1c(=O)n(C)c(=O)n2C
CHEMBL1490533,COC(=O)[C@@]1(O)C[C@@H]2O[C@@]1(C)n1c3ccccc3c3c4c(c5c6ccccc6n2c5c31)C(=O)NC4
CHEMBL1876889,C=CCC(O)(C#Cc1ccccc1)c1ccccc1
CHEMBL5281699,CN1CCc2c(c3ccccc3n2Cc2ccccc2C(=O)NCCO[N+](=O)[O-])C1
CHEMBL3213425,CC(Oc1ccccc1)c1ccnc2nc(/N=C/N(C)C)nn12
CHEMBL3947468,COCOc1cc(OC2CCN(C)CC2)ccc1-c1ccc(NC(=O)c2ccc(OC)c(-c3cccc(OC)c3)c2)cc1
CHEMBL4073264,Cn1nnc(/C=C/c2ccc(C3(C)c4ccc(O)cc4CCN3c3ccc(F)cc3)cc2)n1
CHEMBL5027343,COCCC1(CNC(=O)N[C@@H](C)c2nc(C)cs2)CCCC1
CHEMBL109891,Oc1nc2cccc(CCNCCCCCCNCCc3ccc(O)c4nc(O)sc34)c2s1
CHEMBL2179548,O=C(c1occc1Br)N1CC2CNCC(C2)C1
CHEMBL522580,CN1CCC(OC2c3ccccc3CCc3ccccc32)CC1
CHEMBL4302725,CS(=O)(=O)c1ccc2c(c1)C(NCCOc1cc(F)ccc1F)CCS2(=O)=O
CHEMBL2018410,COc1ccc(CSc2nnc(-c3ccc(C)cc3O)o2)cc1
CHEMBL3647475,CC(=O)n1ccc2cc(NC(=O)c3cc4c(C)nn(C5CCCCC5)c4s3)ccc21
CHEMBL1075857,O=C(Nc1ccc(F)cc1)c1ccc(C(F)(F)P(=O)(O)O)cc1
CHEMBL1512432,COC(=O)C/C=C\[C@@H](C)[C@@H](/C=N\OC[C@@H]1O[C@H](c2ccccc2)C=C[C@@H]1Oc1ccc(OC)cc1)OC
CHEMBL2419090,O=C(OC1CSSC1)c1cc2ccccc2[nH]1
CHEMBL3482021,CSCCC1c2nc[nH]c2CCN1Cc1cncn1C
CHEMBL1412343,Cc1ccccc1NC(=O)CCS(=O)(=O)c1ccc(Br)s1
CHEMBL446512,Nc1cccc(-c2cc(C(=O)NCCCCC(=O)NO)no2)c1
CHEMBL3982001,CC(C)c1c(N(CCC2CC2)S(=O)(=O)c2ccccc2)sc2ccccc12
CHEMBL1373221,O=C(CCCO)CCCCCCCCC[C@H]1N[C@H](CO)[C@@H](O)[C@@H]1O
CHEMBL2005509,CNC(=O)NC1CCC(Nc2nc(Cl)cc(-c3c[nH]c4ncccc34)n2)CC1
CHEMBL497052,Cc1cccc(OCc2nn3c(-c4ccccc4Cl)nnc3s2)c1
CHEMBL3639529,CC1(C)CCC(CN2CCN(c3ccc(C(=O)NS(=O)(=O)c4cnc(OCC5COCCO5)c(Br)c4)c(Oc4cc5cc[nH]c5cc4F)c3)CC2)=C(c2ccc(Cl)cc2)C1
CHEMBL4127468,COc1cc(CCCOC(=O)C[C@H]2O[C@@H]3O[C@@]4(C)CC[C@H]5[C@H](C)CC[C@@H]([C@H]2C)[C@@]35OO4)cc2cc(-c3ccc4c(c3)OCO4)oc12
CHEMBL3559488,COC(=O)C1=CO[C@@H](C)[C@H]2C[n+]3ccc4c([nH]c5ccccc54)c3C[C@H]12
CHEMBL315341,CCCCCCNC(=O)CCCn1cc(Cc2cncnc2)c(=O)nc1SCc1ccc(F)cc1
CHEMBL2228500,CCc1cccc(CC)c1/N=N/C(=C1/NCCN1Cc1cnc(Cl)s1)[N+](=O)[O-]
CHEMBL371463,C[C@H]1CCC[C@H](O)CCC/C=C/c2cc(O)cc(O)c2C(=O)O1
CHEMBL1403116,COc1ccc(C(=O)CSc2nnc(Cn3nnc4ccccc43)n2C)cc1
CHEMBL2002316,O=C(O)Cc1ccccc1CCc1ccccc1Cl
CHEMBL3774904,COc1cc2ncnc(Nc3cc(O)ccc3F)c2cc1OC
CHEMBL5499568,Clc1cccc(Cn2ccc3c(C4=CCNCC4)nc4ccccc4c32)c1
CHEMBL3273792,CCCCCCCCCCCCCCCOc1ccc(C(=O)OC)cc1
CHEMBL208583,CCCOc1ncc(C(C)=O)cc1-c1nc(O)c2nn(C3CN(C(C)C)C3)c(CC)c2n1
CHEMBL1303367,CCn1ccc(C(=O)Nc2ccc(S(=O)(=O)Nc3ccccc3OC)cc2)n1
CHEMBL1397202,CCC(O)c1ccccc1
CHEMBL4803581,Nc1nccc(-c2ccccc2NC(=O)c2cc(Br)cc(Br)c2)n1
CHEMBL4513930,CC[C@H]1c2c(ccc3ccccc23)OC[C@@]1(C)N
CHEMBL495226,COC(=O)c1ccc(NC(C)=O)cc1OC1CCCC1
CHEMBL1726935,CC(=O)NC(CC(=O)OCC(=O)N1c2ccccc2NC(=O)C1(C)C)c1ccccc1
CHEMBL4551173,O=C(CNC(=O)c1ccc2c(c1)OCO2)NCC1CC1
CHEMBL4465276,CC[C@H](C)[C@H](NC(=O)[C@H](CCCCN)NC(=O)[C@@H](NC(=O)[C@H](C)NC(=O)[C@@H](NC(=O)[C@@H](NC(=O)[C@H](CC(C)C)NC(=O)[C@H](CCCNC(=N)N)NC(=O)[C@@H](N)C(C)C)[C@@H](C)CC)C(C)C)C(C)C)C(=O)N[C@@H](Cc1c[nH]c2ccccc12)C(=O)N[C@@H](CCCNC(=N)N)C(=O)N[C@@H](CCCNC(=N)N)C(N)=O
CHEMBL2207244,CC[C@H](C)[C@@H](NC(=O)[C@@H](CCC(=O)O)NC(=O)[C@H](C)NC(=O)[C@H](CC(C)C)NC(=O)[C@H](N)Cc1ccccc1)C(=O)N[C@H]1CCCCNC1=O
CHEMBL84161,Cc1cccc(NC(=O)N2CCC3(CC2)NC(=O)N(Cc2cc(C(F)(F)F)cc(C(F)(F)F)c2)C3=O)c1
CHEMBL4441629,CC(C)(C)c1cc(NC(=O)Nc2ccc(-c3cn(CCN4CCNCC4)c4ncnc(N)c34)cc2)no1
CHEMBL3664504,CC[C@@H](NS(=O)(=O)c1ccc(Cn2ccc(=O)[nH]c2=O)cc1)c1ccc(F)c(OCC2CC2)c1
CHEMBL1325043,Cc1nn2cc(-c3ccccc3)nc2nc1O
CHEMBL3824156,COc1cc(-c2nn(CCN3CCC(N(C)C)CC3)c3ncnc(N)c23)ccc1CC(=O)N1CCCC1
CHEMBL515874,CN(C)c1ccc2c(-c3ccccc3)c3ccc(=[N+](C)C)cc-3[te]c2c1.[Br-]
CHEMBL4455119,CCCCCC[Si](CCCCCC)(CCCCCC)OCC1=C(C)C[C@H]([C@@H](C)[C@H]2CC[C@H]3[C@@H]4C[C@H]5O[C@]56[C@@H](O)C=CC(=O)[C@]6(C)[C@H]4CC[C@]23C)OC1=O
CHEMBL3449357,Cc1cccc(CN2CCC(C3Nc4ccccc4S(=O)(=O)N3)CC2)n1
CHEMBL1521128,CCCCOC(=O)c1c(C)oc2ccc(NS(=O)(=O)c3ccc(F)cc3C)cc12
CHEMBL1339067,CCC(C)N(C(=O)c1csnn1)C(C(=O)NC1CCCC1)c1c(F)cccc1Cl
CHEMBL4586969,CC(C)(C)C1C(C(=O)c2cc(Cl)ccc2Cl)C(c2ccccc2)N(C(=O)c2ccccc2)C1C(=O)O
CHEMBL1993673,Oc1nnnc2c1sc1ncccc12
CHEMBL1517577,CNC(=O)c1ccsc1NC(=O)c1ccc(S(=O)(=O)N2CCOCC2)cc1
CHEMBL3799638,CC(C)CS(=O)(=O)n1ccc2c(-c3ccccc3)cc(N3CCN(C)CC3)nc21
CHEMBL528380,CN1CCN(c2ccnc3ccc(NC(=O)Cc4ccc(Br)c5ccccc45)cc23)CC1
CHEMBL3480908,Cc1cc(F)cc(CN2CCCn3nc(CNS(C)(=O)=O)cc3C2)c1
CHEMBL5010387,CCCS(=O)(=O)N1CCc2c(C(=O)N(C)C)nc(C)n2CC1
CHEMBL3646242,CC(C)C(CCc1ccc2c(c1)OCCCO2)NC(=O)C1CCN(Cc2ccccc2)C1
CHEMBL3706768,CCCNc1c(C#N)c(N)cc2c1Cc1cc(O)c(O)cc1O2
CHEMBL5178810,COC(=O)N1CCc2c(OC)c(OC)c(O)c3c2[C@@H]1Cc1cc2c(cc1-3)OCO2
CHEMBL5209285,CC(C)[C@H](NC(=O)[C@H](CCCNC(=N)N)NC(=O)C[C@@H](N)CCCCN)C(=O)N[C@@H](Cc1c[nH]cn1)C(=O)N[C@@H](Cc1ccccc1)C(N)=O
CHEMBL2380692,CC(C)CCNc1ccc(-c2cnc3ccc(NC4CCN(C)C4)nn23)cn1
CHEMBL359697,COc1ccc(Oc2ccc(NC(=O)N[C@H](Cc3ccccc3)C(=O)NCCCN3CCOCC3)cc2)cc1
CHEMBL3303391,O[C@]1(c2ccccc2C(F)(F)F)CCN2C[C@@H]3c4ccccc4CCc4cccc(c43)[C@H]2C1
CHEMBL3183463,CCOC(=O)N1CCN([N+]([O-])=NOc2ccc([N+](=O)[O-])cc2[N+](=O)[O-])CC1
CHEMBL5279807,CC(C)=CCC[C@@]1(C)CC=C(CF)c2oc(C)cc2[C@@H]1/C=C/OC(=O)C=C(C)C
CHEMBL366226,Cc1ccc(N2CCN(CCNC(=O)c3ccco3)CC2)cc1
CHEMBL4593848,COc1ccc(N(c2cccc3nc(Nc4c(C)cc(Cl)cc4OC)n(C)c23)C(C)C)cc1
CHEMBL5434621,C=CCC[n+]1ccc(SCC(=O)O[C@@H]2C[C@@](C)(C=C)[C@@H](O)[C@H](C)[C@]34CCC(=O)[C@H]3[C@@]2(C)[C@H](C)CC4)cc1.[I-]
CHEMBL5310862,O=C(CN1CCCN(c2cncc(OCC3CCCC3)n2)CC1)N1CCCC1
CHEMBL3916930,NCCCCN(Cc1nccc2c3ccccc3n(CC(=O)N3CCC(N)CC3)c12)[C@H]1CCCc2cccnc21
CHEMBL5309027,CN(Cc1cc(O)c2ccccc2n1)CC1CCN(CCc2ccc(F)cc2)CC1
CHEMBL1078211,N#C/N=C(/NCCCc1c[nH]cn1)NCCc1ccccc1
CHEMBL4529939,CCCCCCCCCCCCCCCCCCSSCCOP(=O)(CO[C@H](C)Cn1cnc2c(N)ncnc21)OCCSSCCCCCCCCCCCCCCCCCC
CHEMBL4846378,O=C(O)c1cc(S(=O)(=O)N2CCCCC2)c(Cl)cc1NCc1ccco1
CHEMBL3489525,CC(C#N)CN(C)Cc1nc2c(cnn2C)c(=O)[nH]1
CHEMBL3605913,N#Cc1ncn(Cc2ccccc2Cl)c1/N=C/c1ccccc1[N+](=O)[O-]
CHEMBL4175652,Cc1cc(C)n2nc(-c3ccn4cc(-c5ccccc5)nc4n3)nc2n1
CHEMBL1379753,COc1ccc(C(=O)C2=C(O)C(=O)N(CCCN(C)C)C2c2ccccc2)cc1Cl
CHEMBL394429,Cc1cn([C@H]2C[C@H](O)[C@@H](COP(=O)(O)O)O2)c(=O)[nH]c1=O
CHEMBL3960745,Cc1cc(Nc2nccc(C(F)(F)F)n2)cc(-c2ccc(OCC3CC3)c(C(=O)O)c2)c1
CHEMBL303042,CC(=O)NC[C@H]1CN(c2ccc(/C=C(\Br)c3cccc(C(N)=O)c3)c(F)c2)C(=O)O1
CHEMBL3273190,CCCCCCCCC(=O)O[C@H]1[C@H](O)[C@H](n2ccc(N)nc2=O)O[C@@H]1CO
CHEMBL428204,CCS(=O)(=O)Nc1ccc2c(c1)N=C(c1ccc(C(=O)O)cc1)c1cc3c(cc1N2C)C(C)(C)CCC3(C)C
CHEMBL9044,O=C(O)c1cc2c3ccc(Cl)cc3nc(O)n2n1
CHEMBL4858395,CNC(=O)c1cc(C(=O)N[C@H]2CC[C@H](O)CC2)c([C@@H](C)c2cccc(C)c2)o1
CHEMBL1389402,Cc1onc(CO)c1C(=O)Nc1nccs1
CHEMBL1352472,O=C1CC(c2nc3ccccc3[nH]2)CN1c1cccc(C(F)(F)F)c1
CHEMBL3193967,Nc1nc2ccccc2n1/N=C/c1ccc2c(c1)OCO2
CHEMBL4164026,CC(C)C[C@H](NC(=O)[C@H](Cc1ccccc1)NC(=O)[C@@H](N)Cc1ccc2ccccc2c1)C(=O)N[C@@H](Cc1ccccc1)C(=O)N[C@@H](CCCNC(=N)N)C(=O)N1CCC[C@H]1C(=O)N[C@@H](CCCNC(=N)N)C(=O)N[C@@H](CC(N)=O)C(N)=O
CHEMBL1365978,Cc1onc(-c2c(Cl)cccc2Cl)c1C(=O)NC1C(=O)N2C1SC(C)(C)C2C(=O)[O-].[Na+]
CHEMBL284164,N=C(N)Nc1cccc(C(=O)Nc2ccc(/C=C/C(=O)O)c(C(=O)O)c2)c1
CHEMBL145364,CSc1ccccc1OC(C)=O
CHEMBL4436854,Cc1c(N2CCN(Cc3cccc([N+](=O)[O-])c3)CC2)c(=O)n(C[C@H](N)c2ccccc2)c(=O)n1Cc1c(F)cccc1C(F)(F)F
CHEMBL2287212,Cn1ncc(C(=O)O)c1Cl
CHEMBL4749510,c1cncc(-c2nn3c(c2-c2ccnc(Nc4ccc(N5CCOCC5)cc4)n2)COCC3)c1
CHEMBL4537695,C[C@@H]1CC[C@H]2[C@@H](C)C(OC(=O)c3c[nH]c4ccc(Cl)cc34)O[C@@H]3O[C@@]4(C)CC[C@@H]1[C@]32OO4
CHEMBL15764,Cc1c(C(=O)NC(C)C(C)C)nn(-c2ccc(Cl)cc2Cl)c1-c1ccc(Cl)cc1
CHEMBL3805626,CC(C)=N/N=C1\SCC(=O)N1Cc1ccc(F)cc1
CHEMBL5411868,COC(=O)C1=C(CN2CCN3C(=O)N(C(C)(C)CC(=O)O)C[C@@H]3C2)NC(c2nccs2)=N[C@H]1c1ccc(F)cc1Cl
CHEMBL4848096,O=C(CCCCCONC(=O)c1ccc2[nH]ccc2c1)NO
CHEMBL510288,Cn1c(Br)nc2c(N)ncnc21
CHEMBL1181896,CCCOc1ccc(Oc2nc(Oc3cccc(C(=N)N)c3)c(F)c(NC(C)CCc3ccccc3)c2F)c(C(=O)O)c1
CHEMBL2235338,NC(=S)NNC(=O)Cc1ccccc1-c1cccnc1
CHEMBL2000291,CCn1c(CSc2nc(-c3ccccc3)c(-c3ccccc3)[nH]2)n[nH]c1=S
CHEMBL4783267,CC(=O)OC[C@@]1(C)[C@@H]2CC[C@]3(C)[C@H](CC=C4[C@@H]5CC(C)(C)CC[C@]5(NC(=O)N5CCN(C)CC5)CC[C@]43C)[C@@]2(C)CC[C@@H]1O[C@@H]1OC[C@H](OC(C)=O)[C@H](OC(C)=O)[C@H]1O[C@@H]1O[C@@H](C)[C@H](OC(C)=O)[C@@H](OC(C)=O)[C@H]1OC(C)=O
CHEMBL4879201,CCCCCC(=O)O[C@@H]1[C@@]2(C(C)C)O[C@H]2[C@@H]2O[C@]23[C@]12O[C@H]2C[C@H]1C2=C(CC[C@@]13C)C(=O)OC2
CHEMBL4081777,CC[C@]1(NC(=O)c2ccc(OC)cc2)C[C@H]2CN(CCc3c([nH]c4ccccc34)[C@@](C(=O)OC)(c3cc4c(cc3OC)N(C)[C@H]3[C@@](O)(C(=O)OC)[C@H](OC(C)=O)[C@]5(CC)C=CCN6CC[C@]43[C@@H]65)C2)C1
CHEMBL3986623,Nc1cc2[nH]c(C(=O)NCc3ccc(S(=O)(=O)c4cc(F)cc(F)c4)cc3)cc2cn1
CHEMBL1975809,C=CCNC(=S)N/N=C/c1ccc(C(C)(C)C)cc1
CHEMBL1441602,Oc1ncnc2scc(-c3ccc(Br)cc3)c12
CHEMBL3108781,Cc1ccc(-c2nn3c(C)nnc3c3ccccc23)cc1S(=O)(=O)N(C)C
CHEMBL1564625,CCCC(=O)Nc1ccc(NC(=O)c2cccs2)cn1
CHEMBL5429658,Cc1ccc(NC(=O)C(C)Sc2nnc(-c3ccc(Cl)cc3)o2)cc1C
CHEMBL1611781,Cc1cc(C(=O)Cn2nc(C(=O)O)c3ccccc3c2=O)c(C)n1CCc1ccc(Cl)cc1
CHEMBL1425368,O=C(O)c1ccccc1C(=O)N1CCN(c2ccccc2)CC1
CHEMBL4795535,NC(=O)N1N=C(c2ccc(F)cc2)CC1c1cn(Cc2ccc(OCCN3CCCCC3)cc2)c2ccc(Br)cc12
CHEMBL1214258,O=C(CCc1ccccc1)N[C@@H](CO)C(=O)O
CHEMBL4081912,COC(=O)C[C@@H]1[C@H]2CCCN3CCC[C@@H](CN1Cc1ccc(F)cc1F)[C@@H]23
CHEMBL208775,c1ccc2c(-c3nc4cc(OCCCN5CCCC5)ccc4[nH]3)[nH]nc2c1
CHEMBL3628932,CCCCC(C(=O)COc1c(F)c(F)cc(F)c1F)n1cc([C@@](C)(NCc2ccncc2)C(C)C)nn1
CHEMBL572151,Cc1cn([C@@H]2O[C@H](CO[Si](C)(C)C(C)(C)C)[C@@]3(OS(=O)(=O)C=C3N)[C@H]2O[Si](C)(C)C(C)(C)C)c(=O)nc1NC(=O)[C@@H]1CCCN1C(=O)[C@@H](NC(=O)[C@@H]1CCCN1C(=O)[C@@H](N)C(C)C)C(C)C
CHEMBL1705029,NC(=O)CC(NC(=O)Cc1ccc(Br)cc1)c1ccc(NC2CCCCCCC2)c([N+](=O)[O-])c1
CHEMBL4474540,COCCN(C[C@H](C)O)[C@H](c1ccccn1)[C@@H](c1ccccn1)N1C2CCC1CC(OC)C2
CHEMBL3940592,O=C(Nc1ccc2[nH]nc(-c3ccc(F)cc3)c2c1)c1ccco1
CHEMBL2376216,CN(C)C(=O)n1nnc(-c2ccc(Oc3ccc(Cl)cc3)cc2)n1
CHEMBL16778,CN(C)CC(c1ccccc1)c1nnc2n1-c1ccc(Cl)cc1C(c1ccccc1)=NC2
CHEMBL36580,COc1cc2c(C)nccc2cc1O
CHEMBL405449,CCOC(=O)c1cn(Cc2c(F)cccc2F)c2cc(-c3ccc(NC(=O)CC)cc3)c(CN(C)Cc3ccccc3)cc2c1=O
CHEMBL4995710,CCC(=O)Nc1ccc2c(c1)C(N1CCOCC1)=Nc1ccccc1O2
CHEMBL400178,CC(C)=CCC[C@H](C)[C@@H]1CC[C@@H](C)c2c(O)cc(C(=O)O)cc21
CHEMBL498434,Cc1cccc(C)c1COc1cc(-n2ccccc2=O)cn2c(C)c(C)nc12
CHEMBL3339001,CCCN(CCC)CCCCOc1ccc(C(=O)/C=C/c2ccccc2)cc1
CHEMBL1770416,CCCCCCCCCCCCCCCC(=O)O[C@H]1CN(CCCCCn2ccc(=O)[nH]c2=O)[C@@H](CO[C@@H]2O[C@H](CN)[C@@H](O)[C@H]2O)C(=O)N[C@@H]1CO[Si](c1ccccc1)(c1ccccc1)C(C)(C)C
CHEMBL2437223,CSCCNCc1ccc(-c2ccc3ncnc(Nc4ccc(OCc5cccc(F)c5)c(Cl)c4)c3c2)o1.Cc1ccc(S(=O)(=O)O)cc1
CHEMBL1862243,CC(C)c1nccn1Cc1coc(-c2cccc3ccccc23)n1
CHEMBL492762,COc1cc(=O)n(C)c2c3c(ccc12)OCO3
CHEMBL3099980,O=C(Nc1cccc(C(F)(F)F)c1)N[C@H]1CCCC[C@@H]1Oc1ccc(C(F)(F)F)cc1
CHEMBL524135,O=C(c1cc([N+](=O)[O-])ccc1N1CCOCC1)N1CCN(c2cccc(C(F)(F)F)c2)CC1
CHEMBL345006,C/C=C/Nc1ccc2c(n1)N(CC)c1ncccc1C(=O)N2C
CHEMBL265695,CCc1nc(-c2ccco2)c2sccc2n1
CHEMBL4907574,COCCc1nsc(N2CCNC(=O)CCN(C(=O)[C@H](C)n3cncn3)CC2)n1
CHEMBL3460835,CC(C)CN1CCN(C(=O)c2cc(=O)c3ccccc3[nH]2)CC1
CHEMBL5007711,CC1CCN(C(=O)Nc2cccc(C#N)c2)CC[S+]1[O-]
CHEMBL1171791,COC(=O)c1cc(C(=O)C2CC2)n2c(Br)cccc12
CHEMBL2409072,O=C(N[C@@H](COP(=O)(O)O)CN1CCC[C@H]1C(=O)NCCc1c[nH]c2ccccc12)OCC1c2ccccc2-c2ccccc21
CHEMBL138416,Oc1ccc(-c2nnsc2-c2ccc(O)cc2)cc1
CHEMBL236851,CC(=O)c1ccc(Oc2ccc(-c3scc(-c4ccccc4Cl)c3CC(=O)N=C(N)N)cc2)cc1
CHEMBL1196982,CC(N[C@@H]1CCCC[C@H]1NS(=O)(=O)c1cccc(C(F)(F)F)c1)c1cccc2ccccc12
CHEMBL1392640,COc1ccc(OC)c(Nc2nc(-c3cccc([N+](=O)[O-])c3)nc3ccccc23)c1
CHEMBL2261278,CCNC(=O)/C(=C/c1ccc(OC)cc1)c1ccccc1
CHEMBL407228,CSCC[C@H]1NC(=O)CNC(=O)[C@@H](C(C)C)NC(=O)[C@@H](CC(N)=O)NC(=O)[C@@H](CCC(=O)O)NC(=O)[C@@H](Cc2ccc(O)cc2)NC(=O)[C@@H](CC(C)C)NC(=O)[C@@H](C)NC(=O)CSC[C@H](C(N)=O)NC(=O)[C@@H](Cc2ccc(O)cc2)NC1=O
CHEMBL5221668,C[n+]1cccc2cc(N3C(=O)c4ccc5c6c(ccc(c46)C3=O)C(=O)N(c3ccc4c(ccc[n+]4C)c3)C5=O)ccc21
CHEMBL3245303,COc1cc2cc(c1Cl)N(C)C(=O)C[C@H](OC(=O)CC(F)(F)F)[C@]1(C)O[C@H]1[C@H](C)[C@@H]1C[C@@](O)(NC(=O)O1)[C@H](OC)/C=C/C=C(\C)C2
CHEMBL1824930,Cc1c(F)cccc1Oc1c(C(=O)N2CCNCC2)c2ncccc2n1-c1ccccc1
CHEMBL183424,CC(C)(C)c1ccc(N/N=C/C(=O)NCCCCCCCNc2ccnc3cc(Cl)ccc23)cc1
CHEMBL439945,Clc1ccc2c(c1)[nH]c1c3c4ccccc4nc-3c[nH]c12
CHEMBL3298810,CCCCCCCCCCCC[N+](C)(CCCCCCCCCCCC)CCNC(=O)[C@@]1(O)[C@H](C)C[C@H]2[C@@H]3CCC4=CC(=O)C=C[C@]4(C)[C@@]3(F)[C@@H](O)C[C@@]21C.[Cl-]
CHEMBL2003727,COC1CC(OC2C(C)OC(OC3C(C)OC(OC4C(C)OC(O[C@H]5CC[C@@]6(C)C(=CC[C@]7(O)[C@@H]6C[C@@H](OC(C)=O)[C@@]6(C)[C@]7(O)CC[C@@]6(O)C(C)=O)C5)CC4OC)CC3OC)CC2OC)OC(C)C1O
CHEMBL3980317,NC(=O)c1ccc(NC2CNCCC2c2ccc(F)cc2)c2cncnc12
CHEMBL3622072,CC(C)(C#N)c1cc(Cn2cncn2)cc(Sc2ccc(OS(N)(=O)=O)c(Br)c2)c1
CHEMBL1877587,CC(=O)c1ccc(S(=O)(=O)N2CCN(c3ccnc4cc(Cl)ccc34)CC2)cc1
CHEMBL3933127,CCn1c(=O)c2cn[nH]c2c2ccc(-c3ccc(N)nc3)cc21
CHEMBL3672162,CC(C)[C@H]1COC(=O)N1c1ccnc(N[C@H](C)c2ccc(Br)cc2)n1
CHEMBL4989266,O=C(Nc1cccs1)N(CC(F)(F)F)C1CCOCC1
CHEMBL4591168,O=C(OCC(=O)C12CC3CC(CC(C3)C1)C2)c1ccc(Oc2ccc(Cl)cc2[N+](=O)[O-])cc1
CHEMBL1452116,Cc1nc(-n2nc3c(c2O)CCCC3)[nH]c(=O)c1Cc1ccccc1
CHEMBL1208324,C[C@@H]1C/C=C/CC/C=C/C(=N/OCC(=O)N2CCCCC2)Cc2cc(OP(=O)(O)O)cc(OP(=O)(O)O)c2C(=O)O1
CHEMBL3221924,O=C(O)/C(S)=C/c1ccccc1Br
CHEMBL526914,COc1ccc(NC(=O)Cc2ccc(Nc3cc(N(C)c4cccc(C)c4)ncn3)cc2)cn1
CHEMBL439887,CC[C@H](C)[C@H](NC(=O)[C@@H](NC(=O)[C@H](CC(=O)O)NC(=O)[C@H](CC(C)C)NC(=O)[C@H](CC(C)C)NC(=O)[C@H](CC(C)C)NC(=O)[C@H](CCCN=C(N)N)NC(=O)[C@H](CC(N)=O)NC(=O)[C@H](CC(N)=O)NC(=O)[C@H](C)NC(=O)[C@H](C)NC(=O)[C@H](CCC(N)=O)NC(=O)[C@H](CCC(N)=O)NC(=O)[C@H](CCCCN)NC(=O)[C@H](CCC(=O)O)NC(=O)[C@H](CCCCN)NC(=O)[C@H](CCC(=O)O)NC(=O)[C@H](CCC(N)=O)NC(=O)[C@H](CCCCN)NC(=O)[C@H](CCC(=O)O)NC(=O)[C@@H](NC(=O)[C@H](CCC(=O)O)NC(=O)[C@@H](NC(=O)[C@H](CCSC)NC(=O)[C@H](CCCCN)NC(=O)[C@H](CCCN=C(N)N)NC(=O)[C@H](CC(C)C)NC(=O)[C@H](CC(C)C)NC(=O)[C@@H](NC(=O)[C@@H](NC(=O)[C@@H]1CCCN1C(=O)[C@H](CC(C)C)NC(=O)[C@H](CC(=O)O)NC(=O)[C@@H](NC(=O)[C@H](CO)NC(=O)[C@@H](NC(=O)[C@@H]1CCCN1C(=O)[C@@H]1CCCN1C(=O)CNC(=O)[C@@H]1CCC(=O)N1)[C@@H](C)CC)[C@@H](C)CC)[C@@H](C)O)[C@@H](C)CC)[C@@H](C)CC)[C@@H](C)CC)[C@@H](C)O)C(=O)O
CHEMBL240385,C(=C\c1nc2ccc(C3=NCCN3)cc2[nH]1)\c1ccccc1.Cl
CHEMBL2139290,CCOC(=O)[C@]12CCC=C1N(Cc1ccc(Cl)cc1Cl)C(=O)[C@H](CC(=O)NCc1ccc(C)o1)C2
CHEMBL4855984,CCOC(=O)[C@@H](Cc1cn(C)c2ccccc12)NC(=O)[C@@H](N)CCSC.O=P(O)(O)O
CHEMBL1323149,COc1ccc(-c2csc(N3CCC(c4ccccc4)CC3)n2)cc1
CHEMBL1518986,Cc1ccc2oc(C(=O)Nc3ccc(S(=O)(=O)Nc4ncccn4)cc3)cc(=O)c2c1
CHEMBL1337554,Cc1cc(C(=O)Nn2c(-c3ccncc3)nc3ccccc3c2=O)ccc1[N+](=O)[O-]
CHEMBL1969762,CC(=O)N(C)c1ccc(Nc2ccnc3ccc4nn(C)nc4c23)cc1
CHEMBL1332420,CCN(CC)CCN1C(=O)C(O)=C(C(=O)c2ccc(OC(C)C)cc2)C1c1ccncc1
CHEMBL4210416,Cc1nc([N+](=O)[O-])cn1C/C(=N/OC(=O)c1ccccc1Br)c1ccc(Br)cc1
CHEMBL3248718,O=C(O)c1cc(=O)c2ccc3c(c2[nH]1)-c1ccccc1C3=O
CHEMBL258826,CCOC(=O)C1(c2ccc(OCc3ccccc3)cc2)CC1C(=O)NO
CHEMBL351269,Cc1cc(CCCCCCCOc2ccc(C(N)=O)cc2)on1
CHEMBL610825,CN(C)c1ncnc2c1c(C#N)cn2C1O[C@H](CO)[C@@H](O)[C@@]1(C)O
CHEMBL1371431,CCOc1ccc(NC(=O)c2ccc(OC)cc2)cc1
CHEMBL3747917,CC[N+]1(CC)CCN(c2cccc(OC)c2)CC1
CHEMBL494590,FC(F)(F)c1ccccc1-c1ccc(CN2CCCC(c3ccccc3)C2)cc1
CHEMBL1481077,Cc1ccc(C(=O)O)cc1-c1ccc(/C=C2/NC(=O)N(c3ccccc3)C2=O)o1
CHEMBL3191316,CC(=O)O.CC1=CC(C)C(/C=N/N=C(N)N)C(C)C1
CHEMBL43171,CCCCc1nc2ccn(Cc3ccccc3Cl)c(=O)c2n1Cc1ccc(-c2ccccc2-c2nn[nH]n2)cc1
CHEMBL1823900,CC(C)N(Cc1ccc2c(c1)C=CC(C)(C)O2)C(=O)c1cccs1
CHEMBL4061431,C#Cc1cc2c3c(cccc3c1)C(=O)N(CCN(C)C)C2=O
CHEMBL3677082,Cc1c([C@H](C)Nc2nccc(N3C(=O)OC[C@@H]3C(C)C)n2)cnn1Cc1ccccc1
CHEMBL532237,COc1ccc2nccc(NC(=O)C3CCC(NCc4cnc(SC)c([N+](=O)[O-])c4)CC3)c2n1.Cl
CHEMBL3687398,CC(C)c1c(N(Cc2ccc(OC(F)(F)F)cc2)S(=O)(=O)c2ccc(C(=O)O)cc2)ncc2ccccc12
CHEMBL582744,COc1ccc(CCN2CC[C@H](CNc3nc(-c4ccccc4)nc4ccccc34)C2)cc1S(N)(=O)=O.O=C(O)C(F)(F)F
CHEMBL3670645,O=C(c1nnc(-c2ccccc2)o1)N1CC(Oc2ccc(CN3CCCC34COC4)cc2)C1
CHEMBL78945,CC1=NC(C)=C(C(=O)OC(C)C)C(c2ccccc2[N+](=O)[O-])N1C(=O)OCCN(Cc1ccccc1)c1ccccc1
CHEMBL1873277,C[C@H](CO)N1C[C@H](C)[C@H](CN(C)C(=O)Nc2ccc(F)cc2)OCc2ccccc2-c2c(n(C)c3ccccc23)C1=O
CHEMBL1301239,Cc1ccc(-n2c(=O)c(C#N)cc3c(=O)n4ccccc4nc32)cc1C
CHEMBL5283466,CS(=O)(=O)n1cc(-c2cc(-c3cccc(O)c3)[nH]c(=S)n2)c2ccccc21
CHEMBL1320185,Cc1cc(C)cc(NC(=O)CSc2nc(N)c(NC(=O)c3ccc(Br)o3)c(O)n2)c1
CHEMBL133581,Cc1ncc2cc(-c3c(Cl)cccc3Cl)c(NC(=O)Cc3ccccc3)nc2n1
CHEMBL17219,CC(C)CCCC(C)CCCC(C)N1CCCC(O)C1
CHEMBL5190257,CCC(C)Sc1ncc2cc3cnccc3c(N)c2n1
CHEMBL28319,Nc1ccccc1O
CHEMBL2205671,CCCCCCCC(=O)NCCCC[C@H](N)C(=O)N[C@@H](CCCNC(=N)N)C(=O)N[C@@H](Cc1c[nH]c2ccccc12)C(=O)N[C@@H](CCCNC(=N)N)C(=O)N[C@@H](Cc1c[nH]c2ccccc12)C(=O)N[C@@H](CCCNC(=N)N)C(=O)N[C@@H](Cc1c[nH]c2ccccc12)C(N)=O
CHEMBL4990354,CCOc1ccc2c(c1)C=C(C(=O)NCCc1csc(C)n1)CO2
CHEMBL1182398,CCCCCCCCCCCNC(=O)OC(CC1CC[N+]2(CCCC2)CC1)CC1CC[N+]2(CCCC2)CC1
CHEMBL1623288,O=C(c1cccs1)N1CCN(Cc2cccnc2)CC1
CHEMBL1862980,COc1ccccc1N1CCN(C(c2cncnc2)c2ccc(Cl)cc2F)CC1
CHEMBL4290102,O=C1C(=O)N(CCCN2C(=O)C(=O)c3cc(Br)ccc32)c2ccc(Br)cc21
CHEMBL3740986,O=[N+]([O-])c1ccc(CN2CCN(c3ccc(N4CCOCC4)cc3)CC2)o1
CHEMBL147481,COc1ccccc1N1CCN(C2CCC(N3C(=O)[C@H]4CCCC[C@H]4C3=O)CC2)CC1
CHEMBL5432278,Cc1n[nH]c2c1[C@@H](c1ccc(F)c(F)c1)c1c(N)n[nH]c1O2
CHEMBL1470573,O=[N+]([O-])c1ccc(Nc2ccc(N3CCOCC3)cc2)c([N+](=O)[O-])c1
CHEMBL1329010,COC(=O)CN1C(=O)COc2ccc(Cl)cc21
CHEMBL285104,Oc1cccc(-n2cnc3nc4ccccc4nc32)c1
CHEMBL1605471,Cc1ccccc1NCc1cccn1-c1nnc(N2CCOCC2)s1
CHEMBL1409641,CCN1CCN(CCCNC(=O)c2cc3c(=O)n(C)c4ccccc4c3s2)CC1
CHEMBL4175079,COc1cc(/C=C2\CN(S(=O)(=O)c3ccc(NC(C)=O)cc3)C/C(=C\c3ccccc3F)C2=O)cc(OC)c1
CHEMBL4595557,O=C(O)[C@H]1O[C@@H](O[C@H]2[C@H](O)[C@@H](NS(=O)(=O)O)[C@@H](OCCNS(=O)(=O)O)O[C@@H]2COS(=O)(=O)O)[C@H](O)[C@@H](O)[C@@H]1O[C@H]1O[C@H](COS(=O)(=O)O)[C@@H](O)[C@H](O)[C@H]1NS(=O)(=O)O
CHEMBL3899032,C[C@@]1(c2sc(C(=O)NCc3ccc(F)cc3)cc2Cl)CS(=O)(=O)C2(CCCCC2)C(=N)N1
CHEMBL1427288,CC(=O)Nc1ccc(CN2CCN(Cc3ccc(C)cc3)C(CCO)C2)cc1
CHEMBL1396530,CCc1cccc(C)c1NS(=O)(=O)c1c(C(=O)N2CCCCCC2)c(C)n(C)c1C
CHEMBL2170181,CCC(=O)CCCCC[C@@H]1NC(=O)[C@H](C)N(C)C(=O)CCN(CC(C)C)C(=O)CN(Cc2ccccc2)C1=O
CHEMBL2409641,COc1ccc2nc3ccccc3c(NCc3ccccc3)c2c1
CHEMBL4279298,C=C(C)[C@@H]1CC=C(Cn2cc(COc3cccc(C4NC(=O)NC5=C4C(=O)CC(C)(C)C5)c3)nn2)CC1
CHEMBL3262446,CCS(=O)(=O)Nc1ccc2c(c1)C(NC(=S)Nc1ccc(C#N)cc1)CC(C)(C)O2
CHEMBL539152,CN(C)C(=O)c1cccc(-c2cnc3[nH]cc(-c4cccc(NC(=O)Nc5ccc(Oc6ccccc6)cc5)c4)c3c2)c1
CHEMBL3409904,CC(C)C[C@H](NC(=O)CN1CCC(CCO)CC1)C(=O)N[C@@H](CC(C)C)C(=O)N[C@@H](Cc1c[nH]c2ccccc12)C(=O)N1CCC[C@H]1COc1ccc(F)cc1
CHEMBL1714086,O=C(NC1CCCC1)C(c1ccccn1)N(Cc1ccc(F)cc1)C(=O)c1csnn1
CHEMBL4777401,CC[C@H](C)[C@H](NC(=O)[C@H](CCCNC(=N)N)NC(C)=O)C(=O)N[C@H](C(=O)N[C@@H](Cc1ccc(O)cc1)C(=O)N[C@@H](CC(=O)O)C(=O)N[C@@H](CCCNC(=N)N)C(=O)N[C@H]1CCCCNC(=O)CC[C@@H](C(=O)N[C@@H](CS)C(=O)N[C@@H](CCCNC(=N)N)C(N)=O)NC(=O)[C@H](CCSC)NC(=O)[C@H](CC(C)C)NC(=O)[C@H](Cc2ccccc2)NC1=O)[C@@H](C)CC
CHEMBL4950557,O=C(c1ccco1)N(C(=O)c1ccco1)c1ncnc2oc(-c3ccco3)c(-c3ccco3)c12
CHEMBL249818,CCCC[C@H]1OC(=O)c2ccccc21
CHEMBL1171353,COc1ccc(C(=O)c2ccccc2)cc1OC
CHEMBL331383,CCOC(=O)C(=O)C(CC)NC(=O)C(CC(C)C)NC(=O)C(CC)Oc1ccccc1
CHEMBL392681,COc1ccc2nccc(C3CN(CC4CCN(Cc5cc6ccccc6[nH]5)CC4)C(=O)O3)c2c1
CHEMBL4795124,CC(C)Oc1cc2c(=O)c3c4ccc(C#N)cc4[nH]c3n(C(C)C)c2cc1N1CCN(C)CC1
CHEMBL2419540,CSCC[C@H](NC(=O)[C@H](Cc1ccccc1)NC(=O)CNC(=O)[C@@H](C)NC(=O)[C@@H](N)Cc1ccc(O)cc1)C(=O)N1CCC[C@@H]1C(=O)N[C@@H](CC(C)C)C(=O)N[C@@H](Cc1c[nH]c2ccccc12)C(=O)OCc1cc(C(F)(F)F)cc(C(F)(F)F)c1
CHEMBL1801881,CCCCCC(=O)Nc1ccc(N2CCN(CC(O)(Cn3cncn3)c3ccc(F)cc3F)CC2)c(F)c1
CHEMBL1697946,Nn1c(C2CCC2)nc2cc(Cl)ccc2c1=O
CHEMBL1094756,C=C(C)[C@H]1Cc2c(oc3c(CC=C(C)C)c(O)c(CC=C(C)C)c(O)c3c2=O)-c2c(O)cc(O)c(O)c21
CHEMBL4117227,COc1ccc(C(=O)N(CCN)c2ccc(Cl)cc2)cc1
CHEMBL4934403,O=C(Nc1ccccc1OCc1cccc(Cl)c1)[C@H]1CC12CCNCC2
CHEMBL3444544,O=C(c1ccnnc1)N1C[C@@H](OCC2CCCC2)[C@H]2OCCC[C@H]21
CHEMBL423066,CCCCCCCc1ccc(C/C=C\[C@@H](Sc2cccc(C(=O)O)c2)[C@@H](O)CCCC(=O)O)cc1
CHEMBL1996443,O=c1[nH]nc(Cc2ccc([N+](=O)[O-])cc2)[nH]1
CHEMBL259535,Cc1ccc(NC(=O)c2ccccc2NC(=O)c2ccc(-n3ccccc3=O)cc2)nc1
CHEMBL2360955,CCN1CCN(C(=O)N[C@@H](C(=O)N[C@@H]2C(=O)N3[C@@H]2SC(C)(C)[C@H]3C(=O)[O-])c2ccccc2)C(=O)C1=O.[Na+]
CHEMBL411715,Clc1ccc(C(c2ccc(CN3CCCC3)cc2)(c2ccc(CN3CCCC3)cc2)n2ccnc2)cc1
CHEMBL4436952,CN(CC(=O)N1CCC[C@H]1C(N)=O)C(=O)CCCc1ccccc1
CHEMBL465375,CC(=O)OC[C@H]1O[C@@H](NC(=S)N/N=C(\C)c2cccc([N+](=O)[O-])c2)[C@H](OC(C)=O)[C@@H](OC(C)=O)[C@@H]1OC(C)=O
CHEMBL1584709,CCOc1ccccc1NC(=O)NNC(=O)CCc1ccc(OC)cc1
CHEMBL1899052,CCOC(=O)C1=CCN(S(=O)(=O)c2ccccc2C)C1c1cccc(Br)c1
CHEMBL110824,CC1(C)OC(=O)C(Oc2ncc(Cl)cc2Cl)=C1c1ccc(S(C)(=O)=O)cc1
CHEMBL3633252,CCN(CC)c1ccc2nc(-c3cccc4ccccc34)[nH]c(=O)c2c1
CHEMBL330614,COC(=O)CCCC/C=C(\c1ccccc1)c1cccnc1
CHEMBL1159559,O=C(OC1O[C@@H]2CC(=O)c3cc(O)c(O)c(O)c3-c3c(cc(O)c(O)c3O)C(=O)O[C@H]2[C@H](O)[C@H]1O)c1cc(O)c(O)c(O)c1
CHEMBL1409420,O=C(NCc1cccc(F)c1)c1ccc(NC(=O)c2nsc3ccccc23)cc1
CHEMBL4971963,O=C1NCCCCCN(Cc2cccnc2)[C@@H]2CN(C(=O)NC3CCCCC3)CC[C@@H]12
CHEMBL1461397,O=C(O)COc1ccc(C=NNC(=O)c2ccccc2Br)cc1
CHEMBL3467745,CN(C)c1nccc(N(C)C2CCN(CC3CCOC3)CC2)n1
CHEMBL3976842,COc1cc(-c2cnn(C)c2)ccc1Nc1ncc2ccnc(Cl)c2n1
CHEMBL38095,O=C(NCCCN1CCC(O)(c2ccccc2)CC1)C(c1ccccc1)c1ccccc1
CHEMBL2336500,CCn1c(CNc2ccc(C)cc2C)nnc1SCC(=O)c1ccc(C)cc1
CHEMBL4281624,Cc1noc(C)c1C(=O)Nc1nc(CN2CCCC(C)C2)cs1
CHEMBL3590641,CCCCCN1C(=O)/C(=C/NC2CCCCC2)C(=O)c2cc(OC)ccc21
CHEMBL1254982,COc1ccccc1-c1cccc(-c2nnc(SCCCCF)o2)c1
CHEMBL5276270,O=S(=O)(NCCO)c1ccc(-c2nnn(CC3CCCCC3)n2)cc1
CHEMBL1891610,CC[C@]12c3[nH]c4ccc(OC)cc4c3CCN1C(=O)C(CC(=O)NCCCOC)C[C@@H]2C(=O)N1CCN(C(=O)C2CC2)CC1
CHEMBL55353,CCCCN(CC)C(P(=O)(O)O)P(=O)(O)O
CHEMBL1762433,CCOC(=O)C(O)(c1c[nH]c2ccccc12)C(F)(F)F
CHEMBL2098015,Cc1n[nH]c(C)c1S(=O)(=O)Nc1ccc2c[nH]nc2c1
CHEMBL290572,COc1cccc(OC)c1OCCNCC1CO[C@@H](c2ccccc2)O1.O=C(O)C(=O)O
CHEMBL200277,CC1=COC2=C(Br)C(=O)C(=O)c3c(C)ccc1c32
CHEMBL362429,CC(C)CN(C(=O)C(C)C)c1cccc(C(Cc2ccc(NC(=O)c3c(Cl)cccc3Cl)cc2)C(=O)O)c1
CHEMBL1891834,CCC1CCC2(CC1)NC(=O)N(CC(=O)N1CCc3ccccc31)C2=O
CHEMBL2287170,CNC(=O)/C(=N/OC)c1ccccc1COc1ccc(-c2ccccc2)cc1
CHEMBL284231,CC1(C)C(=O)C2=C(OO[C@]3(C)CO[C@H]23)C(C)(C)C1=O
CHEMBL3764194,COc1cc([C@@H]2c3cc4c(cc3C[C@H]3COC(=O)[C@@H]32)OCO4)cc(OC)c1OCC(=O)Nc1ccccc1Cl
CHEMBL3272585,CC(CN)c1cnc[nH]1.Cl
CHEMBL3596893,Cn1cc(-c2cncc(-c3ccc(NC(=O)Nc4cc(C(C)(C)C)nn4C)cc3)n2)cn1
CHEMBL2413196,O=C1OCC(OCCOC(=O)c2cccc(C(F)(F)F)c2)=C1c1ccccc1
CHEMBL14135,CC(C)(C)c1ccccc1OCC1=NCCN1
CHEMBL601459,CC(C)OC(=O)C1=CN(C(=O)c2cccc(OCCCN(C)C)c2)CC(C)(C)c2c1[nH]c1ccccc21
CHEMBL1525687,NC(=O)C1(c2ccccc2)CCC(=O)N1c1ccccc1
CHEMBL1593732,Cc1ccc(CN(C(=O)COc2ccccc2[N+](=O)[O-])c2ccccn2)cc1
CHEMBL5076913,Cn1cnc(CNC(=O)C2(C)CC(c3c(-c4ccc(F)cc4)[nH]c4c(F)cc(F)cc34)C2)c1
CHEMBL4063248,c1ccc(-c2cccc3oc4ccccc4c23)cc1
CHEMBL4443469,COc1ccccc1/C=N/OCCN1CCCC(C(=O)O)C1
CHEMBL5209860,COc1ccccc1N1C(=O)CSC1c1cc(C)cc(C(=O)NCCCCc2ccccc2)c1
CHEMBL3818875,CNc1nc(C)nc(N[C@H]2CCC[C@@H](C(=O)NCc3ccc(C#N)cc3C(F)(F)F)C2)n1
CHEMBL1551549,OCCCn1c(-c2ccc(F)cc2)cs/c1=N\c1ccc(F)cc1
CHEMBL1952374,COc1ccc(C(N)=O)cc1/C=C/c1cccc(F)c1
CHEMBL1878583,COC(=O)C1=C(c2ccc(C(C)=O)cc2)C[C@@H]2CC[C@H]1N2C(=O)NCCOc1ccccc1Cl
CHEMBL412509,CC(C)NCc1ccc(C[C@@H]2NC(=O)[C@H](Cc3c[nH]c4ccccc34)NC(=O)[C@H](Cc3ccccc3)NC(=O)[C@H](NC(=O)[C@@H](N)Cc3ccc(O)cc3)CSSC[C@@H](C(=O)O)NC(=O)[C@H](Cc3ccccc3)NC(=O)[C@@H]([C@@H](C)O)NC2=O)cc1
CHEMBL1502434,COc1ccccc1-c1c(C(F)(F)F)n[nH]c1-c1ccc(O)cc1O
CHEMBL5488733,COc1ccc(Oc2nccnc2N2CCN(Cc3ccc([N+](=O)[O-])cc3)CC2)cc1OC
CHEMBL3906974,COc1ccc(CCNc2nc3cc(N(C)C)ccc3c(=O)n2C)cc1
CHEMBL3250522,C[C@]12CC[C@]3(CO3)C[C@H]1CC[C@@H]1[C@@H]2CC[C@]2(C)[C@@H](C3=CC(=O)OC3)CC[C@]12O
CHEMBL3476270,O=C(N1CCCC1)N1CCC(Nc2ccncn2)CC1
CHEMBL1083142,Cc1c(-c2ccncc2)sc2ccc(Cl)cc12
CHEMBL5193078,Cc1ccc(-c2nc3c(c(-c4ccccc4)nn3-c3ccccc3)c(-c3ccc(O)cc3)c2C#N)cc1
CHEMBL3275976,CC(C)(C(=O)O)c1ccc2c(=O)c3ccccc3ccc2c1
CHEMBL1300396,CCCCn1c(SCC(=O)Nc2ccc3c(c2)OCO3)nc2c1c(=O)n(C)c(=O)n2C
CHEMBL2420427,COCCN(CCOC)CC(=O)Nc1ccc(-c2cccc3c(=O)cc(N4CCOCC4)oc23)c2sc3ccccc3c12
CHEMBL1718374,O=C(CN(C(=O)c1csnn1)c1ccc(F)c(Cl)c1)NC1CCCCC1
CHEMBL156631,COc1ccc(CN(CCCN)Cc2ccc(OC)c(O)c2)cc1O.O=C(O)C(F)(F)F
CHEMBL3276155,C=C1C[C@H]2[C@@H]3C=C(SC#N)C4=CC(=O)CC[C@]4(C)[C@H]3CC[C@]2(C)[C@@]1(OC(C)=O)C(C)=O
CHEMBL4169644,O=S(=O)(NCCc1cccc(F)c1)c1cc(-c2cccc3c2oc2ccccc23)cc(C(F)(F)F)c1
CHEMBL1617750,O=C(C[n+]1ccc(C=NO)cc1)N(Cc1ccccc1)Cc1ccccc1
CHEMBL4747246,Oc1ccc(-c2cnn3ccc(-c4cccc(C(F)(F)F)c4)cc23)c(F)c1
CHEMBL227612,CCCCCCCCOC(=O)CCc1ccc(O)c(OC)c1
CHEMBL4294062,Fc1cccc(CN[C@H]2C[C@@H]2c2ccccc2)c1
CHEMBL1497930,O=[N+]([O-])c1cccc2ccc(/C=C/c3ccc(F)cc3)nc12
CHEMBL176222,CC[C@]1(C(=O)O)CCc2ccc(OCCCOc3ccc(C4CCC5(CC4)CC5)cc3Cl)cc2O1
CHEMBL1672173,CNC(=O)[C@H](Cc1ccccc1)NC(=O)c1nccc(O)c1O.Cl
CHEMBL349532,CCCCc1ccc(CN(Cc2ccccc2)C(C)=O)c(=O)n1Cc1ccc(-c2ccccc2-c2nn[nH]n2)cc1
CHEMBL2008249,N=C(CC(=O)Nc1ccc(Cl)cc1)Nc1ccccc1
CHEMBL1165340,CCc1ccc(C2=NN(CN3CCCC3)C(=O)CC2)cc1
CHEMBL3305141,CN1CCC[C@@H]2c3cccc(O)c3CC[C@@H]21
CHEMBL2158945,C#CCOC1=NO[C@]2(C1)C[C@H]1CC[C@@H](C2)N1C.O=C(O)/C=C/C(=O)O
CHEMBL4922929,COc1ccc(CN2C(=O)[C@@H]3C[C@@H](O)CN3C3(CN(Cc4c[nH]cn4)C3)C2=O)cc1
CHEMBL5278275,Cc1ccc(NC(=O)Cn2cc(-c3ccc4c(NC(=O)c5ccc(NC(=O)CCCCCCCC(=O)N[C@H](C(=O)N6C[C@H](O)C[C@H]6C(=O)NCc6ccc(-c7scnc7C)cc6)C(C)(C)C)cc5)n[nH]c4c3)cn2)cc1C(F)(F)F
CHEMBL3188528,CCOC(=O)CC(NC(=O)Cn1nnc(-c2ccc(C(F)(F)F)cc2)n1)c1ccc(C)cc1
CHEMBL4592392,C=C(C)[C@@H]1C[C@H]2O[C@](O)(C1)C[C@@H](OC(C)=O)C(=O)/C=C(/C)C[C@@H]1OC(=O)[C@]23O[C@@H]13
CHEMBL3040985,C=CC[N+](C)(C)CCCN(C)C(=O)CCCCCCCCCCCCC
CHEMBL4538014,CSCC[C@@H]1NC(=O)CNC(=O)[C@@H](NC(=O)[C@H](Cc2ccccc2)NC(=O)[C@H](Cc2c[nH]c3ccccc23)NC(=O)[C@H](CCCCN)NC(=O)[C@H](Cc2ccc(O)cc2)NC(=O)[C@H](CCCNC(=N)N)NC(=O)[C@H](CO)NC(C)=O)CSSC[C@@H](C(=O)N[C@H](C(=O)N[C@@H](Cc2c[nH]c3ccccc23)C(=O)N[C@H](C(=O)N[C@@H](CCCCN)C(=O)N[C@@H](Cc2ccccc2)C(N)=O)C(C)C)C(C)C)NC(=O)[C@H](CO)NC(=O)[C@@H](CCSC)NC(=O)[C@H]([C@@H](C)O)NC(=O)CNC(=O)[C@H](CCCCN)NC(=O)[C@H](CCSC)NC(=O)[C@H](CC(=O)O)NC(=O)[C@H](CCCNC(=N)N)NC1=O
CHEMBL4075821,O=C1C=CC(=O)c2c1ccc1c2c(=O)oc2ccc(Cl)cc21
CHEMBL1396251,O=C(COc1ccccc1Cl)NNC(=O)c1ccc(-n2cncn2)c([N+](=O)[O-])c1
CHEMBL18879,C=CC(C)(C)c1[nH]c2ccccc2c1C1=C(O)C(O)=C(c2c[nH]c3c(CC=C(C)C)cccc23)C(=O)C1=O
CHEMBL3659387,COc1ccc(-c2csc(-c3ccc(-c4ccccc4[N+](=O)[O-])c(C(=O)O)c3)n2)c(F)c1
CHEMBL1490172,Nc1c(C(=O)Nc2ccc([As](=O)(O)O)cc2)cnc2nnnn12
CHEMBL4888873,CC(C)[C@H](NC(=O)CCOc1ccccc1)c1ncnn1C
CHEMBL3786682,Cn1cc2c3c(c[nH]c(=O)c31)CN(c1ccccn1)c1ccc(CS(C)(=O)=O)cc1-2
CHEMBL1981999,CCCCC(C)/C=C/C(O)=C1\C(=O)O/C(=C\C(=O)O)C1=O
CHEMBL3666275,O=C(Cc1cccc(C(F)(F)F)c1)Nc1cncc(C(=O)c2cn(C(CO)CO)c3ncncc23)c1
CHEMBL1336474,COc1ccccc1C(=O)Nc1ccc(S(=O)(=O)N2CCC(C)CC2)cc1
CHEMBL3946934,CN(C)CCNS(=O)(=O)c1ccc(-n2nc(C(N)=O)c3c2-c2cc(N)ccc2CC3)cc1
CHEMBL5282811,COc1ccccc1-c1c2c(nc3c1c(=O)oc1ccccc13)CCCC2=O
CHEMBL1835561,Cc1nc2ccccc2n1Cc1ccc(C(=O)N[C@@H]2CCOC[C@@H]2C(=O)NO)s1
CHEMBL1520531,CC(=O)Nc1ccc(C(=O)NNC(=O)c2cc([N+](=O)[O-])cc([N+](=O)[O-])c2)cc1
CHEMBL3883476,CCCCCCCCCCCCNc1nc2ccccc2nc1Oc1ccc(C(=O)N[C@H](C(=O)OC)[C@H](C)CC)cc1
CHEMBL3943372,CN(C)C1(C(=O)c2cc3ccccc3n2C)CCC(c2ccccc2)(N(C)C)CC1
CHEMBL48988,O=C(OC1CCCC1Oc1ccc(O)cc1)c1cc(O)c(C(=O)c2c(O)cccc2C(=O)O)c(O)c1
CHEMBL310652,COc1cc(CNC(=O)CCCCCc2ccccc2)ccc1O
CHEMBL5307838,CN(C)C(CNC(=O)c1ccc(N2CCCC2=O)cc1)c1ccccc1
CHEMBL1364747,CCc1ccc2[nH]c3nc(SCC(=O)NNC(=O)c4ccc(C(C)(C)C)cc4)nnc3c2c1
CHEMBL3905684,CC#CC(=O)NCCOc1cccc(Nc2cc(-c3ccnc(N4CCn5c(cc6c5CC(C)(C)C6)C4=O)c3CO)cn(C)c2=O)n1
CHEMBL4637148,CC(C)c1c(C(=O)Nc2ccccc2)c(-c2cccc(OCCCc3cn(CCOCC#Cc4cccc5c4CN(C4CCC(=O)NC4=O)C5=O)nn3)c2)c(-c2ccc(F)cc2)n1CC[C@@H](O)C[C@@H](O)CC(=O)O
CHEMBL420150,C[N+]1(C)CCCCC1/C=C1/C(=O)CCc2ccccc21
CHEMBL3706897,CCc1cc2c(C(F)(F)F)cc(=O)[nH]c2cc1N
CHEMBL1243284,CNC/C=C/C(=O)Nc1cc2c(Nc3ccc(F)c(Cl)c3)c(C#N)cnc2cc1OCCF
CHEMBL524613,CN1CCCN(Cc2cccc(-c3ccc(NC(=O)c4cccc(C#N)c4)cc3)c2)CC1.O=C(O)C(F)(F)F
CHEMBL5422288,CC(C)c1onc(-c2ccccc2OC(F)(F)F)c1COc1ccc(-c2ccc(CC(=O)O)cc2)cc1
CHEMBL5271284,C=CC(=O)N1CCC[C@H](n2nc(-c3ccc(Oc4ccccc4)cc3C)c3c(N)ncnc32)C1
CHEMBL1512034,CCCCn1c(N)c(N(CC(C)C)C(=O)CSC(C)C(=O)Nc2cc(C)on2)c(=O)[nH]c1=O
CHEMBL163080,O=C(O)c1ccc(CNc2ccc([N+](=O)[O-])c(N3CCN(c4cccc(C(F)(F)F)c4)CC3)c2)cc1
CHEMBL337548,Cn1c2ccccc2c2cc[n+](C)cc21
CHEMBL1442430,COc1ccc(OC)c(CNC(=O)c2cc(=O)[nH]c3ccc(S(=O)(=O)N4CCCCC4C)cc23)c1
CHEMBL3938895,Cc1cccc(-c2nc(-c3nc4ccccc4[nH]3)c(N3CCN(C(=O)Cn4cnc5cccnc54)[C@H](C)C3)s2)c1
CHEMBL4786742,CCCS(=O)(=O)Nc1cc(-c2cc(-c3ccc(N4CCNCC4)cc3)cnc2N)ccc1OC
CHEMBL3806303,O=c1c2ccccc2c(OCCCN2CCCCC2)nn1-c1ccc(Cl)c(Cl)c1
CHEMBL1331396,COc1c2ccc(C(=O)NCCCCc3ccccc3)cc2nn1C
CHEMBL1387078,O=S(=O)(c1cccc(-c2nnco2)c1)N1CCCC1
CHEMBL2391480,O=C(CN1CCN(CCCCOc2ccc3c(-c4ccccc4)cc(=O)oc3c2)CC1)Nc1c2c(nc3ccccc13)CCCC2
CHEMBL1418094,CC1=C(Nc2c(C)cc(O)cc2O)C(=O)C=c2oc3c(c21)C(C)=C(Nc1c(C)cc(O)cc1O)C(=O)C=3
CHEMBL2335600,CCOC(=O)C1=C(C)N/C(=C/c2cc(C)n(-c3ccccc3)c2C)C1=O
CHEMBL3731085,COc1cc(OCc2cccc(OCc3cc(Br)ccc3OC)c2)c2cc(-c3cn4nc(OC)sc4n3)oc2c1
CHEMBL398036,O=S(=O)(c1cccc2ccccc12)N1CCOc2c(N3CCNCC3)cc(Cl)cc21
CHEMBL3409401,C=C1C(=O)N(c2ccccc2)N(c2ccccc2)C1CC
CHEMBL563164,O=P([O-])([O-])OCc1cc(Cl)ccc1-c1noc(-c2occc2Br)n1.[Na+].[Na+]
CHEMBL1905666,CC(O)CNC(=O)Cc1cc(O)nc(O)n1
CHEMBL4899580,O=C(NCc1cnn(CCF)c1)[C@H]1CCCN1C(=O)c1ccccc1
CHEMBL3972172,CSCC[C@H](NC(=O)[C@H](CC(C)C)NC(=O)[C@H](Cc1cnc[nH]1)NC(=O)CNC(=O)[C@@H](NC(=O)[C@H](C)NC(=O)[C@H](Cc1c[nH]c2ccccc12)NC(=O)[C@H](CCC(N)=O)N[C@@H](CO)C(=O)NC(=O)CN1CCN(C(=O)CNC(=O)[C@H](CSCNC(C)=O)NC(=O)[C@H](CO)NC(=O)CN(C)C)CC1)C(C)C)C(N)=O
CHEMBL1871507,Cc1ccccc1N1CCN(S(=O)(=O)c2nnc(NC(=O)c3ccc(F)cc3)s2)CC1
CHEMBL1098725,O=C1OC(COc2ccccc2C(F)(F)F)CN1c1ccccc1
CHEMBL2131200,CCN(c1ccccc1)S(=O)(=O)c1ccc(Cl)c(C(=O)NCc2ccco2)c1
CHEMBL70620,CSCC[C@H](NC(=O)c1ccc(NC(=O)[C@@H](N)CS)cc1)C(=O)O
CHEMBL4784800,Cl.Nc1c(C(F)(F)F)n[nH]c1-c1cccs1
CHEMBL5402453,CCn1ncc2c(NC(C)C)nc(NCC(N)c3ccccc3)nc21
CHEMBL234432,N[C@@H]1[C@@H](O)[C@H](O)[C@@H](CO)O[C@H]1O
CHEMBL1617177,C=COCCn1c(=N)n(CCC)c2ccccc21
CHEMBL3397215,CCCC(=O)O[C@@H]1[C@@H](O[C@@H]2c3cc4c(cc3[C@@H](c3cc(OC)c(OC)c(OC)c3)[C@H]3C(=O)OC[C@@H]32)OCO4)OC[C@@H](OC(=O)CCC)[C@@H]1OC(=O)CCC
CHEMBL121656,c1ccc2c(NCCCCCCCCCCNc3ccnc4ccccc34)ccnc2c1
CHEMBL528001,COc1ccc2nccc([C@@H](O)CN3CCC(NCc4ccc5c(c4)oc(=S)n5C)CC3)c2c1
CHEMBL1193532,CN(C(=O)Cc1csc2ccccc12)[C@@H]1CCCC[C@H]1N1CCCC1
CHEMBL109273,CC(C)(C)NC(=O)[C@@H]1C[C@@H]2CCCC[C@@H]2CN1C[C@@H](O)[C@H](Cc1ccccc1)NC(=O)O[C@H]1CO[C@H]2COC[C@H]21
CHEMBL4792779,C=C(CO)C(=O)Nc1ccccc1
CHEMBL1851905,O=c1c2cnc3ccccc3c2ncn1CCCN1CCN(c2ccc(-c3ncccn3)cc2)CC1
CHEMBL1348786,O=C(Nc1ccc(F)cc1)C1CC2CCC1C2
CHEMBL273988,CC(C)C[C@@H]1C(=O)N[C@H](C2Cc3ccccc3C2)C(=O)N1[C@H](C(=O)NC(C)C)c1ccccc1
CHEMBL4127138,COc1cnc2c(C(=O)Nc3ccc(F)c([C@]45CCC[C@H]4S(=O)(=O)N(C)C(=N)N5)c3)nccc2n1
CHEMBL5407281,CCCCCCCCCCCCNC(=O)[C@H](CS[C@@H]1[C@H](O)[C@@H](O)[C@H](O)[C@H]2COC(=O)N21)NC(=O)CCCCCCCCCCC
CHEMBL263832,COc1ccc2c(c1C)O[C@@H](c1ccc(O)cc1)CC2
CHEMBL279007,Cc1cc2nc(N)nn2c(-c2cccc(C(F)(F)F)c2)n1
CHEMBL3310766,c1ccc(OCc2cc3n(n2)CCCC3NCc2cccnc2)cc1
CHEMBL3444562,N#Cc1cccc(C(=O)N2CCc3ncc(Cn4cccn4)n3CC2)c1
CHEMBL1873215,COc1cccc(COC(=O)c2ccc(S(=O)(=O)N3CCC(C)CC3)cc2)c1OC
CHEMBL1996630,COCCCn1c(=O)/c(=C\c2cccc(OC)c2OC)s/c1=C(/C#N)C(=O)Nc1ccc(C(=O)O)cc1
CHEMBL4584082,O=C(Nc1cccc(S(=O)(=O)N2CCCCC2)c1)c1cn(-c2ccccc2C(F)(F)F)nn1
CHEMBL4062783,O=C(NCC(=O)N1CC(F)(F)C(F)(F)C1)Nc1ccc2cnccc2c1
CHEMBL3489628,CC(O)CN1CCN(C(=O)c2cc(Cl)cc3cccnc23)CC1
CHEMBL339392,CC[C@H]1OC(=O)[C@H](C)C(=O)[C@H](C)[C@@H](O[C@@H]2O[C@H](C)C[C@H](N(C)C)[C@H]2O)[C@](C)(OC/C=C/c2ccccc2)C[C@@H](C)C(=O)[C@H](C)[C@@H](O)[C@]1(C)O
CHEMBL3087688,Fc1cc(Nc2nnnc3ccc(Cl)nc23)ccc1Br
CHEMBL582145,Cl.Oc1ccc2ccccc2c1CNCCC1CCCCC1
CHEMBL4081007,CC(C)C[C@H](N)Cc1nc(-c2ccc(Cl)cc2)no1
CHEMBL4088857,CN1C(=O)[C@@H](NC(=O)c2nnc(Cc3ccccc3)o2)COc2ccccc21
CHEMBL4090372,CC(C)OC(=O)C1(NP(=O)(OC[C@H]2O[C@@H](c3cnc4c(N)ncnn34)[C@](C)(F)[C@@H]2O)Oc2ccccc2)CCCCC1
CHEMBL3211647,O=C1OC2(CCCCC2)OC(O)=C1/C=N/c1nccs1
CHEMBL1092940,CC(C)N(C)[C@@H]1CC[C@H](N2CC[C@H](NC(=O)c3ccccc3)C2=O)[C@H](CS(=O)(=O)c2ccccc2)C1
CHEMBL5401446,CC(C)(C)c1cnc(CSc2cnc(NC(=O)C3CCN(CCCOc4ccc5c(-c6ccccc6)cc(=O)oc5c4)CC3)s2)o1
CHEMBL1566861,COC(=O)CNC(=O)C(NC(=O)OCc1ccccc1)C(C)C
CHEMBL398280,N#Cc1cccc(CN([C@@H]2CCCCNC2=O)S(=O)(=O)c2ccc(Cl)cc2)c1
CHEMBL1565907,O=C(CCCc1nc(-c2ccccc2Cl)no1)NC1CCCCC1
CHEMBL89045,CC(C)C[C@H]1C(=O)N[C@H](C(=O)NCC(=O)N2CCC(O)CC2)CCCCNC(=O)OCCC[C@@H]1C(=O)NO
CHEMBL5012320,c1ccc2c(CCN3CCOCC34CC4)nsc2c1
CHEMBL4175288,C=C1C[C@@]23C[C@@H](O)[C@@]4(O)C([C@@H]5O[C@@H]5C4(C)C)[C@](C)(O)[C@@H]2CC[C@@H]1[C@H]3O
CHEMBL1197358,NC(=O)C[n+]1ccc(C=NO)cc1
CHEMBL559779,O=C(c1cnn2c1[nH]c(=O)c1ccccc12)N1CCCNCC1
CHEMBL64431,O=c1nc(/N=C\N2CCCCC2)ccn1C1CCC(CO)O1
CHEMBL3912843,O=C(Nc1ccc(Br)cc1)c1cc2ccccc2[nH]1
CHEMBL3660959,CN(C)CCNC(=O)c1cc2cccc(Nc3ncc4c(n3)-c3c(nn(C)c3Cc3ccccc3)CC4)c2s1
CHEMBL3673059,CCc1cc(C(=O)Nc2ccc([C@H]3CNCCO3)c(F)c2)cc(C(N)=O)n1
CHEMBL3659071,Cc1nnc(CNc2nc(N)nc(OC[C@H]3C[C@@H]3c3ccc(Cl)cn3)c2F)s1
CHEMBL2147945,CS(=O)(=O)N[C@@H](Cc1ccc(OCc2ccccc2)cc1)C(=O)O
CHEMBL4803334,O=C(Nc1cc[n+](Cc2ccccc2)cc1)c1ccc(Cl)c(Cl)c1
CHEMBL3901463,O=c1c2cn[nH]c2c2ccc(-c3cccnc3N3CCOCC3)cc2n1CC(F)(F)F
CHEMBL2031638,CC(C)=NNC1=C2C(=S)NN=C2CC(C)(C)C1
CHEMBL4846757,NS(=O)(=O)c1ccc(Cc2cn(-c3nc(C(=O)O)cs3)nc2-c2cccc(OCc3cccnc3)c2)cc1
CHEMBL3674094,Cc1nc2c(c(-c3ccn[nH]3)n1)C[C@@H](C)N(C(=O)c1cccc(C(F)(F)F)c1F)C2
CHEMBL4442850,Oc1ccc(-c2cc(-c3ccccc3C(F)(F)F)nc3c2Cc2cc(O)ccc2-3)cc1
CHEMBL22642,Cn1nc(-c2ccc(F)cc2F)n(C)c1=S
CHEMBL1979772,CC1=CCC([C@@](C)(O)CCCC(C)(C)N=C=S)CC1
CHEMBL148947,OCC(CO)OCn1cnc2c(O)n3cc(-c4ccc(O)cc4)nc3nc21
CHEMBL3138731,CSCC[C@H](NC(=O)CNC(=O)[C@H](CCCCN)NC(=O)[C@H](Cc1ccccc1)NC(=O)[C@H](CO)NC(=O)[C@@H](N)Cc1ccc(O)cc1)C(=O)N[C@@H](CC(C)C)C(=O)N[C@@H](CC(C)C)C(=O)NCC(=O)N[C@H](CCCN=C(N)N)C(=O)O
CHEMBL5427100,CO[C@H]1CC[C@H](NC(=O)c2cncc(-n3ccnc3)n2)CC1
CHEMBL518716,CN(CCOc1ccc(Br)cc1NC(=O)Cc1cccc2ccccc12)Cc1ccccc1
CHEMBL1766884,O=C(Nc1ccc(N2CC(F)(F)C2)nc1)c1nc(-c2ccccc2)oc1C(F)(F)F
CHEMBL1552247,C[S@](=N)(=O)CC[C@@H](N)C(=O)O
CHEMBL4514069,CCOc1ncc(-c2c(CO)n(Cc3ccccc3Cl)c3ccc(OC(F)(F)F)cc23)cn1
CHEMBL4282431,Cc1ccc(S(=O)(=O)NCc2cc(-c3ccc4c(c3)OCO4)no2)cc1
CHEMBL4753042,COc1cccc(-c2nnc3ccc(-c4cccc(C(C)C)c4)cn23)n1
CHEMBL3600759,COc1ccc(S(=O)(=O)Nc2ccccc2-c2cc(OC)c(OC)c(OC)c2)cc1
CHEMBL1390140,CC(C)(C)NS(=O)(=O)c1ccc2nc(NC(=O)Cc3cccs3)sc2c1
CHEMBL1434800,CC(C)c1ccc(CNc2nc(-c3ccco3)n[nH]2)cc1
CHEMBL5495203,OCc1nc2ccccc2n1CC(O)c1ccc(C(F)(F)F)cc1
CHEMBL2361175,CCn1cc(/C=C(\NC(=O)c2ccccc2)C(=O)NCCN2CCOCC2)c2ccccc21
CHEMBL4764996,O=C1NC(=S)N/C1=C\c1ccc(F)cc1
CHEMBL5484249,CN(Cc1cnn(Cc2ccccc2)c1)C(=O)c1ccc(F)cc1
CHEMBL608693,O=S(=O)(Nc1ncccn1)c1ccc(Cl)cc1
CHEMBL159400,CSCC[C@H](NC(=O)c1ccc(/C=C/n2ccnc2)cc1-c1ccccc1C)C(=O)O
CHEMBL2385450,O=C(O)[C@@H](Cc1c[nH]c2ccccc12)NS(=O)(=O)c1ccc(-c2ccc(Cl)cc2)cc1
CHEMBL3196386,Fc1ccc(CO/N=C/C2=C(Cl)c3ccccc3CC2)cc1
CHEMBL1096295,C=C1[C@H]2OC(=O)[C@H]3[C@@H]1C[C@H](O)[C@@]3(C)O2
CHEMBL235183,CC(=O)OC[C@H]1O[C@@H](NS(N)(=O)=O)C[C@@H](OC(C)=O)C1OC(C)=O
CHEMBL1612989,CCOC(=O)CC(=O)c1sc2c(c1N)c(=O)[nH]c(=O)n2-c1ccc(OC)cc1
CHEMBL4950210,Cc1ccc(C)n1-c1nc2ccc(C(=O)N[C@@H]3C=CS(=O)(=O)C3)cc2s1
CHEMBL305594,C(=C\c1c[nH]cn1)\CCc1ccccc1
CHEMBL5412270,Cc1ccc(C2=C(n3ccnc3)C(=O)N[C@@](c3ccc(OCCCC(F)(F)F)cc3)(C(F)(F)F)C2)cc1
CHEMBL478055,CCCCN(Cc1ccc(C)cc1)CC(O)(Cn1cncn1)c1ccc(F)cc1F
CHEMBL3641600,CN1CCN(C(=O)c2cc3cc(Nc4nccc(-c5cc(OC6CCCC[C@@H]6O)ccn5)n4)ccc3[nH]2)CC1
CHEMBL3127145,CS(=O)(=O)Nc1nc(-c2ccccc2)cc(=O)[nH]1
CHEMBL4797630,Cc1cccc(Oc2ccc(Nc3ncnc4ccc(NC(=O)CN5CCOCC5)cc34)cc2Cl)c1
CHEMBL217826,O=c1ccn(-c2cc3c(=O)n(O)c(=O)[nH]c3cc2Cl)cc1
CHEMBL1586007,CC(=O)Nc1nc(-c2ccc3c(c2)CCN3C(=O)C2CC2)c(C)s1
CHEMBL4445995,COC(=O)[C@H]1[C@H](C)O[C@@]2(O)[C@H](C)CC[C@@]3(C)OC(=O)C=C(C(C)C)[C@@H]3C[C@H](O)/C(C)=C/[C@H]12
CHEMBL4204765,COc1cc2c(cc1OC1CCCC1)CN(C(=O)c1ccc(Cl)cc1)CC2
CHEMBL1512488,CC(Oc1ccc(Cl)cc1Cl)C(=O)OCC(=O)c1c(N)n(C)c(=O)n(C)c1=O
CHEMBL321144,C/N=C(\S)c1[nH]cnc1N
CHEMBL3114021,COc1cccc(Nc2nccc(N(C)c3ccc4c(C)n(C)nc4c3)n2)c1
CHEMBL3357790,c1ccc(CC2CCN(C3CCc4ccccc4CC3)CC2)cc1
CHEMBL538459,CCCNC(=O)NS(=O)(=O)c1ccc(-n2nc(-c3ccc(C)cc3)ccc2=O)cc1
CHEMBL3694252,CCCCCC1CCCc2c1nc1ccccc1c2O
CHEMBL1178035,C[N+]1(CCCl)CCc2ccc([N+](=O)[O-])cc2C1
CHEMBL1580399,O=C(CSc1ccc2ccccc2c1)NCc1cccs1
CHEMBL2218509,CC(C)N1[C@H](C(=O)NCc2ccc(F)c(F)c2F)CCS1(=O)=O
CHEMBL1182052,CC(C)CN(Cc1ccccc1Cl)C1CCNCC1
CHEMBL1872544,Cc1ccc(NC(=O)NCCCl)cc1S(=O)(=O)N1CCOCC1
CHEMBL1310556,COc1ccc(-c2nc(N)ncc2-c2csc(C)n2)c(O)c1
CHEMBL240762,O=C(Nc1nccs1)c1ccc(C(=O)Nc2nccs2)cc1
CHEMBL441703,C[C@@H]1O[C@@H](O[C@H]2[C@H](O[C@H]3CO[C@@H](O[C@H]4CC[C@]5(C)[C@H]6CC[C@]78OC[C@@]9(CC[C@](C)(O)C[C@H]97)[C@H](O)C[C@@]8(C)[C@]6(C)CC[C@H]5C4(C)C)[C@H](O[C@@H]4O[C@H](CO)[C@@H](O)[C@H](O)[C@H]4O)[C@H]3O)O[C@H](CO)[C@@H](O)[C@@H]2O)[C@H](O)[C@H](O)[C@H]1O
CHEMBL5273012,C[C@@H]1CC[C@H]2[C@@H](C)C(CC(COP(=O)(O)Oc3ccccc3)CC3O[C@@H]4O[C@]5(C)CC[C@@H]6[C@@H](C)CC[C@H]([C@@H]3C)[C@]46OO5)O[C@H]3O[C@@]4(C)CC[C@@H]1[C@]32OO4
CHEMBL5191070,O=C(Nc1cccc2ccccc12)c1ccc(Cl)cc1Cl
CHEMBL486403,CC(C)[C@]12O[C@H]1[C@@H]1O[C@]13[C@]1(O[C@H]1C[C@H]1C4=C(C(=O)OC4)[C@@H](O)C[C@@]13C)[C@@H]2O
CHEMBL488840,Cc1cccc(C)c1/C=C/n1cnc2c(Nc3ccc(P(C)(C)=O)cc3)ncnc21
CHEMBL597471,COc1ccc(C(Cc2ccccc2)NC2CN3CCC2CC3)cc1.Cl.Cl
CHEMBL1381630,Oc1ccc(C(=S)N2CCCC2)cc1
CHEMBL1359563,O=C(Nc1ccccc1)Nc1ccc(NC(=O)c2ccccc2O)cc1
CHEMBL1869590,Cc1cccc(C(=O)NC(=S)NC(C)c2ccccc2)c1
CHEMBL5183954,COC(=O)c1ccc2nc(Cc3nc4c(c(=O)[nH]c(=O)n4C4CC4)n3Cc3ccccc3)[nH]c2c1
CHEMBL1473685,COc1ccc(CCN2CC(C(=O)N(C)Cc3cccnc3)CC2=O)cc1OC
CHEMBL3934797,COCc1ccc(C(C)=O)c2sc(C(=O)Nc3ccc4c(CN5CC(O)C5)cccc4n3)c(C)c12
CHEMBL3963038,O=C(N[C@H](CO)c1ccc2c(c1)OCO2)c1ccc(NC(=O)N2Cc3ccncc3C2)cc1
CHEMBL1902978,O=S(=O)([O-])C(F)(F)C(F)(F)C(F)(F)C(F)(F)C(F)(F)C(F)(F)C(F)(F)C(F)(F)F.[K+]
CHEMBL3984108,NC(=O)c1nn(-c2ccc3c(c2)OCO3)c2c1CCc1ccc(NC(=O)c3ccc(Cl)c(N)c3)cc1-2
CHEMBL3039943,CC(C)[C@H](C[C@H](O)[C@@H](N)CN1CC(=O)N(c2ccccc2Cl)CC1(C)C)C(=O)N[C@H]1C2CC3CC1C[C@](O)(C3)C2
CHEMBL5085961,Cc1ccc(N(C)C2CNC2)cc1C(=O)N[C@H](C)c1ccccc1-c1cccs1
CHEMBL3681839,NC(=O)c1cc(-c2cncnc2)cc2c1-c1ccccc1C2(O)C(F)(F)F
CHEMBL1594665,COc1ccc(C2=NOC(C(=O)Nc3cc(C)nn3-c3ccccc3)C2)cc1OC
CHEMBL1332542,CCOc1ccc(N(CC(=O)NCCCOC)S(C)(=O)=O)cc1
CHEMBL90245,OC1=C2Sc3cc(F)ccc3N=C2CC(c2ccc(Cl)cc2)C1
CHEMBL1885519,CSc1ncccc1C(=O)OCC(=O)c1ccccc1
CHEMBL4468732,Cc1ccc(NC(=O)CN(C)CC(O)(Cn2cncn2)c2ccc(F)cc2F)c(C)c1
CHEMBL4791767,C=CC(=O)N1CC=C(c2ccc(CC(=O)Nc3cc(C4CC4)[nH]n3)cn2)CC1
CHEMBL1622236,CCCC(c1nnnn1C1CCCCC1)N1CCN(C2CCCC2)CC1
CHEMBL2022517,N#C[C@@H]1CCCN1C(=O)CNC(=O)CCC(=O)NCc1ccc(F)cc1
CHEMBL2348638,CNc1nc(C)c(-c2nc(Nc3cccc(S(N)(=O)=O)c3)ncc2C)s1
CHEMBL3144268,CO[C@@H]1[C@H](OP(C)(=O)O)[C@@H](COP(C)(=O)O)O[C@H]1n1cnc2c(=O)n3ncn(C)c3nc21
CHEMBL595043,CC(C)(C)c1ccc(-c2ccn3c(CC(F)(F)F)cnc3c2C#N)cc1
CHEMBL4209584,CC(C)C[C@H](NC(=O)[C@H](CCCCN)NC(=O)[C@@H](N)Cc1ccccc1)C(=O)O
CHEMBL1818212,COCCNC(=O)c1cnc(N2CCN(Cc3ccccc3)CC2)nc1NCC(C)C
CHEMBL4920306,c1cc(-c2noc(C3CC3)n2)nc(N2CCNCC2)n1
CHEMBL87583,FC(F)(F)c1cccc(-c2nc(CCNC3CC3)c[nH]2)c1
CHEMBL5400300,O=c1ccc2cc(COC(Cn3cncn3)c3ccc(F)cc3F)ccc2o1
CHEMBL3990362,NC(=O)c1cccc([C@H]2C[C@H]3CC[C@@H](C2)N3CCCN(Cc2ccccc2)C(=O)[C@H](O)CO)c1
CHEMBL584496,C=CCSc1nnc2c(n1)[nH]c1ccc(OCC)cc12
CHEMBL1097823,CCOCCn1nc(CC)c2nc(N3CCC(C(N)=O)CC3)nc(Nc3cc(C)ccn3)c21
CHEMBL4894593,CCOC(=O)c1ncn(C2CCN(C(=O)Nc3ccc(N(C)C(C)C)c(F)c3)CC2)c1N
CHEMBL1387484,CCCN1C(=O)c2cc(C(=O)Nc3cccc(C(C)=O)c3)ccc2C1Nc1cccc(C(C)=O)c1
CHEMBL4591483,CS(=O)(=O)O[C@@H]1CN(C(=O)c2cccc(Oc3cc(CN)cc(C(F)(F)F)n3)c2)C[C@H]1F.Cl
CHEMBL3907985,Cc1ccc(C2=C(C(=O)Nc3ccc(F)cc3)C(=O)NC(c3ccc(Oc4ccncn4)cc3)(C(F)(F)F)C2)cc1
CHEMBL3664630,FC1(COc2cccc3ccc(-c4nnc5ccccn45)nc23)CCCNC1
CHEMBL5415892,CC(=O)O[C@H]1[C@@H](OC(=O)CC(C)C)[C@]2(CO2)[C@@H]2[C@H](OC(C)=O)[C@@]3(O)[C@H](/C=C(CO)\C=C/[C@H](OC(C)=O)[C@@]2(C)[C@H]1OC(C)=O)OC(=O)[C@@H]3C
CHEMBL1426950,CCOc1ccccc1C1C(C(=O)Nc2ccccc2OC)=C(C)Nc2nnnn21
CHEMBL2181610,COc1ccc(-c2c(C3CCCC3)c3ccc(C(=O)NC(C)(C)C(=O)Nc4ccc5c(c4)cc(C(=O)O)n5C)cc3n2C)nc1
CHEMBL481835,CCC(=O)C1=C(OC)C(=O)C2=C(C1=O)c1ccc(O)cc1CC2
CHEMBL3983899,CCC(C)[C@H](NC(=O)OC)C(=O)N1CCC[C@H]1c1nc(=O)c2cc(-c3ccc(-c4ccc(-c5cnc([C@@H]6CCCN6C(=O)[C@@H](NC(=O)OC)C(C)C)[nH]5)cc4)c4c3CC3(CCCCC3)C4)ccc2[nH]1
CHEMBL20954,O=C1c2ccc(CBr)cc2C(=O)c2nccnc21
CHEMBL2143207,CNC[C@@H]1Oc2cc(C#CC3CCCC3)ccc2S(=O)(=O)N([C@@H](C)CO)C[C@@H]1C
CHEMBL4986146,O=C(c1cc[nH]n1)N1[C@H]2CC[C@@H]1c1cnc(-c3ccccc3)nc1C2
CHEMBL2356298,CCOc1ccc(CCNC(=O)C2Cc3ccccc3N2C(=O)CC)cc1OCC
CHEMBL1917933,COc1ccc(Cn2ncc3c2NC(=O)CC(c2cccc(NC(=O)Nc4cccc(C(F)(F)F)c4)c2)=N3)cc1
CHEMBL97771,COc1cc2ncnc(Nc3ccc(Oc4ccccc4)cc3)c2cc1OC
CHEMBL4782818,O=c1c2ccccc2nc(SCc2nnc(S)n2-c2ccccc2)n1CCc1ccccn1
CHEMBL4854524,CC1=C(O)C(=O)C=C2C1=CC=C1[C@@]2(C)CC[C@@]2(C)[C@@H]3C[C@](C)(C(=O)OCCOc4cc(C)oc(=O)c4)CC[C@]3(C)CC[C@]12C
CHEMBL3907700,O=C1C=CC2(C=C1)CCN(C(=O)C(F)(F)F)Cc1cccc(OCc3ccccc3)c12
CHEMBL4226506,Cc1noc(C)c1S(=O)(=O)NCCO/N=C1\C[C@H]2[C@](C)(C(=O)O)CCC[C@]2(C)c2cc(Br)c(C(C)C)cc21
CHEMBL1862634,CCOc1ccc(-c2nc(Cn3ccnc3C)co2)cc1
CHEMBL4580187,C[C@@H](O)[C@@H]1NC(=O)C[C@H](O)[C@H](Cc2ccccc2)NC(=O)CCCCCCCCCCCNC1=O
CHEMBL487664,CCNC(=O)Nc1nc2cc(-c3cccnc3)cc(-c3cccnc3)c2[nH]1
CHEMBL3609855,C#CCn1c(=O)c(/C=C/C(=O)/C=C(O)/C=C/c2ccc(O)c(OC)c2)cc2cc(OC)ccc21
CHEMBL5188555,CN(Cc1cn(C2C3=C(OC2(C)C)c2ccccc2C(=O)C3=O)nn1)C1=CC(=O)c2ccccc2C1=O
CHEMBL1566793,O=C(c1cccc(S(=O)(=O)N2CCCCC2)c1)N1CCOCC1
CHEMBL275062,CC(=O)N[C@@H](Cc1ccc(OP(=O)(O)O)cc1)C(=O)N[C@@H](CCC(=O)O)C(=O)N[C@@H](CCC(N)=O)Cc1cccc2ccccc12
CHEMBL1976131,OCN(CO)c1ccc2c(c1)Cc1cc(F)ccc1-2
CHEMBL4097995,S=C(SSC(=S)N1CCO[C@H]2CCCC[C@@H]21)N1CCO[C@H]2CCCC[C@@H]21
CHEMBL3233687,O=C(/C=C/c1ccc(OC[C@H](Cc2c[nH]c3ccccc23)NC(=O)c2ccccc2)cc1)NO
CHEMBL4895539,COc1ccc(N2CCN(C(=O)CNc3ccc(OC)c(N4CCOC4=O)c3)CC2)cc1
CHEMBL543560,CC1(C)CCC(CN)(CC(=O)O)CC1.Cl
CHEMBL310785,C=C1C[C@@H](CO[C@@H]2CC[C@@]3(OC(C)=O)[C@H]4Cc5ccc(O)c6c5[C@@]3(CCN4CC3CC3)[C@H]2O6)OC1=O
CHEMBL208935,CCOC(=O)CC/C(C(=O)/C=C/C=C/c1ccc(O)c(OC)c1)=C(O)\C=C\C=C\c1ccc(O)c(OC)c1
CHEMBL3978023,CC(=O)N(CCN1[C@@H]2CC[C@H]1C[C@@H](c1cccc(C(=O)NOP(=O)(O)O)c1)C2)CC1CCC(F)(F)CC1
CHEMBL4165015,CN(C)CCOc1ccc(Nc2c(-c3ccc(F)cc3)c(=O)oc3ccccc23)cc1
CHEMBL3414678,CC(C)CCCC1(C)CCc2cc(O)cc(O)c2O1
CHEMBL5432639,[11CH3]OC(=O)c1cncn1Cc1ccccc1
CHEMBL341104,CCCCC1(CCCC)NS(=O)(=O)c2ccc(N(C)C)cc2[C@@H](c2ccc(O)cc2)[C@H]1O
CHEMBL508896,Cc1csc(C23CNCC2C3)c1
CHEMBL2237580,CCCCc1nnc(C(=O)NCc2ccccc2)n1Cc1ccc(NC(=O)c2ccccc2-c2nnn[nH]2)cc1
CHEMBL1330892,Cc1ccc(-n2nc3c(c2NC(=O)C2CCCC2)CS(=O)(=O)C3)cc1
CHEMBL5000621,Nc1nnnn1CC(=O)N[C@H]1CCOC[C@@H]1Oc1ccccn1
CHEMBL1714466,CCN(CC)S(=O)(=O)c1cccc(NC(=O)c2cncc(Br)c2)c1
CHEMBL3475305,CC(C)=CCN1C[C@H]2CC[C@@H]1CN(C(=O)CSc1ccncc1)C2
CHEMBL5313119,Cc1ccncc1N1CCN(C(=O)c2ccc(OC(F)F)nc2)CC1
CHEMBL3092280,CCCCN(c1ccccc1)S(=O)(=O)c1ccc(C(=O)O)cc1
CHEMBL576600,CCc1cccc(NC(=O)CCCn2c(=O)c3cccn3c3ccccc32)c1
CHEMBL1624414,C=CC[n+]1c2n(c3ccccc3c1=O)CCCCC2
CHEMBL4063823,Cc1cc(C)cc(S(=O)(=O)c2c(C(=O)NC3CCN(Cc4cccnc4)CC3)[nH]c3ccc(Cl)cc23)c1
CHEMBL4923980,O=C(CN(Cc1ccccn1)C1CC1)N1CCCCCC1
CHEMBL1309017,O=c1c(Cc2ccc(F)cc2)c(O)ccn1CCc1c[nH]cn1
CHEMBL4758332,CC#CC(=O)N1CCN(c2nc(=O)n(-c3c(C)ccnc3C(C)C)c3cc(-c4c(O)cccc4F)ncc23)[C@@H](C)C1
CHEMBL276587,NCCO.O=C(O)C(=O)Nc1nc(-c2ccccc2O)cs1
CHEMBL2358720,C[C@@H]1CN([C@@H](C)CO)C(=O)Cc2cc(NC(=O)Nc3ccc(C(F)(F)F)cc3)ccc2O[C@H]1CN(C)C(=O)Nc1ccc(C(F)(F)F)cc1
CHEMBL4911240,CCCc1nc(Cn2ccc([C@H](C)O)n2)cs1
CHEMBL4951212,O=C1N[C@@H](c2cccs2)Nc2ncccc21
CHEMBL1243295,O=C(NC1CCN(CCCN2C(=O)COc3ccccc32)CC1)C1CCC1
CHEMBL1378212,Cc1cc2cc(NC(=O)c3ccco3)ccc2[nH]1
CHEMBL311950,CCCCCCCCCCCCCCCC(=O)Nc1c(O)cc(S(=O)(=O)O)c2ccccc12
CHEMBL3741013,COc1ccc(C(=O)N2N=C(c3ccc(F)cc3)CC2(O)c2ccc(Cl)cc2Cl)cc1F
CHEMBL346952,CSC1=C2CCC3C4CCC(=O)C4(C)CCC3C2(C)CCC1=O
CHEMBL3666325,Cn1cc(C(=O)c2cncc(NC(=O)COc3ccccc3)c2)c2cncnc21
CHEMBL3423002,CC(=O)O.CCC(=O)N1CCC[C@H]1C(=O)NCc1ccc(C(=N)N)cc1
CHEMBL475580,Clc1ccc2c(c1)nc(-c1ccc3ccccc3c1)n2C1CCCC1
CHEMBL588026,CCOc1ccc(-c2noc(-c3ccncc3)n2)cc1OCC
CHEMBL5306793,O=C(O)C1CCCCC1C(=O)NCC1CCCCC1
CHEMBL4594183,C#CCSc1nc(Sc2nccn2C)c(C#N)c(-c2cc(OC)c(OC)c(OC)c2)n1
CHEMBL1183601,Cc1ccc(C(=O)Cn2ccc[n+]2C)cc1
CHEMBL1258790,CCOC(=O)C1=C(C)NC(=N)NC1c1cn(-c2ccccc2)nc1-c1ccc(C)cc1
CHEMBL4937325,Cc1cc(CN2CCN(C(=O)Cc3c(C)nn(C)c3C)CC2)on1
CHEMBL1344363,COc1ccc(N2C(=O)CC(Sc3nc(C)c4c(n3)CCCC4)C2=O)cc1
CHEMBL130056,Clc1ccc(-c2cc(-c3csc(N/N=C/c4ccccc4)n3)on2)c(Cl)c1
CHEMBL2017729,CN1CCN(c2cc(Nc3cc(C4CC4)[nH]n3)nc(-c3ccccc3)n2)CC1
CHEMBL5183101,Cc1ccc(NC(=O)NCC#Cc2ccc(C[C@@H](NC(=O)c3nn(C)c(C)c3Br)C(=O)O)cc2)cc1
CHEMBL2032111,COCC(=O)NC(=O)[C@@H]1CCCN1C(=O)[C@H](CC1CCCC1)CN(O)C=O
CHEMBL3450543,Oc1nc(N2CCOCC2)nc2c1CCN(Cc1cccnc1)CC2
CHEMBL4911566,O=C1CCC2(CCN(Cc3ncon3)CC2)CN1CCc1cccnc1
CHEMBL3747505,Cc1nc(-c2cnccn2)sc1C(=O)N1CCN(C2c3ccccc3-c3ccccc32)CC1
CHEMBL206587,CCn1ccn2c(-c3ccc(F)c(-c4ccc(F)cc4C#N)c3)cnc2c1=O
CHEMBL3899073,C[C@H](NC(=O)C1CC1)c1ccc(OC2CCN(c3ccc(OCC4CC4)cc3)C2)cc1
CHEMBL369237,COc1ccc(CNc2cnc(N)nc2N)cc1
CHEMBL5267009,CCc1sc(-c2csc(Nc3cc(Cl)cc(Cl)c3)n2)nc1-c1ccccc1
CHEMBL3902498,Cc1cc2ccc1[C@@H](C)COC(=O)Nc1ccc(S(=O)(=O)C3CC3)c(c1)CN(C)C(=O)[C@@H]2Nc1ccc2c(N)ncc(F)c2c1
CHEMBL1516434,Cn1cc(C2N3CC4(C)CN2CC(C)(C3)C4=O)c2ccccc21
CHEMBL4897633,C=CCC1(C(=O)Nc2ccc3c(c2)CN(C)C(=O)N3)CCC1
CHEMBL2138337,N#CC(c1ccc(N)cc1)C(CC(=O)c1ccccc1)c1ccccc1
CHEMBL2381899,CN(C)Cc1cccc(-c2ccc(NC(=O)Nc3cccnc3Oc3ccccc3C(C)(C)C)c(F)c2)c1
CHEMBL4759564,CCN1CC[C@H]2CC[C@@H](C(=O)N[C@@H](CCC(N)=O)C(=O)N[C@@H](Cc3ccc(S(=O)(=O)c4ccccc4)cc3)C(=O)N3CCC(CCC#Cc4cccc5c4CN(C4CCC(=O)NC4=O)C5=O)CC3)N2C(=O)[C@@H](NC(=O)c2cc3cc(C(F)(F)P(=O)(O)O)ccc3s2)C1
CHEMBL2419039,CC[C@@H](NC(=O)[C@@H]1CNC[C@H](N2CC(=O)N(c3ccccc3Cl)CC2(C)C)C1)c1ccc(Cl)cc1.O=C(O)/C=C/C(=O)O
CHEMBL112205,COc1cc2c(c(C(C)C)c1OC)C(=O)N(CSc1nnnn1-c1ccccc1)S2(=O)=O
CHEMBL3558886,BP(=O)(OC[C@H]1O[C@@H](n2cnc3c(N)ncnc32)[C@H](O)[C@@H]1O)OP(=O)(O)OP(=O)(O)OP(=O)(O)OP(=O)(O)OC[C@H]1O[C@@H](n2cnc3c(N)ncnc32)[C@H](O)[C@@H]1O
CHEMBL1095517,Cc1ncnc(C)c1C(=O)N1C[C@H]2CN(CC[C@H](NC(=O)C3CCCC3)c3ccccc3)C[C@H]2C1
CHEMBL4102955,CN1CCN(CCn2c3ccccc3c3nc4c(nc32)CCCC4)CC1
CHEMBL5173746,CCN(C(=O)[C@H](C)Nc1nc(C)cc(C(F)(F)F)c1C#N)c1cccc(C)c1
CHEMBL3392800,COc1cc(C(=O)Nc2nc(-c3ccccc3)cs2)ccc1NS(=O)(=O)c1ccc(C)cc1
CHEMBL1596716,O=C(NC1CC(=O)N(c2ccc(F)cc2)C1)C(=O)c1c[nH]c2ccccc12
CHEMBL2375099,C/C(=C\[C@@H](C)COCc1ccccc1)[C@H](COCc1ccccc1)OCc1ccccc1
CHEMBL2297640,CS(=O)(=O)c1ccc(Cc2n[nH]c(=S)n2/N=C/c2cccs2)cc1
CHEMBL4449710,O=C(Nc1nnc(-c2ccc3c(c2)OCCO3)o1)c1ccc(Br)cc1
CHEMBL4986408,OCCc1cnn(Cc2nnc(-c3cccs3)o2)c1
CHEMBL470535,CC(C)(C)c1ccc(C(=O)N2CCN(C(=O)c3ccc(C(C)(C)C)cc3)C2=S)cc1
CHEMBL83647,Cc1ncc(CO)c(/C=N/CC/N=C/c2c(CO)cnc(C)c2O)c1O
CHEMBL3220580,O=C(Oc1ccc(Cn2ccc(=O)n(Cc3ccccc3)c2=O)cc1)c1ccccc1
CHEMBL3647932,N#C[C@@H]1C[C@@H](O)CC[C@@H]1n1cc(C(N)=O)c(Nc2ccc(S(=O)(=O)C(F)(F)F)cc2)n1
CHEMBL3092061,COc1ccc(CN2CCN(c3ccc(C(C)=O)cc3)CC2)c(C)c1C
CHEMBL3120329,Cc1ccc2c(COc3ccc(I)cc3)cc(=O)oc2c1C
CHEMBL434491,CCCSC[C@@H](N)[C@H](O)C(=O)N[C@@H](C)c1cccc2ccccc12
CHEMBL4574516,O=C1c2nc(N3CCOCC3)nc(Nc3cccc(O)c3)c2CN1Cc1ccccc1
CHEMBL4461582,CC(C)C[C@H](NC(=O)[C@H](C)NC(=O)OC(C)(C)C)C(=O)NC(C=O)Cc1ccccc1
CHEMBL4788077,CCn1c(Cc2ccc(Cl)cc2Cl)cn(Cc2nc3ncccc3[nH]2)c1=O
CHEMBL4482890,Nc1nc(C(=O)Nc2cc(-c3cnc(OC4CCNCC4)s3)ccc2Cl)co1
CHEMBL586668,OC1=C2C(=Nc3ccccc3SC2c2cccs2)c2ccccc21
CHEMBL3904894,Nc1ccccc1NC(=O)CCCCCNC(=O)c1ccc(Cl)cc1Cl
CHEMBL76063,COC(=O)CN1C(=O)OC2(CCN(C)CC2)C1=O
CHEMBL2001406,N=C1NC(c2ccc(Cl)cc2)=CC(c2cccc(Cl)c2)S1
CHEMBL3654230,NC1=N[C@@]2(c3ccc(F)cc3F)CO[C@@H](c3nc(C(F)(F)F)co3)C[C@H]2CS1
CHEMBL3597547,C/C=C1/NC(=O)[C@H](CCC(N)=O)NC(=O)C[C@@H](CCCCCCC)NC(=O)CNC(=O)[C@H](CC(C)C)NC(=O)[C@@H](Cc2ccccc2)NC(=O)[C@H](C(C)C)NC(=O)[C@@H](CC(C)C)NC(=O)[C@@H](Cc2ccc(O)cc2)NC(=O)[C@H](CO)NC(=O)[C@@H]2CCCN2C1=O
CHEMBL4912609,Cc1nc(C(=O)NCC2CCN(Cc3scnc3C)CC2)cs1
CHEMBL1392890,COc1ccccc1Cc1noc(-c2cc(Cl)ccc2OC)n1
CHEMBL5281201,CSCC[C@H](NC(=O)NC(Cc1cccc(O)c1)C(=O)O)C(=O)NC(CN(C)C(=O)[C@@H](N)C(Cc1cccc(O)c1)NCC(=O)O)C(=O)N/C=C1/C[C@@H](O)[C@H](n2ccc(=O)[nH]c2=O)O1
CHEMBL1812127,CO[C@H]1C[C@@H]2[C@@](CC#N)(C=C1C)CC[C@H]1[C@@]2(C)CCC[C@@]1(C)C(=O)O
CHEMBL1224260,COc1cccc([C@@H](C)NCc2cccc(-c3ccccc3F)c2)c1
CHEMBL1373478,CC1=C(C#N)C(C)C2=C(O)CC(C)(C)CC2=N1
CHEMBL1199271,N#C[C@@H]1CSCN1C(=O)CN(N)C1CCN(CC(=O)Nc2ncccn2)CC1
CHEMBL168055,CN(C)CCNC(=O)c1nc(NC(=O)CCCNC(=O)c2nc(NC=O)cn2C)cn1C
CHEMBL1342219,Cn1cc(Br)c(C(=O)Nc2c(F)c(F)c(F)c(F)c2F)n1
CHEMBL3898190,c1cnc2cc(OCCCCN3CCN(c4cccc5sccc45)CC3)ccc2c1
CHEMBL1511435,Cc1ccc(C2C(C(=O)c3ccc4c(c3)OCCO4)=C(O)C(=O)N2CC2CCCO2)cc1
CHEMBL497542,COCc1ccccc1C#CC#Cc1cc(C(=O)[O-])sc1C(O)C#CC#CC(C)(C)C.[K+]
CHEMBL5406135,COc1ccc(S(=O)(=O)N(CC(C)C)C[C@@H](O)[C@H](Cc2ccccc2)NC(=O)c2cc3cc(O)ccc3o2)cn1
CHEMBL2171503,CCCOc1nc2cc(-c3cc4ccccc4nc3N3CCCC3)cc(C(C)C)c2cc1-c1cc(C(C)C)c2ccc(N3CCOCC3)nc2c1
CHEMBL4933156,CCN(CC1CCOCC1)C(=O)N[C@@H](C)c1nnc(N)s1
CHEMBL3953455,CC[C@@]12CCCN3CC[C@]4(C(=O)c5ccccc5N4C(=O)C1)[C@H]32
CHEMBL3459226,COC(=O)C(C)(C)NC(=O)c1cnc(Cc2ccc(F)cc2)s1
CHEMBL1370075,COc1ccc(Oc2nc3c(c(=O)n(C)c(=O)n3C)n2Cc2ccc(Cl)cc2Cl)cc1
CHEMBL2430865,Cc1csc(Nc2ncccc2OCc2cccnc2)n1
CHEMBL1339656,Cc1ccc2cccc(Oc3nnnn3-c3ccccc3)c2n1
CHEMBL1334062,Cn1nc(-c2ccc(Cl)cc2)nc2c(=O)n(C)c(=O)nc1-2
CHEMBL5428300,CC(=O)c1cccc(NS(=O)(=O)c2ccc(C(=O)Nc3nc(-c4ccc(C(F)(F)F)cc4)cs3)cc2)c1
CHEMBL481650,C/C1=C\CCC2=C[C@H](OC2=O)C(C(C)(C)O)CC/C(C)=C/CC1
CHEMBL4637113,C/C=C/C[C@@H]1NC(=O)[C@H](CC(C)C)N2C(=O)[C@H](C[C@](C)(O)[C@H]2O)N(C)C(=O)[C@H](C)NC(=O)[C@H](Cc2ccc(O)c([N+](=O)[O-])c2)NC(=O)[C@H](CC(C)C)N(C)C(=O)[C@H](Cc2cn(C(C)(C)[C@H]3CO3)c3ccccc23)NC1=O
CHEMBL3638038,COc1cccc(CCN2CCC(CC(=O)N[C@@H](c3ccc(F)cc3)C(C)C)CC2)c1
CHEMBL3964497,COc1nc(-c2cn(S(=O)(=O)c3ccc(C)cc3)c3ccc(-c4nnc(NC(C)(C)C)o4)cc23)ncc1F
CHEMBL4796297,Cc1n[nH]c2ccc(-c3cncc(OCC4(F)CNC4)n3)cc12
CHEMBL3493848,CCn1nc2c(cc1=O)CN(Cc1nnc(C3CC3)o1)CC2
CHEMBL5178321,C=CCc1cc(-c2cc(CC=C)c3oc(SCc4nnc(-c5ccccc5C)o4)nc3c2)c2oc(SCc3nnc(-c4ccccc4C)o3)nc2c1
CHEMBL2336730,CC(=O)N[C@H]1CCC[C@@H]1C(=O)N[C@H]1CCC[C@@H]1C(=O)N[C@@H](CS)CC(=O)N[C@H]1CCC[C@@H]1C(=O)N[C@H]1CCC[C@@H]1C(=O)N[C@H]1CCC[C@@H]1C(=O)N[C@H]1CCC[C@@H]1C(=O)N[C@H]1CCC[C@@H]1C(=O)N[C@H]1CCC[C@@H]1C(=O)N[C@H]1CCC[C@@H]1C(=O)N[C@H]1CCC[C@@H]1C(=O)N[C@H]1CCC[C@@H]1C(N)=O
CHEMBL1743245,Cc1ccccc1/N=N/c1ccc(NC(=O)c2ccnn2C)c(C)c1
CHEMBL5222976,N/C(CC(O)c1cc2c(F)cc(F)cc2c2cc(C(F)(F)F)ccc12)=N\CCc1ccc(F)cc1
CHEMBL1332803,Cc1c(Cl)c(S(N)(=O)=O)cc2c1N=CN=S2(=O)O
CHEMBL226227,Cc1cccc(-c2ccccc2)c1CCCN1CCN(CC(c2ccc(F)cc2)N2CCN(C(C)C)CC2)CC1
CHEMBL362628,CN(C)CCc1c[nH]c2ccc(NS(=O)(=O)c3c(Cl)nc4sccn34)cc12
CHEMBL440143,CCCN(CCC)[C@@H]1CCn2c(C)ccc2C1
CHEMBL1355386,CCOc1ccccc1NC(=O)CSc1nc2c([nH]c3ccccc32)c(=O)n1-c1ccccc1
CHEMBL4567314,Brc1ccc(Cc2cn(C3CCN(Cc4ccccc4)CC3)nn2)cc1
CHEMBL1881389,NCCCC[C@@H](C(=O)NCCCCCCCCCCC(=O)N1CCNCC1)n1cc(CCCC(=O)O)nn1
CHEMBL1632071,CCCN(CCCCCn1nc(OCc2ccccc2)c2cc([N+](=O)[O-])ccc21)CCC(C)C1CC=C(C)CC1
CHEMBL222317,CCOC(=O)CN1C[C@@H](C)N(C(=O)c2cc(Cl)c(N)c(Cl)c2)[C@@H](C)C1
CHEMBL306467,CCOC(=O)N1c2ccccc2[C@@H]2O[C@@H]2C1C#C/C=C\C#CCS(=O)(=O)c1ccccc1
CHEMBL3884537,c1ccc(C2=Nn3c(nnc3-c3ccccc3)SC2)cc1
CHEMBL1308853,O.O=C(O)c1cc(S(=O)(=O)O)ccc1O
CHEMBL3453569,Cc1cc(C)c(C(=O)N(C)CCN(C)C(=O)c2[nH]c(C)cc2C)[nH]1
CHEMBL3893876,O=C(NCc1ccc(Cl)cc1Cl)C1CCOc2ncccc21
CHEMBL165247,O=C1NC(=O)C(c2cccc(F)c2)O1
CHEMBL1511544,Cn1c(CC(=O)Nc2ccccc2)nnc1SCC(=O)Nc1ccc(N2CCOCC2)cc1
CHEMBL186613,NC(N)=NCCC[C@H](NC(=O)[C@@H](N)CC1CCCCC1)C(=O)OCc1ccccc1
CHEMBL4986909,Cn1cncc1C(=O)NC[C@H]1CC12CCCCC2
CHEMBL4877245,O=C(c1ncc(CNCCO)s1)N1CCc2c(-c3ccc4nccnc4c3)cccc21
CHEMBL455938,COc1ccccc1CN1CC2(CC(C)(C)Oc3ccccc32)OCC1=O
CHEMBL3716509,O=C(O)c1ccc2nc(N3CCC(c4ccccc4)CC3)c(N3CCC(c4ccccc4)CC3)nc2c1
CHEMBL2332104,C/C=C(/C)C(=O)O[C@H]1C(C)=C2[C@H]([C@@H]1OC(=O)CCCCCCC)[C@@](C)(OC(C)=O)C[C@H](OC(=O)CCC)[C@@]1(OC(C)=O)[C@H]2OC(=O)[C@@]1(C)O
CHEMBL4994240,Cc1c(NC(=O)c2cnn(Cc3ccccc3)c2)c(N2CCCC2)nn1C
CHEMBL3273897,COc1cc2c(cc1OC)C1=NN(c3ccc(F)cc3)C(=O)[C@H]1CC2
CHEMBL232413,CC(C)C[C@@]1(C(=O)Nc2ccccc2)C[C@H](C(=O)O)[C@H](c2cccs2)N1C(=O)c1ccc(C(F)(F)F)cc1
CHEMBL1165195,CCc1c(C)c2cc(OC(C)=O)ccc2[nH]c1=O
CHEMBL3304379,CC(C)c1ccc(CCC(CCc2ccc(C(C)C)cc2)NCCCNCCCN)cc1
CHEMBL3353748,COc1cc(OCc2cccc(-c3c(C)cc(OCCCS(C)(=O)=O)cc3C)c2)ccc1OC(C)(C)C(=O)O
CHEMBL4541774,CCn1c(C(O)(c2ccccc2)c2ccccc2)nc2ccc(NC(=O)COC)cc21
CHEMBL2106858,CN1CCN(CC(=O)[C@@]2(O)CC[C@H]3[C@@H]4CCC5=CC(=O)C=C[C@]5(C)[C@H]4[C@@H](O)C[C@@]32C)CC1
CHEMBL5270802,O=C1CCC(N2C(=O)c3cccc(NCCOCCOCCOCCNC(=O)c4ccc(NC(=O)[C@@H]5NC6(CCCCC6)[C@@]6(C(=O)Nc7cc(Cl)ccc76)[C@H]5c5cccc(Cl)c5F)cc4)c3C2=O)C(=O)N1
CHEMBL474896,Cc1ccc(-c2nc(CC3CCCCC3)cs2)cc1S(=O)(=O)N1CCOCC1
CHEMBL1349415,CC(=O)N1c2ccc(S(=O)(=O)NCC3CCC(C(=O)NC4CCCCC4C)CC3)cc2CC1C
CHEMBL1357806,CCNC(=O)Cc1ccc(NC(=O)N2CCCCc3ccccc32)cc1
CHEMBL532834,CC(C)(CNCc1cccc(Oc2ccccc2)c1)c1nc(-c2ccnc(N)n2)c(-c2ccc(Cl)c(O)c2)[nH]1.Cl
CHEMBL3800215,CN(C)CCCN1c2ccccc2CCc2ccc(C#CCOCCCOCCCN3c4ccccc4CCc4ccccc43)cc21
CHEMBL2348860,CCCCN1C(=O)C(=O)c2cc(S(=O)(=O)N3CCC[C@H]3COCC(F)(F)F)ccc21
CHEMBL547182,Br.CC1(C)NC(N)=NC(=N)N1OCCCOc1ccc([N+](=O)[O-])cc1
CHEMBL3914862,Cc1cc(C)c(-c2noc([C@@H]3CC3(F)F)n2)cc1NC(=O)c1cnc2ccccn12
CHEMBL5423605,CCCCCNCc1ccc(-c2cc(-c3ccc(OC)cc3)[nH]c(=O)n2)cc1
CHEMBL3652766,NC1=N[C@@H](CCOc2cccc(C(=O)OCc3ccccc3)c2)CO1
CHEMBL1503409,COC(=O)CCC(=O)N1CCc2cc(S(=O)(=O)N3CCN(c4ccccc4Cl)CC3)ccc21
CHEMBL36455,COc1ccc(/C=C/c2cc(OC)c(OC)c(OC)c2)cc1O
CHEMBL4075765,COc1ccc(C(=O)c2cc(OC)c(OC)c(OC)c2)cc1OC(C)c1cnc([N+](=O)[O-])n1C
CHEMBL5022458,Cc1cc(CNC(=O)COCc2nc(-c3ccccc3)no2)no1
CHEMBL4873646,CC(=O)n1cc(/C=C2/N=C(c3ncccn3)N(c3ccc(S(N)(=O)=O)cc3)C2=O)c2ccccc21
CHEMBL3728986,CC1(F)CCN(c2cc(C3CN(C4COC4)C3)cc(-c3cnc(N)c(OC(F)F)c3)n2)C1
CHEMBL3695031,COC1(C)CCN(c2ncc(C#Cc3ccc(CC(C)NC(C)=O)cc3)cn2)CC1
CHEMBL3244498,C=CCc1ccccc1OCC(O)COc1ccc2c(=O)cc(C(=O)[O-])oc2c1.[Na+]
CHEMBL1740506,CCN(CC)S(=O)(=O)c1cc(C(=O)NCCN2CCOCC2)ccc1Cl
CHEMBL1492601,Brc1ccc2[nH]c3c(NCc4ccccn4)ncnc3c2c1
CHEMBL82585,O=C(Nc1ccccc1Cl)C(Cl)Cl
CHEMBL355755,O=C(CCN1CCN(c2ccc(F)cc2)CC1)NC1c2ccccc2C=Cc2ccccc21
CHEMBL7726,O=C1c2ccc(OCc3ccncc3)cc2CCC1CCN1CCC(c2ccccc2)CC1
CHEMBL2030047,O=c1c(Cl)c(-c2ccc(Cc3ccc(OC(F)(F)F)cc3)cc2)[nH]c2ccccc12
CHEMBL4850897,CC(=O)c1ccc(/N=N/N(C)C(=O)NCCSc2ccc(O)cc2)cc1
CHEMBL2407315,O=C(Cc1ccccc1Br)Oc1ccc2c(c1)OS(=O)(=O)CC2
CHEMBL4965459,CC(C)Oc1ccc(N2C[C@@H](C(=O)N3CCCC3)CC2=O)cc1
CHEMBL1271824,Cc1ccc(Cl)c(N2C(=O)C(Cl)=C(N3CCN(C)CC3)C2=O)c1Cl
CHEMBL1482238,COc1cccc(-c2ccc(NC(=O)C3CCCN(Cc4cnn(C)c4C)C3)cc2)c1
CHEMBL2003771,Cl.OCC1CCCCN1Cc1nc2cc(Cl)ccc2[nH]1
CHEMBL439938,NS(=O)(=O)c1ccc2[nH]c3c(c2c1)Cc1c(C(=O)O)cccc1-3
CHEMBL1256688,COCC(=O)O[C@]1(CCN(C)CCCc2nc3ccccc3[nH]2)CCc2cc(F)ccc2[C@@H]1C(C)C.Cl
CHEMBL269343,CNC(=O)[C@H](CCCCN)NC(=O)[C@H](CCCCN)NC(=O)[C@@H]1CCCN1C(=O)[C@H](CSCCOCCn1cc(C2=C(c3c[nH]c4ccccc34)C(=O)NC2=O)c2ccccc21)NC(C)=O
CHEMBL1409704,CCOc1ccc(NC2=CC(=O)CCC2)cc1
CHEMBL3765616,O=C(/C=C/c1ccccc1)N[C@@H](COC(=O)CCc1ccccc1)C(=O)NC1CCCCC1
CHEMBL1988387,Cn1cc(-c2cnc(N)c3c(-c4ccc(NC(=O)Nc5ccc(OC(F)F)cc5)cc4)csc23)cn1
CHEMBL1341288,CN1CCC(Nc2ccc(F)c(Cl)c2)CC1
CHEMBL3220070,O=C(NCc1cccc(Cl)c1)NCc1cccc([N+](=O)[O-])c1
CHEMBL4277994,CCCSc1nc(NC(C)=O)cc(OC(C)c2ccccc2)n1
CHEMBL1446775,CC1Cc2ccccc2N1C(=O)COC(=O)c1cccc(Br)c1
CHEMBL3286783,COc1cc(OC)c(C(c2ccccc2)c2c(O)c(OC)c3oc4c(O)c(OC)c(OC)c(OC)c4c(=O)c3c2O)cc1OC
CHEMBL358726,Cc1cccc(CN2CCC(NC(=O)C(O)(c3ccccc3)C3CCCC3)CC2)c1
CHEMBL4993647,COC(=O)C1CN(CC(C)(O)CN(C)C(=O)OC(C)(C)C)CCO1
CHEMBL5199666,Cc1ccc(-c2nnc(Nc3ccc(O)cc3)c3ccccc23)cc1S(N)(=O)=O
CHEMBL3895309,COc1cc(CN2CCC(C(=O)NC(C)(C)C)CC2)cc(NC(=O)c2cccc(C(F)(F)F)n2)c1
CHEMBL1573285,C=CCOc1ccccc1CN1CCCN(C)CC1
CHEMBL4795064,CC1=C(SC(C)(C)C)C(=O)c2ccccc2C1=O
CHEMBL3968271,Cc1ccc(C(O)c2ccc(-c3nc4cc(C(N)=O)ccc4[nH]3)cc2)cc1
CHEMBL540125,COc1cc(/C=N/N=C(N)N)ccc1OCc1c(C)c(C)c(Br)c(C)c1C.Cl
CHEMBL207066,Cc1ccc(-c2nn(CCCCN3CCN(c4ncccn4)CC3)c(=O)c3ccccc23)cc1
CHEMBL3561762,Fc1ccc(OCCn2c(=S)[nH]c3ccccc32)cc1
CHEMBL4547062,CCOC(=O)c1cc(NC(=O)C2CC2)c[nH]1
CHEMBL2323437,C[n+]1ccn(CCCCCCCCCCCn2cc[n+](C)c2)c1.[Cl-].[Cl-]
CHEMBL4906410,C=CCn1ncc(Cc2cnn(CC=C)c2C)c1C
CHEMBL3403721,CCCC(C)c1cc(OC(=O)N(C)CC)no1
CHEMBL3687725,COc1cc(-c2ccc(F)c(Cl)c2)ccc1-c1nccc2cc(S(=O)(=O)Nc3ccncn3)ccc12
CHEMBL4522520,CN(C)CCCNc1nc(/C=C/c2ccc(S(C)(=O)=O)cc2)nc2ccc(Cl)cc12
CHEMBL5405496,COc1ccc2sc3c([N+](=O)[O-])ccc(NCCC[C@@H]4CCCN5CCCC[C@H]45)c3c(=O)c2c1
CHEMBL4579391,CO[C@@H]1[C@H](N(C)c2ncc(-c3c[nH]c4ccc(F)cc34)s2)C[C@H]2O[C@]1(C)n1c3ccccc3c3c4c(c5c6cc(Br)ccc6n2c5c31)C(=O)NC4
CHEMBL3264507,CC(=O)O[C@H]1C[C@H]2[C@@H]([C@H](OC(C)=O)C[C@@H]3C[C@H](N)CC[C@@]32C)[C@@H]2CC[C@H]([C@H](C)CCCN(CCCNc3ccnc4cc(Cl)ccc34)CCC[C@@H](C)[C@H]3CC[C@H]4[C@@H]5[C@H](OC(C)=O)C[C@@H]6C[C@H](N)CC[C@]6(C)[C@H]5C[C@H](OC(C)=O)[C@]34C)[C@@]12C
CHEMBL2005962,CCCCCCCCOC(CO)CO
CHEMBL5015622,CO[C@H]1CCN(C(=O)c2cnc3ccccc3n2)CC1(C)C
CHEMBL3612176,C=C(C(=O)C(C)(C)C)c1c2c3c(ccc2c(C)c2[n+]1CCc1cc4c(cc1-2)OCO4)OCO3.[Cl-]
CHEMBL253603,CCOC(=O)c1c(C)nc2nc3c(c(N)c2c1-c1ccc(OC)cc1)CCCC3
CHEMBL1512757,CCOc1ccc(N2CC(NC(=O)/C=C\c3ccc4c(c3)OCO4)CC2=O)cc1
CHEMBL5007540,COCCNC(=O)c1ccc(Cl)c(N)c1
CHEMBL4846458,Brc1ccccc1-c1nnc(SSc2nnc(-c3ccccc3Br)[nH]2)[nH]1
CHEMBL301503,O=C(NCCCN1CCC(Cc2ccc(F)cc2)CC1)NC12CC3CC(CC(C3)C1)C2
CHEMBL4301266,CC[N+](CC)(CC)CCCCCCCCOc1ccc(/C=C/c2ccccc2)cc1
CHEMBL2106566,O=P([O-])([O-])[O-].O=P([O-])([O-])[O-].[Ca+2].[Ca+2].[Ca+2]
CHEMBL4476288,CCn1nc(C)cc1C(=O)Nc1nc2cc(C(N)=O)cc(OC)c2n1CCCNC(=O)CCc1cc(OC)c(OC)c(OC)c1
CHEMBL4538530,O=C(C1COc2ccccc2C1)N(Cc1ccccc1)c1ccccn1
CHEMBL4458583,C[C@H]1[C@H](C)CC[C@]2(C(=O)Nc3nnn[nH]3)CC[C@]3(C)C(=CC[C@@H]4[C@@]5(C)CCC(=O)C(C)(C)[C@@H]5CC[C@]43C)[C@H]12
CHEMBL4740930,COc1ccc(-c2cc(=O)c3c(O)cc(O[C@@H]4O[C@H](CO[C@@H]5O[C@@H](C)[C@H](OC(C)=O)[C@@H](O)[C@H]5O)[C@@H](O)[C@H](O)[C@H]4O)cc3o2)cc1
CHEMBL4578376,Cc1ccc2[nH]c(CN3CCC(O)C3)cc(=O)c2c1
CHEMBL1766380,NNC[C@H](O)c1ccccc1
CHEMBL1169783,COc1cc(/C=C/c2cc(OC)cc(OC)c2O)cc(OC)c1
CHEMBL326463,C=C[C@@]1(C)CC(=O)[C@]2(O)[C@@]3(C)[C@@H](O)CCC(C)(C)[C@@H]3[C@H](OC(=O)NCCNC(=O)CCc3ccc(O)cc3)[C@H](OC(C)=O)[C@@]2(C)O1
CHEMBL4483687,O=c1[nH]c(CCCCN2CCC(Cc3ccccc3)CC2)nc2c1sc1ccccc12
CHEMBL3290072,COc1ccc(-c2nc3ccc(-c4nc5ccc(N6CCN(CCN(C)C)CC6)cc5[nH]4)cc3[nH]2)cc1OC
CHEMBL5421987,COc1cc(F)ccc1-c1noc(C2CCCN(c3ccc(F)cc3)C(=O)C2)n1
CHEMBL3191660,C=C(C)CNC(=S)/N=c1\scc(C)n1CC
CHEMBL3931563,COCCN(C)C(=O)C1CCN(Cc2cccc(NC(=O)c3cncc(C)c3)c2)CC1
CHEMBL5207163,COCCn1cnc2c(c(-c3ccccc3)c(-c3ccccc3)n2Cc2ccccc2)c1=N
CHEMBL4457297,CCC(C)NC(=O)Cc1ccc(O)c(O)c1
CHEMBL1307820,COc1ccc(CCNC(=O)CC2SC(NCc3ccccc3)=NC2=O)cc1
CHEMBL1966376,COC(=O)C1C=CN(N(C)C)C2=C1C(=O)c1c(O)cccc1C2=O
CHEMBL3914179,CC1=C(C(=O)Nc2ccccc2C)C(c2ccccc2Br)N=C(Nc2nc3ccccc3o2)N1
CHEMBL3331177,COc1cc(C(=O)c2c(O)cc3c(c2O)CCC(C)(C)O3)cc(OC)c1O
CHEMBL1569271,CCNc1ccc(S(=O)(=O)N(C)C)cc1NCC(=O)Nc1ccc(F)c(Cl)c1
CHEMBL4756965,O=C(Nc1ccccc1)n1cc(-c2ccccc2)oc1=O
CHEMBL4576810,CC1CCc2sc(-c3nnc(SCC(=O)Nc4sccc4C(N)=O)o3)cc2C1
CHEMBL134272,CCN(CC)CCO/N=C1\C=C[C@@]2(C)C(C[C@@H](OC(C)=O)[C@@]3(C)C4=CC[C@@H](c5ccoc5)[C@]4(C)CCC23)C1(C)C
CHEMBL3643640,CCNc1nc(-c2ccc(C3(N)CC3)nc2)cc2ncn(C)c(=O)c12
CHEMBL5407605,Cn1nccc1COC(=O)N[C@H]1CCc2c(C(=O)Nc3ccc(F)c(Cl)c3)ccc(F)c21
CHEMBL3640782,Cc1cc(-c2sccc2C)cnc1Cl
CHEMBL534573,COc1cccc(CCOc2ccc3c(c2)C(=O)N(C(CC(C)C)C(=O)NC2CCN(Cc4ccccc4)CC2)[C@@H](Cc2ccc(O)cc2)C(=O)N3)c1
CHEMBL1898839,CCN(CC)C(=O)Cn1c(=O)cc(C)c2c(C)nn(-c3ccc(C)cc3)c21
CHEMBL3922487,Cc1nc2c(o1)CCN(c1cc(-c3n[nH]c4cc(F)c(-c5cnn(C)c5)cc34)ncn1)C2
CHEMBL1966445,COc1ccc(Nc2nc3c([nH]2)c(=O)n(C)c(=O)n3C)cc1
CHEMBL144810,Cc1[nH]cnc1CSCCNc1nccc(O)c1[N+](=O)[O-]
CHEMBL1442617,COc1cc(C(=O)Nc2cccc(-c3nc4ncccc4o3)c2C)cc(OC)c1OC
CHEMBL152624,CCc1ccc2oc3nc(C)c(C(=O)O)cc3c(=O)c2c1
CHEMBL3691794,COc1ncc(-n2nc3c(c2C(C)C)C(c2ccc(Cl)cc2)N(c2cc(C)cn(C)c2=O)C3=O)c(OC)n1
CHEMBL53263,CCCN(CCC)c1c([N+](=O)[O-])cc(S(=O)(=O)NC)cc1[N+](=O)[O-]
CHEMBL3561471,COc1cccc(NC(=O)N(C)C[C@H]2Oc3ncc(/C=C/c4ccccc4)cc3C(=O)N([C@@H](C)CO)C[C@@H]2C)c1
CHEMBL2089180,CCCCc1cccc(C#Cc2cccc(C#N)c2)n1
CHEMBL1356522,CCCn1c(=O)n(-c2cc(Cl)c(OC)cc2OC)c(=O)c2c3c(sc21)CN(C(C)=O)CC3
CHEMBL4777337,O=C(N/N=C/c1c(-c2ccccc2)nc2sccn12)c1ccc(Cl)cc1
CHEMBL3662341,CC(=O)N[C@@H](C)c1ccc(O[C@@H]2CCN(c3ccnc(N4CC5CCCC5C4)n3)C2)cc1
CHEMBL4756973,COc1cc(O)c(I)c2c1[C@@H](/C=C/c1ccccc1)[C@@H]1[C@@H](c3ccccc3)Oc3c(I)c(O)cc(OC)c3[C@@H]1O2
CHEMBL336575,NCCCNC1(c2cc3ccccc3s2)CCCCC1
CHEMBL154512,Cc1cc(C(=O)Nc2ccc(-c3ccccc3C(F)(F)F)cc2)n(-c2cccc(C(=N)N)c2)n1
CHEMBL1544396,Cc1ccc(S(=O)(=O)CC(=O)Nc2nnc(C(C)(C)C)s2)cc1
CHEMBL573910,C=C[C@@H]1C[C@]1(NC(=O)[C@@H]1C[C@@H]2CN1C(=O)[C@H](C(C)C)Nc1nc(cs1)CCC/C=C/c1cccc3c1CN(C3)C(=O)O2)C(=O)NS(=O)(=O)C1CC1.O=C(O)C(F)(F)F
CHEMBL3486397,Cc1nc(C)c(CC(=O)N2C[C@@H]3CC[C@H](C2)N(CC2CCC2)C3)c(=O)[nH]1
CHEMBL3663360,CC(=O)N[C@@H](CCCNC(=N)N)C(=O)N[C@H]1CCC(=O)NCCC[C@@H](C(N)=O)NC(=O)[C@H](Cc2c[nH]c3ccccc23)NC(=O)[C@H](CCCNC(=N)N)NC(=O)[C@@H](Cc2ccc(C#N)cc2)NC(=O)[C@H]([C@@H](C)O)NC1=O
CHEMBL1487731,O=C(COC(=O)CCS(=O)(=O)c1ccc(Cl)cc1)Nc1ncc(Cl)cc1Cl
CHEMBL3742123,C=C1[C@@H]2CC[C@H]3[C@]4(C)CCC[C@@](C)(C(=O)O[C@@H]5O[C@H](CO)[C@@H](O)[C@H](O)[C@H]5O)[C@H]4CC[C@]3(C2)[C@@H]1O[C@H]1O[C@@H](C)[C@@H](O)[C@@H](O)[C@@H]1O
CHEMBL2442537,[2H]C([2H])(C#C)N[C@@H]1c2ccccc2C[C@H]1[18F]
CHEMBL2115536,CSCC[C@H](NC(=O)[C@@H](CC(C)C)NC(=O)CNC(=O)[C@@H](Cc1ccccc1)NC(=O)[C@@H](Cc1ccccc1)NC(=O)[C@@H](CCC(N)=O)NC(=O)[C@@H](CCC(N)=O)NC(=O)[C@@H]1CCCN1C(=O)[C@H](CCCCN)NC(=O)[C@H]1CCCN1C(=O)[C@@H](N)CCCN=C(N)N)C(N)=O
CHEMBL73759,Nc1c(Cl)cccc1C(=O)NCCCCCn1ccnc1
CHEMBL1162403,NC[C@H]1O[C@H](O[C@H]2[C@@H](NCCCCCCNC(=O)[C@H]3O[C@@H](n4cnc5c(N)ncnc54)[C@H](O)[C@@H]3O)[C@@H](O)[C@H](N)C[C@@H]2N)[C@H](N)[C@@H](O)[C@@H]1O
CHEMBL1394590,CCc1ccc(NC(=O)c2cc(S(=O)(=O)N3CCc4ccccc43)cn2C)cc1
CHEMBL3439219,CSc1ccc(C2SCC(=O)Nc3c2c(=O)[nH]n3C2CCOCC2)cc1
CHEMBL4209463,Cc1ccc(C(=O)c2ccc3c(ccn3Cc3ccc(C(=O)NO)cc3)c2)cc1
CHEMBL1762409,Cc1cc(N)c2cc(NC(=O)c3ccccc3COc3ccc(CNCCCCCCCCN)cc3)ccc2n1
CHEMBL4873499,NC(=O)c1ccc(CNC(=O)[C@@H](NC(=O)c2ccc(-c3cccs3)s2)c2ccc(OCc3ccccc3)cc2)cc1
CHEMBL4069595,O=C(COc1c2cccc1Cc1cccc(c1OCC(=O)N(CCO)CCO)Cc1cccc(c1OCC(=O)N(CCO)CCO)Cc1cccc(c1OCC(=O)N(CCO)CCO)Cc1cccc(c1OCC(=O)N(CCO)CCO)Cc1cccc(c1OCC(=O)N(CCO)CCO)C2)N(CCO)CCO
CHEMBL5178660,C[n+]1c2ccccc2c(/C=C2\Sc3ccccc3N2CCCN2CCOCC2)c2oc3ccccc3c21
CHEMBL1718081,Cc1ccc(N(Cc2cccs2)C(=O)c2ccccc2)cc1
CHEMBL259745,Cc1nc2ccccc2nc1N1CCN(C)CC1
CHEMBL124980,CCCCCCCCCCCCCCCCCC1OCC(COCCCCCC[n+]2cccc3ccccc32)O1.Cc1ccc(S(=O)(=O)[O-])cc1
CHEMBL4067262,COc1ccc(-c2nn(-c3ccccc3)cc2Cn2ccnc2)cc1
CHEMBL1415823,COc1ccccc1NC(=O)N[C@@H](Cc1c[nH]c2ccccc12)C(=O)NN
CHEMBL380836,CCOC(=O)c1cn(COCCO)c2ccc(C)cc2c1=O
CHEMBL5407712,Cn1ncc2c(Nc3cccc(Oc4ccccc4)c3)nc(NCCN)nc21
CHEMBL286450,O=C1Cc2ccc(C3CCCC3)cc2O1
CHEMBL59120,CCCCCCCCCCCCC/C=C/[C@@H](O)[C@H](COC(=O)Nc1ccccn1)NC(=O)C(C)(C)C
CHEMBL3590512,O=C(Cn1c(=O)sc2ccc(Cl)cc21)Nc1ccc(C(=O)O)cc1
CHEMBL1407114,CCOC(=O)C1CCN(c2nc3ccccc3nc2C(C#N)C(=O)NCCc2ccccc2)CC1
CHEMBL3501099,Cc1noc([C@H]2C[C@@H]3CCN(CC4CC4)C[C@H]3O2)n1.O=C(O)C(F)(F)F
CHEMBL1369123,Oc1c(C=Nc2cccc3cccnc23)sc2ccccc12
CHEMBL4110451,O=C(Nc1ccc(C(F)(F)F)c(Cl)c1)N1CC=C(c2ncc([C@H](O)CO)cc2F)CC1
CHEMBL3735214,COc1ccc(CC(O)c2ccc3c(c2OC)C=CC(C)(C)O3)nc1OC
CHEMBL2178548,COc1cc(Nc2cccn3cc(-c4cccnc4)nc23)ccc1-n1cnc(C)c1
CHEMBL1836405,Cc1ccc(C#Cc2cccc(S(N)(=O)=O)c2)cc1
CHEMBL3263354,Fc1ccc(C2=NN(C3=NC(c4ccccc4)CS3)C(c3cccc4ccccc34)C2)cc1
CHEMBL5309978,FC(F)(F)CN1CC[C@H](Nc2nnc(-c3cccc(Cl)c3)o2)C1
CHEMBL4583801,O=[N+]([O-])c1cccc(OCC(O)CN2CCN(Cc3nc(-c4ccc(Cl)cc4)no3)CC2)c1
CHEMBL3728466,CC(F)(F)c1nn2cc(-c3cc4cc(Cl)ccc4o3)nc2s1
CHEMBL370164,C[C@H]1O[C@@H](n2cc(-c3ccccc3)c3c(NCC(=O)Nc4ccc(Cl)cc4)ncnc32)[C@H](O)[C@@H]1O
CHEMBL5074733,NCCCn1cc(C(=O)NCc2ccccc2)c(-c2ccc(Cl)c(Cl)c2)n1
CHEMBL1321358,Cc1ccc(NC(=O)CN2C(=O)NC3(CCC(C)CC3)C2=O)c(Cl)c1
CHEMBL2023778,CCCCCCCCc1cn(CCc2ccccc2C)nn1
CHEMBL1681830,O=NC1(OC(=O)C(F)(F)F)CCCCC1
CHEMBL160016,Nc1ccc(NC(=O)CC23CCCN2CCC3)cc1
CHEMBL165974,CCCc1nc2c(C)ccnc2n1Cc1ccc2c(c1)OC(C(=O)O)(c1ccccc1)O2
CHEMBL52507,COc1cc(N2CCN(CCC(O)COc3ccccc3)CC2)cc(OC)c1OC
CHEMBL3302375,CC(C)NCC(O)COc1c(C(C)(C)C)cc([S+]([O-])c2ccc(Cl)cc2)cc1C(C)(C)C
CHEMBL131011,c1ccc2c(c1)CCC2CN1CCN(c2cccc3c2OCCO3)CC1
CHEMBL1941104,COc1cccc(CC(C)(C)NC(=O)[C@H](CC2CCCCC2)NC(=O)[C@@H](NC(=O)[C@@H](N)CNC(=O)c2[nH]c(=O)[nH]c(=O)c2F)C(C)C)c1
CHEMBL44401,O=C(C[C@H]1S[C@H](c2ccc(Cl)cc2Cl)N(CC(=O)NCCN2CCOCC2)C1=O)NCc1cccc2ccccc12
CHEMBL1305562,COc1ccccc1NS(=O)(=O)c1cc(NC(=O)C2CCCC2)ccc1N1CCOCC1
CHEMBL1724194,COc1ccc(CCNS(=O)(=O)c2ccc(-n3cnnn3)cc2)cc1OC
CHEMBL3392071,CC(C)C1Cc2c(C#N)c(N)sc(=S)c2CO1
CHEMBL3484689,Cc1ccc(-c2ccc(Cl)nn2)cc1S(=O)(=O)N1CCOCC1
CHEMBL268371,O=C1Cc2ccccc2N1CCCCN1CCN(c2cccc(C(F)(F)F)c2)CC1
CHEMBL242119,COc1ccccc1CNCCCCCC(=O)N1CCC(C2CCN(C(=O)CCCCCNCc3ccccc3OC)CC2)CC1
CHEMBL5180166,C=CC(=O)N1CCN(c2c3ccc(-c4cccc(F)c4)cc3nn2CCCN(C)C)CC1
CHEMBL4860931,Cc1ccc(C(=O)Nc2cc3ccccc3cn2)cc1Br
CHEMBL3674088,Cc1nc2c(c(-c3ccn[nH]3)n1)C[C@H](C)N(C(=O)c1cccc(Cl)c1Cl)C2
CHEMBL5284829,Cc1n[nH]c2ccc(-c3nc4cnc(N5CCN(C)CC5)cn4c3Nc3cc(Cl)ccc3Cl)cc12
CHEMBL1513944,CCC1=C(OC(=O)N(CC)CC)N2C(=O)O/C(=N\CC3CC3)[C@]2(C)[C@H]2C1=CC[C@H]1C(=O)NC(=O)[C@H]12
CHEMBL1688832,CC[C@H](C)[C@H](NC(=O)[C@@H](NC(=O)[C@H](CC(C)C)NC(=O)[C@@H](NC(=O)[C@H](CO)NC(=O)[C@@H](N)CC(C)C)C(C)C)C(C)C)C(=O)N[C@@H](CO)C(=O)N[C@@H](CCSC)C(=O)N[C@@H](Cc1ccccc1)C(=O)N[C@@H](CC(N)=O)C(=O)N[C@@H](C)C(=O)N[C@H](C(=O)O)C(C)C
CHEMBL195321,COc1ccc(CCNC(=O)c2ccc3c(c2)C(C)(c2ccccc2)CC(C)(C)N3C(C)=O)cc1
CHEMBL4760774,O=C(NC1CCC(O)CC1)c1csc(-c2ccc(OC(F)F)c3oc4ccc(C(F)(F)F)cc4c23)n1
CHEMBL3765576,O=C1N(Cc2ccccc2)c2ccc(Br)cc2C12Nc1ccccc1-n1cccc12
CHEMBL4585984,CC(=O)N1CCN(CCOC(=O)[C@@H]2CCC[C@H]2[C@@H]2C/C=C/C=C(/C#N)[C@H](O)[C@@H](C)C[C@H](C)C[C@H](C)C[C@H](C)[C@@H](O)CC(=O)O2)CC1
CHEMBL4174031,COc1ccc(NC(=O)C(Cc2ccccc2)NC(=O)c2cc(C(C)C)c(O)cc2O)cc1Nc1ncc(Cl)c(Nc2ccccc2S(=O)(=O)C(C)C)n1
CHEMBL4937583,O=C(CNC(=O)C1CCCCC1)N[C@H]1CCCc2ccccc21
CHEMBL2049169,O=C(O)C1=C(Nc2cccc(Cl)c2)C(=O)c2ccccc2C1=O
CHEMBL118112,COC1CCc2c1[nH]c1c2C(=O)C(C)=C(N2CC2)C1=O
CHEMBL365158,CC(C)C[C@@H]1NC(=O)[C@H](C(C)C)NC(=O)[C@H](CC(C)C)N(C)C(=O)[C@H](CC(C)C)NC(=O)[C@H](Cc2ccccc2)NC1=O
CHEMBL4856050,O=C1C(Cc2ccccc2)C(c2cccs2)=NN1c1ccccc1
CHEMBL1727033,CCOc1ccc(S(=O)(=O)Nc2cccc(C(=O)NCC(C)(C)N3CCOCC3)c2)cc1
CHEMBL1498531,O=C(Nc1ccc2c(c1)OCCO2)C1CCN(C(=O)c2ccc(Cl)cc2)CC1
CHEMBL3660206,COc1ccc(F)c(F)c1-c1cccc(C(=O)c2nc3nc(N4CCC(N(C)C)CC4)ccc3[nH]2)c1
CHEMBL2002211,CCOC(=O)Cc1cc(OC)c(OC)cc1/C(Cl)=C(\C=O)c1ccc(OC)c(OC)c1
CHEMBL1319527,CC(=O)c1cccc(OCCCOc2cccc3cccnc23)c1
CHEMBL4637675,O=C(NCCN1CCOCC1)[C@@H]1C[C@H](CCc2ccccc2)CCN1
CHEMBL5176422,O=C(NO)c1ccc(CN(C2CC2)S(=O)(=O)c2c(F)c(F)cc(F)c2F)cc1
CHEMBL4297378,CC1=C[C@@H]2CN(C(=O)N2OS(=O)(=O)[O-])[C@@H]1C(N)=O.[Na+]
CHEMBL3804995,CCOC(=O)[C@@H]1C(=O)N(Cc2ccccc2)C[C@@H](ON2C(C)(C)CCCC2(C)C)[C@H]1c1ccc(C)cc1
CHEMBL1496282,O=C(C1c2ccccc2Oc2ccccc21)N1CCN(c2ccc(Cl)cc2)CC1
CHEMBL5484205,CC(C)C(NC(=O)c1c(F)cccc1F)C(=O)N1CCN(C(=O)N2CCCCC2)CC1
CHEMBL3954489,CC(C)(C)NC(=O)N1CCC(c2ccc(C(O)(C(F)(F)F)C(F)(F)F)cc2)(S(=O)(=O)c2ccc(F)cc2)C1
CHEMBL3229110,CCCCCS(=O)(=O)Nc1ccc(Nc2c3ccccc3nc3c(C(N)=O)cccc23)c(OC)c1.Cl
CHEMBL443716,CCCCCCCCCCCCCCCC(=O)c1c(O)cc(O)c(C(=O)CCCCCCCCCCCCCCC)c1O
CHEMBL1611363,CCOC(=O)c1ccc(NC(S)=Nc2ccc3[nH]c(O)nc3c2)cc1
CHEMBL4438340,COc1ccccc1N(Cc1cccc(NC(=O)Cc2ccccc2)c1)C(=O)CCCCCC(=O)NO
CHEMBL4113084,COCCOc1n[nH]c2cc(NC(=O)N[C@H](COC)c3ccccc3)ncc12
CHEMBL5440028,Cc1cn2cc(NC(=O)c3cnc(N4CC[C@@H](NC5CC5)C4)cn3)c(Cl)cc2n1
CHEMBL194257,CC(C)CC(C/C=C1/COC(CO)(COC(=O)C(C)(C)C)C1)CC(C)C
CHEMBL1354967,CCOc1cc(C(=O)N2CCC(CC3CC(c4ccc(Cl)cc4)=NO3)(C(=O)NCC3CCCCC3)CC2)cc(OCC)c1OCC
CHEMBL4864314,COc1cc(C(C)C)c(Cl)cc1-n1nnc(S(=O)(=O)c2ccc(C(C)(C)C)cc2)c1C
CHEMBL394531,O=C(/C=C/c1ccccc1)NC1(C(=O)N[C@H](Cc2ccccc2)C(=O)NCCCN2CCOCC2)CCCC1
CHEMBL5202028,N=C(N)Nc1ccc(NC(=O)c2ccc3c(c2)OCO3)cc1OCc1cccc(C(F)(F)F)c1
CHEMBL482897,COc1cccc2c1cnn2N=C1NCCN1.Cl
CHEMBL1970593,O=C(OCC1OC2OC(c3ccccc3)(n3ccc4c([N+](=O)[O-])ccnc43)OC2C1OC(=O)c1ccccc1)c1ccccc1
CHEMBL392623,Cc1cnc2[nH]c3c(C)nc(C(=O)O)cc3c2c1
CHEMBL375705,O=C1CSC(c2c(F)cccc2Cl)N1c1nc(-c2ccccc2)cc(C(F)(F)F)n1
CHEMBL30699,COc1cc2nc(O)nc(C)c2cc1OC
CHEMBL1999174,CCN(CC)CCn1c(Cc2ccc(OC)cc2)nc2ccccc21
CHEMBL4209720,Cc1ccccc1Cn1cc(Cn2c(=O)n(O)c(=O)c3cc(Br)ccc32)nn1
CHEMBL2059437,CC(C)(C)OC(=O)CN(Cc1ccncc1)Cc1ccc(Cl)cc1
CHEMBL1320247,CCCC(=O)Nc1cccc(-c2cn3cccnc3n2)c1
CHEMBL183781,CCN(C(C)=O)C1CCN(c2cc(-c3ccc(Sc4ccccc4C(C)C)c(C(F)(F)F)c3)ncn2)C1
CHEMBL2098280,O=C(Nc1nnc(-c2ccc(Cl)s2)o1)c1ccc(Cl)s1
CHEMBL1299800,Cc1ccccc1OCC(=O)Nn1c(COc2ccccc2)nc2ccccc2c1=O
CHEMBL4864364,Nc1nccc2c1ncn2[C@H]1C(F)=C[C@H](O)[C@@H]1O
CHEMBL4914047,COCCN(CC1CN(Cc2sccc2C)CC1c1cccc(F)c1)C(=O)C(C)C
CHEMBL3246472,O=C(CBr)N[C@@H]1[C@@H](O)[C@@H](O)[C@@H](CO)O[C@H]1O
CHEMBL1591015,COCCCNC(=O)c1ccc2c(c1)N(Cc1ccccc1)C(=O)c1ccccc1S2
CHEMBL3093914,N#C[C@@H]1C[C@H](F)CN1C(=O)[C@@H](N)Cc1cc(F)c(F)cc1F
CHEMBL5487266,COc1ccc(Cn2nc(NC(=O)Nc3c(C)noc3C)c3ccccc32)cc1
CHEMBL517262,CC(c1ccc(Cl)cc1)N(C)C(=O)[C@H]1CCCN1C(=O)Nc1ccc(Cl)cc1
CHEMBL1496990,CC(=O)c1ccc(NC(=O)C(C)Oc2ccc(N(C)S(=O)(=O)c3ccc(C)cc3)cc2)cc1
CHEMBL3485347,OCCN1CCc2[nH]nc(C(c3ccccc3)c3ccccc3)c2C1
CHEMBL4968076,Nc1ccc(CN2CCn3c(Cc4ccccc4)nnc3C2)cn1
CHEMBL3605666,CC(C)(C)NC(=O)C(c1cccnc1)N(C(=O)Cc1cccc2ccccc12)c1ccc(F)cc1
CHEMBL3681916,Cc1cc(C)c(C(=O)NC(Cc2ccc(N3CC(CNc4ccccn4)C3)cc2)C(=O)O)c(C)c1
CHEMBL124338,CC(C)Nc1cccnc1N(C)C1CCN(C(=O)c2cc3cc(NS(C)(=O)=O)ccc3[nH]2)CC1
CHEMBL1607350,COc1ccc(CNC(=O)COc2cc(O)c3c(c2)OC(C)(C)CC3=O)c(OC)c1
CHEMBL276662,CC(=O)N[C@@H](Cc1ccc(O)cc1)C(=O)NCC(=O)NCC(=O)N[C@@H](CCC(N)=O)C(N)=O
CHEMBL185631,N#Cc1ccc2[nH]cc(CCCCN3CCN(c4ccc5c(c4)CCO5)CC3)c2c1
CHEMBL1433636,Cc1cccc(C(=O)Nc2ccc3oc(-c4cccc5c(Br)cccc45)nc3c2)c1
CHEMBL50899,Cc1cnc(CSc2nc3cc(Cl)ccc3[nH]2)c(C)c1
CHEMBL4785998,C[C@@H]1C[C@H](Nc2c(C(N)=O)cnc3[nH]ccc23)CCN1Cc1cccc(Cl)c1
CHEMBL4981709,Nc1ccnc(CN2CCC[C@H](c3n[nH]c(-c4ccccc4)n3)C2)n1
CHEMBL579932,CCOC(=O)c1cnc(SCC(=O)Nc2cc(C)ccc2C)nc1N
CHEMBL1399802,CCC(C)(C)n1nnnc1C(c1ccc(O)c(OC)c1)N1CCc2ccccc2C1.Cl
CHEMBL9368,CC(C)c1ccc(Sc2ccc(NC3=NCCN3)cc2)cc1
CHEMBL3475291,O=C(O)C1(n2cccn2)CCN(Cc2nc(-c3ccccc3)no2)CC1
CHEMBL1202246,Br.CCCN(CC)C1CCc2cccc(O)c2C1
CHEMBL486581,CCCC(CCC)C(=O)OC(C)OC(=O)CCC(=O)CN.Cl
CHEMBL2313587,CS/C(=C/C(=O)c1ccc(Cl)cc1)Nc1nc2ccccc2s1
CHEMBL3912919,CSCCN1CCN(C(=O)Cn2cc(NC(=O)c3cnn4cccnc34)c(-c3cc(Cl)ccc3OC(F)F)n2)CC1
CHEMBL5492658,FC(F)(F)c1ccc(OCCN2CCNCC2)nc1
CHEMBL4632919,CCOC(=O)c1cnc2ccccc2c1Nc1cccc(S(=O)(=O)NC)c1
CHEMBL2110811,CCCCN(CCCC)CCCOc1ccc(C(=O)c2c(CC)cc3ccccn23)cc1
CHEMBL426465,C/C(=N\NC(=O)Nc1c(C)cccc1C)c1ccccc1
CHEMBL2131183,Cc1cnc(-c2nc3ccccc3n2C(C(=O)NC(C)(C)C)c2cc3ccccc3o2)cn1
CHEMBL4206318,CC#C[C@@H](Cc1nnn[nH]1)c1ccc(OCc2ccc3scc(-c4ccc(OCCCS(C)(=O)=O)cc4C)c3c2)cc1
CHEMBL3688609,NC1=N[C@@](c2cc(NC(=O)c3cc(Cl)cs3)ccc2F)(C(F)F)[C@H]2C[C@H]2O1
CHEMBL1378781,Cc1ccc(NC(CC(=O)c2ccccc2)c2ccc(F)cc2)cc1
CHEMBL3952029,O=C(Nc1cn(CC(=O)N2C[C@H]3CN(CC4CCC4)C[C@H]3C2)nc1-c1cc(Cl)ccc1OC(F)F)c1cnn2cccnc12
CHEMBL3469324,CC(NC(=O)COc1nc(C(C)(C)C)no1)c1ccco1
CHEMBL1502367,NN/C(=C\[N+](=O)[O-])Nc1ccccc1
CHEMBL1688184,O=C(CCCCCN1C(=O)c2ccccc2S(=O)(=O)c2ccc(Cl)cc21)NO
CHEMBL3103904,CC(O)CNC(=O)c1ccc(-c2ccc(/C=C3/NC(=S)NC3=O)s2)cc1
CHEMBL5207713,O=C(/C=C/C1CCN(CCc2c[nH]c3ccccc23)CC1)NO
CHEMBL241554,Cc1ccc(N(C)C(=O)Oc2ccc(Oc3ccc(C(F)(F)F)cn3)cc2)cc1
CHEMBL2358200,Cc1noc(C)c1S(=O)(=O)Nc1ccc2c(c1)C(=O)N([C@H](C)CO)C[C@@H](C)[C@@H](CN(C)Cc1ccc(C(F)(F)F)cc1)OCCCC[C@H](C)O2
CHEMBL1626170,CCN(CC)N=Nc1ccc(C(=O)O)cc1
CHEMBL3903572,O=S(=O)(c1ccccc1)N(Cc1ccc(F)c(C(F)(F)F)c1)c1cc2ccccc2s1
CHEMBL4553357,Cc1nc(N)c2ncn(C3(C)CN(C(=O)c4cc(CN5CCN(C6CCCCCC6)CC5)n(C)n4)C3)c2n1
CHEMBL220862,CC(=O)N1CCN(c2c(-c3ccncc3)c(-c3ccc(F)cc3)c(C#N)n2C)CC1
CHEMBL86640,CC(C)(/N=C(\NC#N)Nc1cccnc1)c1ccccc1
CHEMBL1611971,O=C(c1nc(-c2ccccc2)n(-c2ccccc2)n1)N1CCCCCC1
CHEMBL4898365,CCCOc1ccccc1[C@H](C)Nc1nnc(C2CC2)o1
CHEMBL3209340,O=C(N/N=C/c1ccc[nH]1)c1cc(-c2cccs2)nc2ccccc12
CHEMBL501869,CN(C)Cc1nonc1C(N)=O.Cl
CHEMBL3273881,Cc1oc2c([N+](=O)[O-])cccc2c1C(=O)O
CHEMBL1394758,O=C(CSc1ncc(-c2ccc(Cl)cc2)[nH]1)Nc1ccccc1F
CHEMBL608652,CNC(=O)[C@H]1OC(n2cnc3c(NCc4ccc(S(=O)(=O)O)cc4)ncnc32)[C@H](O)[C@@H]1O
CHEMBL357091,Cc1ccc(S(=O)(=O)N2CCCCC2C(=O)OCCCCc2ccccc2)cc1
CHEMBL4958500,O=C(CCOCC(F)(F)C(F)F)N1CCOCC12CCC2
CHEMBL431043,CC1(C)S[C@H]([C@H](NC(=O)Cc2ccccc2)C(=O)NCc2ccccc2)N[C@H]1C(=O)N[C@H](Cc1ccccc1)[C@H](O)CC(=O)NCCc1ncc[nH]1
CHEMBL1096631,O=C(/C=C/c1ccc(O)cc1)O[C@H](C(=O)O)[C@](O)(Cc1ccc(O)cc1)C(=O)O
CHEMBL4915759,CN(Cc1nc([C@H]2CCOC2)no1)c1ccccc1
CHEMBL416433,Fc1ccc(CN(CCN2CCN(CCCc3ccccc3)CC2)c2ccccn2)cc1
CHEMBL4239696,CCN[C@H]1CO[C@@H](O[C@H]2[C@H](OC[C@]34C#C/C=C\C#C[C@H]5N(C(=O)OCCS(=O)(=O)c6ccccc6)c6ccccc6[C@@]36O[C@]56CCC4)O[C@H](C)[C@@H](NO[C@H]3C[C@H](O)[C@H](SC(=O)c4c(C)c(I)c(O[C@@H]5O[C@@H](C)[C@H](O)[C@@H](OC)[C@H]5O)c(OC)c4OC)[C@@H](C)O3)[C@@H]2O)C[C@@H]1OC
CHEMBL4974443,O=C(Cc1ccc(NC(=O)c2ccc(Br)cc2)cc1)Nc1nncs1
CHEMBL1554433,COc1cccc(Nc2ncc3nc(-c4cc(F)cc(F)c4)c(=O)n(C4CC4)c3n2)c1
CHEMBL277332,CN(C)C(=O)CCSC(SCCC(=O)O)c1cccc(OCc2ccc3ccc(Cl)cc3n2)c1
CHEMBL1340163,COc1ccc(S(=O)(=O)N2CCCCC2)cc1NS(=O)(=O)c1cc(Cl)ccc1Cl
CHEMBL4790057,COc1cc(OC)cc(C(C(OC)OC)C(c2cc(OC)cc(OC)c2)C(c2ccc(O)cc2)c2ccc(O)cc2)c1
CHEMBL130321,CN(C(Cc1ccc(OS(=O)(=O)c2cccc3cnccc23)cc1)C(=O)N1CCN(c2ccccc2)CC1)S(=O)(=O)c1cccc2cnccc12
CHEMBL4571592,Cc1ccc(C)c(C(=O)N2C[C@@H](CO)[C@H](N(C)C)C2)c1
CHEMBL469543,[N-]=[N+]=Nc1cc([125I])cc(CN2C(=O)CN(/N=C/c3ccc(-c4ccc([N+](=O)[O-])cc4)o3)C2=O)c1
CHEMBL3455158,Cc1nc2c(C#N)cnn2c(C)c1CCC(=O)N(C)C(C)C(C)C
CHEMBL3742340,O=C1O[C@@H](CN2CCC(O)CC2)CN1c1ccc(-n2cc(-c3ccccn3)cn2)c(F)c1
CHEMBL1775138,OCc1cn(Cc2ccc(Br)cc2)c2ccccc12
CHEMBL59947,O=C(c1ccccc1)N1CCC(N2C(=O)CCc3ccccc32)CC1
CHEMBL4967208,Cc1ccc(CN2C[C@@H](CO)[C@H](NC(=O)C3CCC3)C2)o1
CHEMBL1480350,COc1cccc(-c2ccc3ncnc(NCCNC(C)=O)c3c2)c1
CHEMBL10611,CCC1(O)C(=O)OCc2c1cc1n(c2=O)Cc2c-1nc1ccc(CC#N)cc1c2C
CHEMBL4090844,COc1c2occc2c(OC)c2c(=O)c(-c3cc(-c4ccc(F)cc4)[nH]c(=S)n3)c(C)oc12
CHEMBL580561,CCCC[C@@H](C(=O)NCCc1ccc(Cl)cc1)N1C(=O)CCC1C(=O)Nc1ccc(Cl)c(Cl)c1
CHEMBL547494,N#Cc1cccc(NC(=O)Nc2ccc(-c3ccc(-c4nc5cc(C(F)(F)F)ccc5[nH]4)cc3)cc2)c1
CHEMBL4585454,C[C@H](CCC(=O)OCc1ccccc1)[C@H]1CC[C@H]2[C@@H]3[C@H](CC(=O)CNC(=O)[C@@H](N)CC(=O)O)C[C@@H]4C[C@H](OC(=O)CNC(=O)[C@@H](N)CC(=O)O)CC[C@]4(C)[C@H]3C[C@H](OC(=O)CNC(=O)[C@@H](N)CC(=O)O)[C@]12C
CHEMBL1437933,COc1ccccc1N1CCN(CCNC(=O)Nc2cccc(C)c2C)CC1
CHEMBL3939957,O=C(NC1CCN(C(=O)c2cn[nH]c2)CC1)c1cc(Cc2n[nH]c(=O)c3c2NCCC3)ccc1F
CHEMBL2106020,NOCc1ccc(Br)c(O)c1
CHEMBL456121,Cc1cccc(-c2ccccc2C(=O)NCCc2c[nH]c3ccccc23)c1
CHEMBL4638214,O=C(O)c1ccccc1C(=O)c1ccc(Nc2ccc(Cl)c(Cl)c2)c([N+](=O)[O-])c1
CHEMBL4449865,COc1ccc2c(c1)CC[C@@H]1[C@@H]2CC[C@]2(C)C([C@](C)(O)C(=O)/C=C/C(C)(C)O)=CC[C@@H]12
CHEMBL4437489,N#Cc1cccc(-c2ccc(C(=O)N3CCN(Cc4ccc(OC5CCNCC5)c(Cl)c4)CC3)o2)c1
CHEMBL3444439,CCNC(=O)c1ccc2c(c1)nc1n2CCN(Cc2ccco2)C1
CHEMBL1499350,CCCn1nc2cc(C(=O)NCCc3cccs3)ccc2c1OCC
CHEMBL4634337,C[C@@]12CCO[C@@H]1C1=CC[C@H]3[C@](C)(O)[C@H](O)CC[C@]3(C)[C@H]1CC2
CHEMBL3692919,O=S(=O)(c1cccc(CO)c1)c1cc(Cl)c2oc3c(c2c1)CNCC3
CHEMBL3289224,COC(=O)C[C@H](N)C(=O)N(Cc1ccccc1)C1(C(=O)NCc2ccccc2)CCN(Cc2ccccc2)CC1
CHEMBL81565,CCCCCCCc1ccc(C(=O)Nc2cccc3c(=O)cc(-c4nn[nH]n4)oc23)cc1
CHEMBL3446988,Cc1cc(-c2cnc(N3CCCC(C)C3)nc2C(C)C)on1
CHEMBL4089103,O=C1C=C[C@]2(C[C@H](OC(=O)/C=C/c3ccc([N+](=O)[O-])cc3)[C@@H](c3ccccc3)O2)O1
CHEMBL83745,CN1C(=O)c2ccccc2C12CCN(CC[C@H](CN(C)S(=O)(=O)c1ccccc1)c1cccc(Cl)c1)CC2
CHEMBL3664647,C[C@@H](c1ccc(-c2ccn(C)c(=O)c2)cc1)N1CC[C@](CC(C)(C)O)(c2cccc(F)c2)OC1=O
CHEMBL209976,CC(C)C(=O)N(Cc1ccc(Cl)c(Cl)c1)c1ncc(C(O)(C(F)(F)F)C(F)(F)F)s1
CHEMBL193335,CN1CCN(CCCN2C(=O)[C@@H]3Cc4ccccc4CN3C2=O)CC1
CHEMBL1915292,CCOc1cc2c(cc1OCC)C(c1cc3ccccc3s1)=NNC(=O)C2
CHEMBL63029,CCCN(c1ncc(C)c(-c2ccc(Br)cc2)n1)C(C1CC1)C1CC1
CHEMBL3968103,O=c1[nH]cnc2[nH]c(-c3cccc4ccc(Oc5ccccc5)nc34)cc12
CHEMBL4596444,N=C(N)c1ccc(NC(=O)c2ccccc2O)c(F)c1
CHEMBL4910989,Cc1ccc(N2C(=O)N[C@H]3C[C@]2(C)Oc2ccc(Cl)cc23)c(C)c1
CHEMBL5278960,CCSc1nn2c3c(c(C)nc2c1C#N)Nc1ccccc1C(=O)N3C1CCCCC1
CHEMBL2029376,NC(=O)NC(=O)[C@@H]1CCCN1C(=O)[C@H](CC1CCCC1)CN(O)C=O
CHEMBL1475869,COC(=O)C1CCN(S(=O)(=O)CCNC(=O)c2ccc3c(c2)OCO3)CC1
CHEMBL1076463,COc1cccc(CN(C(=O)C2=C(c3ccc(CCCOc4c(F)ccc(F)c4Cl)cc3)CCNC2)C2CC2)c1C
CHEMBL237328,CC1(C)CN(c2ccc(C(=O)Nc3ccccc3N)cn2)CCN1S(=O)(=O)c1ccccc1
CHEMBL540323,Cl.O=C(O)C1CCCN(CCOC(c2ccc(Cl)c(Cl)c2)C2CCCCC2)C1
CHEMBL4894718,C[C@@H](Cc1nc(-c2nccn2C)cs1)n1cc(Cl)cn1
CHEMBL428752,C=CCNC(=O)C(C)(C(C)C)N(CCCn1ccnc1)C(=O)c1cccnc1
CHEMBL70498,CSC1=Nc2ccccc2C2=NC(CN3CCN(c4ccccc4Cl)CC3)CN12
CHEMBL1564496,Cc1cccc(-n2ccnc2SCC(=O)Nc2ccc3c(c2)OCCO3)c1
CHEMBL1290379,COc1ccc(-c2ccn(-c3ccc4c(cnn4CCN4CCCC4)c3)c(=O)c2)c(F)c1
CHEMBL55490,C=C1/C(=C\C=C2/CCC[C@]3(C)[C@@H]([C@H](C)CCCC4(C)CO4)CC[C@@H]23)C[C@@H](O)C[C@@H]1O
CHEMBL4982554,Cc1nn(-c2ncccn2)c2c1[C@@H](c1ccccc1)CC(=O)N2
CHEMBL5491686,CC1CCN(CC(=O)Nc2cccc3ncccc23)CC1
CHEMBL1326285,CCN(CC)CC(=O)NC1CC(C)(C)Cc2c1cnn2-c1ccc(F)cc1
CHEMBL2283535,C(/C=C/c1ccccc1)=N/C1Oc2ccccc2CC1c1noc(/C=C/c2ccccc2)n1
CHEMBL5430918,O=C(Cc1ccc(O)cc1)Nc1nnc(CCCNc2nonc2/C(=N\O)NCCc2ccc(Cl)cc2)s1
CHEMBL3453460,CN(Cc1cccs1)C(=O)CN1C(=O)c2cc(Cl)c(Cl)cc2C1=O
CHEMBL5308284,CC(C)C(NS(=O)(=O)c1ccccc1)C(=O)Nc1ccccc1
CHEMBL2313298,Cn1c(=O)c2c(cc(/C=C/c3ccc(C(F)(F)F)cc3)n2C)n(C)c1=O
CHEMBL1808100,COC(=O)c1ccc(OC)cc1Oc1nc[nH]c(=O)c1/C=C/C(C)=O
CHEMBL3277063,Br.CCn1c2c(c3ccccc31)CCC2(C)CCN(C)C
CHEMBL35223,CCCCCCN=c1ccn(CCCCCCCCCCCCCCn2ccc(=NCCCCCC)cc2)cc1.Cl.Cl
CHEMBL1861353,O/N=C(\NCc1ccccc1)c1ccc(Oc2ccc(F)cc2)nc1
CHEMBL291604,CC(C)NC(=O)OCc1c(COC(=O)NC(C)C)c(-c2ccc(Cl)c(Cl)c2)n2c1CS(=O)(=O)C2
CHEMBL2336652,O=C1c2ccccc2C(=O)c2c1ccc1nc(CCN3CCN(c4ccccc4)CC3)[nH]c21
CHEMBL357041,COC(=O)[C@@]1(C)CCC[C@]2(C)c3cc(O)c(O)cc3CCC12
CHEMBL4764010,NS(=O)(=O)c1cccc(NC(=O)CCc2ccccc2)c1
CHEMBL180110,CN(C)CCn1ccc2cc(NS(=O)(=O)c3cccc4ccccc34)ccc21
CHEMBL4293415,CCS(=O)(=O)c1ccc(CC(=O)Nc2ccc(C(C)(C)C(=O)N(C)c3ccccc3)cc2)cc1
CHEMBL233682,COc1cccc(CN2CC(=O)N(C)c3ccccc3C2=O)c1
CHEMBL4567321,C[C@@H](NC(=O)c1cc(-c2ccc(F)cc2)nn1C)c1ccc(S(=O)(=O)C(C)(C)C(=O)O)cc1
CHEMBL3891687,CC(c1nc2ccccc2c(=O)n1-c1ccc(F)cc1)N(C)C(=O)Nc1ccc(C(F)(F)F)cc1
CHEMBL127824,NC(=O)OCc1c2c(n3c1CCC3)C(=O)C=C(N1CC1)C2=O
CHEMBL5418663,O=C(Cc1cccc(F)c1)N1CCn2c3ccccc3c(=O)c3cccc1c32
CHEMBL3099645,COc1ccc(-c2cn3nc(-c4ccc(NCc5ccc(F)cc5F)c([N+](=O)[O-])c4)sc3n2)cc1
CHEMBL3198012,CCN(CC)c1ccc(/C=N/NC(=O)OC(C)(C)C)cc1
CHEMBL5024623,CC(C)c1c[nH]nc1NC(=O)[C@H]1CC1(F)F
CHEMBL2359520,COCCNC(=O)C1(C)CCCN(C(=O)c2ccc(-c3ccccc3)cc2)C1
CHEMBL1414698,N#Cc1ccc(CN2CCC3(CC2)CCN(C(=O)c2cccc(F)c2)CC3)cc1
CHEMBL362565,CN1C2CCC1C(C(=O)OCCOS(=O)(=O)c1ccccc1)C(c1ccc(Br)cc1)C2
CHEMBL4519092,CNCCC(=O)Nc1sc2c(c1-c1nc3ccccc3s1)CCN(C(C)C)C2
CHEMBL434317,CCCCOc1ccc(-c2[nH]ncc2C)cc1
CHEMBL1500457,C=CCC(Nc1ccco1)c1ccccc1.Cl
CHEMBL1536799,CCOC(=O)c1ccccc1OC(=O)C[S+]([O-])c1ccccc1[N+](=O)[O-]
CHEMBL4763885,COC(=O)CN(C(=O)C(C)C)c1ccc([N+](=O)[O-])c(C(F)(F)F)c1
CHEMBL112637,CCCc1nc(C(=O)O)cn1Cc1ccc(-c2ccccc2C(=O)O)cc1
CHEMBL2135451,c1ccc(-c2ccc3cnccc3n2)cc1
CHEMBL1950164,c1ccc2c(c1)Cc1cc(O[C@@H]3CN4CCC3CC4)ccc1-2
CHEMBL5312661,COc1ccc(-c2csc3ncnc(N(C)C4CCN(C[C@H]5CCOC5)CC4)c23)cc1
CHEMBL4974861,O=C(N[C@@H](N1CCOCC1)C(Cl)(Cl)Cl)c1cccs1
CHEMBL1428419,O=C(CCS(=O)(=O)Cc1ccccc1)N1CCN(c2ccc([N+](=O)[O-])cc2)CC1
CHEMBL4968464,COCC(=O)Nc1cc(-c2ccc3c(c2)CCCC3)nn1-c1ccccc1
CHEMBL1643283,COc1cc2c(=O)c(C(=O)c3ccc(C)cc3)cn(Cc3ccc(Cl)cc3)c2cc1OC
CHEMBL4535064,CCOC(=O)NCCC(=O)N1CCCCCC1
CHEMBL4243630,Cn1ncc2cc(Nc3n[nH]c4cccnc34)ccc21
CHEMBL1222727,O=C(Nc1ccc(Cl)c(Cl)c1)c1ccc(Cl)cc1Cl
CHEMBL1556718,CCCn1c(=O)[nH]c(=O)c2c1nc(-c1ccc3c(c1)OCCO3)n2CCN1CCOCC1
CHEMBL5219219,Fc1ccc(-c2ccc3ncc(-c4noc(C(F)(F)F)n4)cc3c2)cc1
CHEMBL1423073,O=S(=O)(c1ccc(NC2CCCc3ccccc32)nc1)N1CCOCC1
CHEMBL4554505,COc1cc(Br)ccc1O[C@H](C)Cn1cc(-c2ccc(F)cc2)nn1
CHEMBL5202595,CC(C)CN(Cc1ccc(C(=O)NO)cc1)S(=O)(=O)c1cc(F)c(F)c(F)c1F
CHEMBL1728210,CCn1nc(C)cc1C(=O)N1CCCC(C(=O)c2ccccc2SC)C1
CHEMBL3601307,CS(=O)(=O)Nc1cccc([C@@H](O)CNCCOc2ccc3c(C4CCC4)n[nH]c3c2)c1
CHEMBL1491008,COCCCNC(=O)CN1C(=O)COc2ccc(S(=O)(=O)N3CCCCCC3)cc21
CHEMBL400554,CCOc1cc(NC2CCCC2)cc2c(-c3ccnc(NC4CCCC4)n3)c(-c3ccc(F)cc3)nn12
CHEMBL3208593,Br.O=S1(=O)C[C@@H]2N=C(N/N=C/c3ccccc3)S[C@@H]2C1
CHEMBL4745337,CCCC(=O)O[C@@H]1[C@@H](OC(=O)CCC)[C@]2(C)[C@@]3(C)CCC(C)=C[C@H]3O[C@H]1[C@@]21CO1
CHEMBL450313,O=C(NC[C@H]1O[C@@H](n2cnc3c(NCc4ccc(Oc5ccccc5)cc4)ncnc32)[C@H](O)[C@@H]1O)c1ccc2c(c1)[nH]c(=O)n2Cc1ccccn1
CHEMBL3770786,COc1cccc(-c2cc(CNC34CC5CC(CC(C5)C3)C4)no2)c1
CHEMBL1610304,CC(=O)C1=C(O)C(=O)N(CCc2c(C)[nH]c3ccccc23)C1c1cccc(F)c1
CHEMBL5272411,CC(/C=C/C(=O)NO)=C\C(C)C1CCC2/C(=C/C=C3CC(O)CC(O)C3)CCCC21C
CHEMBL4966161,O=C(NCCc1ncc[nH]1)c1ccc2c(Br)cccc2c1
CHEMBL4988472,CCOc1ccc(CCNC(=O)c2nn(-c3ccccc3)c(=O)n(C)c2=O)cc1OCC
CHEMBL1982433,CC(C)C/N=C/C1=C(O)c2ccccc2C1=O
CHEMBL1897321,CSc1c(CN2CCN(C)CC2)c2ccccc2n1C.Cl
CHEMBL244442,O=C(O)c1c[nH]c2c(Cl)c(Cl)c3ncccc3c2c1=O
CHEMBL446213,O=C1c2nc[nH]c2C(=O)N1CCN1CCCCC1
CHEMBL3982992,Cc1cccc(C)c1N1CC(C(=O)Nc2ccc(Cl)cc2Cl)CC1=O
CHEMBL1259111,O=C1Nc2c(ccc(F)c2F)C1(c1ccc(O)cc1)C1CCCCC1
CHEMBL4078352,ClC1=C(Cl)C(Cl)=C(Cl)C1=NNc1cc(Cl)cc(Cl)c1
CHEMBL4895579,Cc1ccoc1C(=O)N1CC[C@@]2(CCCN(CCc3ccccc3)C2)C1
CHEMBL3589037,CNCCN(C)Cc1cn[nH]c1-c1cc(OCCC2CCCCC2)cc(C(F)(F)F)c1
CHEMBL1967705,COc1cc2c3c(c1)CCCN3CCC2
CHEMBL1481961,CC1(C)C(c2ccccc2)=NC(c2ccccc2)N1O
CHEMBL378098,Cc1cccc(NC(=O)CN2N=C(C3CCCCC3)c3ccccc3N(CC(=O)C(C)(C)C)C2=O)c1
CHEMBL4455927,COc1ccc2nc(Nc3nc(Nc4ccc(S(C)(=O)=O)cc4)ncc3F)sc2c1
CHEMBL499653,COc1ccc(-c2snnc2-c2cc(Cl)c(O)c(Cl)c2O)cc1
CHEMBL2105827,CC(I)C1OCC(CO)O1
CHEMBL336630,O=C(NC1CCNCC1)N1CC[C@@H]2[C@H]1C(=O)N2S(=O)(=O)[O-].[Na+]
CHEMBL5498904,CCCCCNC(=O)C[N+](C)(C)CCCCCOc1ccc(/C=C/C(=O)c2c(OC)cc3c(c2O)C=CC(C)(C)O3)cc1
CHEMBL3139485,Cc1c(Cl)nc(N[C@H]2CC[C@H](N)CC2)c(=O)n1CC(=O)Nc1cccc(CN)c1
CHEMBL4972441,CCc1nnc(CN(C)Cc2nnc(-c3cccnc3)o2)o1
CHEMBL4793210,O=C(c1cccc(Cl)c1Cl)N1CCC(Nc2ncnc3[nH]ncc23)CC1
CHEMBL1800647,O=C1c2cccc3c(Br)ccc(c23)C(=O)N1CCCCCn1ccnc1
CHEMBL1945980,COc1cc(C(=O)Nc2ccc(-c3ccccc3)cc2F)cc(O)c1O
CHEMBL1438977,O=C(NCCC1CCCCN1S(=O)(=O)c1cccs1)C(=O)Nc1ccc(F)cc1
CHEMBL2009930,Cc1cc(-c2nc3ccccc3s2)ccc1NC(=O)[C@H](C)N
CHEMBL5266444,O=C(O)CC[C@H](NC(=O)N[C@@H](CCCCNC(=O)C1CCC(CNC(=O)CN2CCN(CC(=O)O)CCN(CC(=O)O)CCN(CC(=O)O)CC2)CC1)C(=O)O)C(=O)O
CHEMBL511481,C=C1C[C@H]2O[C@H]([C@H]3[C@@H]2[C@](C)(OC(C)=O)CC[C@@H]3C(C)C)[C@](C)(OC(C)=O)CC[C@@H]1O
CHEMBL64919,O=C(O)CC1C(=O)N(Cc2cccc(C(F)(F)F)c2)C(=O)c2ccccc21
CHEMBL507406,CC(C)[C@H](NC(=O)[C@@H]1CSSC(C)(C)[C@@H](NC(=O)[C@@H](N)Cc2cccc3ccccc23)C(=O)N[C@@H](Cc2ccccc2)C(=O)N[C@H](Cc2c[nH]c3ccccc23)C(=O)N[C@@H](CCCN)C(=O)N[C@@H](Cc2ccc(O)cc2)C(=O)N1)C(=O)O
CHEMBL3694337,N#Cc1cnc(NC(=O)Nc2ccc(CCNCc3ccc(F)cc3F)cc2)cn1
CHEMBL191538,O=C(N[C@@H](Cc1ccccc1)C(=O)Nc1ccc([N+](=O)[O-])cc1)c1ccccc1
CHEMBL4552902,O=C1NCCN1Cc1[nH]c2c(-c3ccccc3)c(-c3ccccc3)nn2c(=O)c1-c1ccc2ncccc2c1
CHEMBL1557932,CC[n+]1c(/C=C2\C=C(C)CC(C)(C)C2)sc2ccccc21.[I-]
CHEMBL199310,O=P(O)(O)C(O)(C[n+]1ccccc1)P(=O)(O)O
CHEMBL542023,Cl.O=c1c(CN2CCOCC2)coc2cc3ccccc3cc12
CHEMBL1413757,CCc1ccc(C(=O)c2cn(CC(=O)Nc3ccc4c(c3)OCO4)c3ccc(CC)cc3c2=O)cc1
CHEMBL1983415,Clc1ccc(-c2c(C3=NCCN3)nnn2-c2ccccc2)cc1
CHEMBL1253374,CC(C)(C)OC(=O)[C@H](CCCCNC(=O)OCc1ccccc1)NC(=O)[C@@H]1C[C@@H](OCc2ccccc2)CN1C(=O)OC(C)(C)C
CHEMBL4915859,CCN(CC)CC#CC1(OCCC#N)CCCCC1
CHEMBL4919762,O=C(Nc1ncc(Cc2ccccc2)s1)c1cc(S(=O)(=O)N2CCCCC2)ccc1Cl
CHEMBL5169841,COc1ccc(Cl)cc1-n1nc(C)nc1[C@@H]1O[C@H](CO)[C@H](O)[C@H](n2cc(-c3cc(F)c(F)c(F)c3)nn2)[C@H]1O
CHEMBL1092111,CCCCCCCCc1ccc2c(c1)CC[C@@H](C(N)(CO)CO)C2
CHEMBL3895153,c1cc(-c2n[nH]c3cnc(-n4ccnc4)cc23)nc(N2CCCCC2)c1
CHEMBL187335,C=C/C=C\[C@H](C)[C@H](OC(N)=O)[C@@H](C)[C@H](O)[C@@H](C)C/C(C)=C\[C@H](C)[C@@H](O)[C@@H](C)/C=C\[C@@H](O)C[C@@H]1OC(=O)C(C)=C[C@H]1C
CHEMBL4250475,O=S(=O)(c1cccc2ncccc12)N1CCC[C@@H]1CCN1CCC(c2noc3cc(F)ccc23)CC1
CHEMBL1450528,COCCOC(=O)C1=C(N)Oc2c(oc(CO)cc2=O)C1c1c(F)cccc1Cl
CHEMBL2107424,COc1cc(OC)cc(OCCO)c1
CHEMBL3963956,CCOC(=O)/C=C/c1cn(Cc2ccc(Cl)cc2)c(Nc2ccc(OC(C)C)c(Cl)c2)nc1=O
CHEMBL3580776,N[C@@H](CC(=O)N1CC(=O)Nc2ccccc2C1)[C@H]1CCc2cc(F)c(F)cc21
CHEMBL126686,CC(C)CCCC(C)C1CCC2C3C(CC[C@]12C)[C@@]1(C)C=CC(=O)NC1C[C@@H]3C
CHEMBL1358198,Cc1cccc(N2CCN(C(=O)c3cc(S(=O)(=O)N4CCC(C)CC4)cn3C)CC2)c1C
CHEMBL4075269,COc1ccc2nc(/C=N/c3cccnc3Nc3ccc(F)cc3)sc2c1
CHEMBL4930589,Cc1n[nH]c(C(=O)NC[C@@H](CO)Cc2ccco2)c1Cl
CHEMBL1468321,c1cncc(-c2nnc(-c3ccco3)o2)c1
CHEMBL4939118,CCc1noc(C)c1Cn1nc(CO)c(=O)cc1C
CHEMBL5085510,N#Cc1cccc(C(=O)c2cnc(NCc3ccccc3)nc2)c1
CHEMBL13650,COc1ccc2ccc3nc(C(N)=O)cn3c2c1
CHEMBL2386081,O=C(O)Cn1c2c(c3cc(F)ccc31)CN(C(=O)c1cccc3ccccc13)CC2
CHEMBL3310516,CN(C)S(=O)(=O)c1cc(Br)c(O)c2ncccc12
CHEMBL5283460,Nc1ncnc2c1c(-c1cc(O)c(Br)c(F)c1)nn2[C@H]1CCc2ccccc21
CHEMBL4216544,CCNC(=O)N1CCc2c(Br)c3c(c(OC)c2C1Cc1cccc(OC)c1OC)OCO3
CHEMBL4855633,COc1ccccc1C1=C(Nc2cccc(-c3ccsc3)c2)C(=O)NC1=O
CHEMBL1327447,CCc1nnc(NC(=O)CSc2nnc(C3CCCCC3)n2-c2ccccc2)s1
CHEMBL1437555,CN(C)S(=O)(=O)N(CC(=O)NCCSCc1ccc(Cl)cc1Cl)c1ccccc1
CHEMBL1523040,Cc1[nH]c2ccccc2c1/C=C(\C#N)C(=O)NC(C)c1ccccc1
CHEMBL4210729,COc1ccc(Cn2cc(C(=O)NCCCNc3c4c(nc5cc(Cl)ccc35)CCCC4)c(=O)c3ccccc32)cc1
CHEMBL3310110,Cl.NC(N)=NC(=O)c1ccc2c(c1)C(O)c1cc(Cl)ccc1-2
CHEMBL1222557,CC(=O)O[C@@]1(C)[C@@H](COC(=O)c2ccccc2)O[C@@H](n2cnc3c(NC4CC4)ncnc32)[C@]1(C)F
CHEMBL182018,C[C@H](Cc1c[nH]c2c(OS(C)(=O)=O)cccc12)NC[C@H](O)c1cccc(NC/C=C/c2ccccc2)c1
CHEMBL460523,CCN(CC)C(=O)c1c(N(C)CC)c2cccnc2n2c(C(C)C)nnc12
CHEMBL472006,COc1ccc(C(=O)OCC2(CO)C/C(=C/c3cccnc3)C(=O)O2)cc1
CHEMBL5288246,Cc1nc2ccc(Br)cc2c(=O)n1NC1=NOC(c2ccccc2)C1
CHEMBL434273,CCCC(=O)NC(Cc1ccc(O)cc1)C(=O)NCCCCCCCCCNCCN
CHEMBL2064446,Cc1nc(C(NC(=O)C(=O)Nc2ccc(Cl)cc2)C2CCCCN2)sc1CCO
CHEMBL1482954,COC(=O)C1=C(CS(=O)(=O)c2cc(Cl)ccc2OC)NC(=O)NC1c1ccc(O)cc1
CHEMBL3601807,O=C1c2ccccc2OC2c3[nH]c4ccc(Cl)cc4c3CCN12
CHEMBL362032,Fc1ccc(C2C/C(=C\c3ccccc3Br)C3=Nc4ccccc4CN32)cc1
CHEMBL3634507,Cn1cc(NC(=O)c2ccc3cnc(N[C@@H]4CCCNC4)nn23)c(C(F)F)n1
CHEMBL3500689,O=C(O)C(F)(F)F.O=C1CCCN1Cc1nnc2n1CCN(Cc1ccoc1)CC2
CHEMBL3695249,O=C(O)CN(CCNc1nc2ccccc2n([C@H]2C[C@H]3CC[C@@H](C2)N3C2CCCCCCC2)c1=O)CC(=O)O
CHEMBL3339319,CCN(c1ccc(OC)cc1)c1nc(C)nc2c1nc(C)n2C
CHEMBL3667244,NCc1ccc(-c2c(O)cc(Br)c3[nH]c(=O)c4sccc4c23)cc1
CHEMBL3701528,Cn1cnc2cc(-c3ccc(C(C)(C)N)cc3)nc(NCCCO)c2c1=O
CHEMBL1789267,CC1(C)C=C(CNc2ccc3c(c2)Cc2cc(Br)ccc2-3)CC(C)(C)N1O
CHEMBL1325999,C=CCOC(=O)N[C@H](/C(C(=O)OC)=C(\C)NCc1ccccc1)c1ccc(C)cc1
CHEMBL395348,Clc1cnc2sc(C3CCCCC3)c(C3=NCCN3)c2c1
CHEMBL3740277,N=C(N)NCCC[C@H](NC(=O)c1ccccc1)C(=O)N[C@@H](CCCCN)C(=O)N[C@@H](C(N)=O)c1ccccc1
CHEMBL4566831,COc1ccc(C(=O)Cn2cc(CN/C(C)=C3\C(=O)C=C4Oc5c(C(C)=O)c(O)c(C)c(O)c5C4(C)C3=O)nn2)cc1
CHEMBL596776,Cc1coc2c1c(=O)oc1c3cccc(OCCN(C)C)c3ccc21
CHEMBL169461,CC(NC(=O)[C@@H](O)[C@H](N)CC1CCCCC1)c1ccc2ccccc2c1
CHEMBL1255071,O=C1OC(c2cc(I)c(O)c(I)c2)(C2C=C(I)C(O)C(I)=C2)c2ccccc21
CHEMBL3139777,CC[n+]1cccc(-c2nc(C)ns2)c1
CHEMBL3792810,COc1nc(-c2cc3ccccc3o2)cc(-c2ccc(Cl)cc2)c1C#N
CHEMBL2436751,COc1cccc(N(C)S(=O)(=O)c2ccc(-c3ccsc3)cc2)c1
CHEMBL5394221,COc1ccc2c(c1OC)C(=O)O[C@@H]2[C@H]1c2c(c(CCCC(F)(F)F)c3c(c2OC)OCO3)CCN1C(=O)OC(C)(C)C
CHEMBL2283508,CCOC(=O)C1=C(N)N(Nc2ccc(F)cc2)C2=C(C(=O)CC(C)(C)C2)C1c1cc2cc(Cl)ccc2nc1Cl
CHEMBL596786,CCOC(=O)c1c(-c2ccccc2)csc1NC(=O)C1C2C=CC(C2)C1C(=O)O
CHEMBL3741420,Cc1cc(COc2cccc(S(C)(=O)=O)c2)nc(-c2ccccn2)n1
CHEMBL3643283,Cc1ccc(NS(=O)(=O)CC(C)C)cc1Nc1ncnc2cnc(N3CCN(C)CC3)nc12
CHEMBL3793968,COc1cc(-c2cc(-c3cc4ccccc4o3)nc(OC)c2C#N)cc(OC)c1OC
CHEMBL3823823,CCCCCCCCNC1=CC(=O)C(C(C)(C)C)=CC1=O
CHEMBL3972169,CCCc1c(Cn2ccnc2-c2cccc(F)n2)ncn2nc(C3CCC3)nc12
CHEMBL87187,Nc1cccc(-c2ccc(CCN3CCN(c4cccc5cccnc45)CC3)cc2)n1
CHEMBL1631059,NCCCCCNC(=O)CN1CN(c2ccccc2)C2(CCN(C(=O)c3ccc(C4CCCCC4)cc3)CC2)C1=O
CHEMBL4779958,Cc1c(NC(=S)Nc2ccc3c(c2)OCO3)c(=O)n(-c2ccccc2)n1C
CHEMBL1563392,Nc1c(N(Cc2ccco2)C(=O)COc2ccccc2Cl)c(=O)[nH]c(=O)n1Cc1ccccc1
CHEMBL5206551,N[C@@H]1C[C@@H]1c1cc(F)c(Br)cc1F
CHEMBL1880497,O=S(=O)(c1cc(Cl)ccc1Cl)N1CCN(c2ccccn2)CC1
CHEMBL278046,CC1CCC(=NNc2ccc(Br)cc2Cl)c2ncc(C(=O)O)c(=O)n21
CHEMBL4778913,CN1CCN(c2ccc(NCc3cccc(Cl)c3)cc2)CC1
CHEMBL4939055,CC1CCN(Cn2c(=S)sc3ccccc32)CC1
CHEMBL4585211,COc1ccc(NC(=O)CCOCC(C)C)c(OC)c1
CHEMBL4094248,O=C(NC1C[C@H](c2cccc(CO)c2)Oc2ccccc21)C1(c2ccc3c(c2)OC(F)(F)O3)CC1
CHEMBL3758200,CCCCCCCCCCCC(=O)OC[C@H](CO[C@@H]1O[C@H](CO)[C@@H](O)[C@H](O)[C@H]1O)OC(=O)CCCCCCCCCCC
CHEMBL1672942,O=C(Nc1ccc(C2S/C(=N\c3ccc(C(F)(F)F)c(F)c3)N(Cc3ccco3)C2=O)cc1)[C@@H]1CCCN1C(=O)OCc1ccccc1
CHEMBL4646888,CCn1cc(C(=O)O)c(=O)c2cc(F)c(-c3cc4ccccc4oc3=O)cc21
CHEMBL570885,C=CCOC(=O)NCCSc1nc2ccc(NC(=O)c3coc4c3C(=O)CCC4)cc2s1
CHEMBL3221334,Cc1ccc(CN2C(=O)/C(=C3\SC(=S)N(CCCCCC(=O)O)C3=O)c3ccccc32)cc1
CHEMBL489590,CN(CCN1CCCCC1)C(=O)N1CCN(c2cccc(Cl)c2)CC1
CHEMBL2029355,O=c1c(-c2ccc(Oc3ccc(OC(F)(F)F)cc3)cc2)c(CO)[nH]c2ccccc12
CHEMBL5197130,CCCCNc1ncc(-c2cccc([18F])n2)c(NC2CCC(O)CC2)n1
CHEMBL4595347,CC1=CC(C)=C(C(=O)O)C2=N[N+]3(CCN(c4cc5c(cc4F)c(=O)c(C(=O)O)cn5C4CC4)CC3)CN12
CHEMBL1081157,CC1(C)CC[C@]2(C)CC[C@]3(C(=O)O)C(=CC[C@@H]4[C@@]5(C)CCC(=O)C(C)(C)[C@@H]5CC[C@]43C)[C@@H]2C1
CHEMBL5221066,COC(=O)[C@@]12C(=O)C(=O)O[C@@]3(C=C1C)[C@]2(C)C[C@@H]1OC(=O)[C@]32CC[C@H](OC(C)=O)C(C)(C)[C@@H]12
CHEMBL5012033,O=S(=O)(c1cccs1)N1CC[C@H](n2ccnn2)C1
CHEMBL1389999,CCCCCn1c(SCC2CCCO2)nc2cc(C(=O)N3CCC(C(N)=O)CC3)ccc2c1=O
CHEMBL72673,CC(C(=O)O)c1ccc(Nc2ccccn2)c(Cl)c1
CHEMBL3922044,CC[C@H](CN1CC[C@H](CNC(=O)c2ccc(Cl)c(Cl)c2)N[C@H](CCNCc2ccccc2)C1=O)c1ccccc1
CHEMBL5500150,O=C(N[C@@H]1CNCC[C@H]1c1cc(F)c(F)c(F)c1)c1cc2c(s1)OCCn1ncc(Cl)c1-2
CHEMBL144721,COc1ccc(/C=C/C(=O)c2ccccc2OC)c(OC)c1
CHEMBL1350694,O=C(NC(Nc1ncccn1)C(=O)c1ccccc1)c1ccccc1
CHEMBL1622936,Cc1ccc(-c2cc(-c3ccc(C)cc3)[n+](C)o2)cc1
CHEMBL128531,CC(C(=O)NCCCCC(=O)O)c1ccc2cc(OCc3ccc4ccccc4n3)ccc2c1
CHEMBL1188008,CCCCCCCCCCCCCCCCCCNC1CCc2cc(O)ccc2C1
CHEMBL59897,COC(=O)C1C2CCC3CCC1N(C/C2=C\c1ccc(-c2ccc(N(C)C)cc2)cc1)C3
CHEMBL3765638,CON(C)C(=O)C1CC1c1ccc(C(=O)NCc2ccccc2C(F)(F)F)cc1
CHEMBL2142130,CCCCCNC(=O)C(c1cc2ccccc2o1)n1c(=O)c(-c2ccccc2)nc2ccccc21
CHEMBL3192204,CCCOc1ccc(/C=N/Nc2ccc(C(=O)O)cc2)c(OCCC)c1.O=S(=O)(O)O
CHEMBL476062,COc1ccccc1N1CCN(CCN2C(=O)C[C@H](NC(=O)C3CCCCC3)C2=O)CC1
CHEMBL1933469,COc1ccc(NC(=O)NCC(=O)N[C@H](C(=O)NCC(=O)N[C@H](C(=O)N2CCC[C@H]2C(=O)N2CCC(c3noc4cc(F)ccc34)CC2)C(C)C)C(C)C)cc1
CHEMBL125647,CCCCc1nc2[nH]cnc2c2nc(-c3ccco3)nn12
CHEMBL1626474,O=C(CN1CC[n+]2c(-c3cccs3)csc21)c1ccc(-c2ccccc2)cc1
CHEMBL1476963,COC(=O)c1ccc(CSc2nnc3ccc4ccccc4n23)cc1
CHEMBL5312174,CCCN1CCC(N2C[C@H](NC3CCC(CC)CC3)C[C@H]2C(=O)NC)CC1
CHEMBL1618080,Sc1nnc(Cc2nc(-c3ccccc3)no2)n1Cc1ccccc1-c1ccccc1
CHEMBL2286869,CCCCNc1nc(C(Cl)(Cl)Cl)nc(C(Cl)(Cl)Cl)n1
CHEMBL3417372,COc1ccc(C(=O)/C=C/c2ccc(OCC(=O)NCCCCCCNc3ccnc4cc(Cl)ccc34)cc2)cc1
CHEMBL3490657,Cc1noc(C)c1C(=O)N1CCCC1c1c(C)nn(C)c1C
CHEMBL3729833,Fc1ccc(CN2CCN(Cc3c[nH]c4ccccc34)CC2)cc1
CHEMBL299647,C(CN1CC[N+]2(CCCC2)CC1)CN1CC[N+]2(CCCC2)CC1.[Br-].[Br-]
CHEMBL1933948,COc1ccc(Cn2cc(/C=N\NC(=O)c3c[nH]c4ccc(Br)cc34)c3ccc(F)cc32)cc1
CHEMBL3698550,CCOc1ccc(C#Cc2ccc(CCNC(C)=O)cc2)cn1
CHEMBL1093504,N#Cc1ccc(Nc2nccc(/C(=N\O)c3ccccc3Cl)n2)cc1
CHEMBL235247,Cc1ccc(C(=O)Nc2ccccc2F)c(O)c1
CHEMBL3913638,CC(C)Oc1ccc(-c2nc(-c3cccc4c3CC[C@H]4NC(=O)N3CC[C@H](N)C3)no2)cc1C#N
CHEMBL2262747,Oc1ccc(C(=S)N2CCOCC2)cc1
CHEMBL171555,COC(=O)[C@H](CC(C)C)NC(=O)[C@@H](O)[C@H](N)CCCCN
CHEMBL391604,CN1CC(=O)N/C1=N\C(=O)Nc1csc(Cl)c1
CHEMBL5267863,CCCCC(=O)N[C@H]1CCSC1=O
CHEMBL3277627,COC(=O)[C@H]1C[C@H]2CC[C@H]([C@H]1c1ccccc1)N2C
CHEMBL129921,COc1ccc(CCNC(=O)C(CC(=O)O)NC(=O)CCCCCCCN=C(N)N)cc1
CHEMBL2103831,COc1ccc2cc([C@H](C)C(=O)OCCCCO[N+](=O)[O-])ccc2c1
CHEMBL5494821,COc1ccc(-c2cc(C(=O)NCC3CCNCC3)cnc2-c2ccc(Cl)cc2)cn1
CHEMBL437984,CC(=O)O[C@H]1C(=O)[C@@]2(C)[C@H]([C@H](OC(=O)c3ccccc3)[C@]3(O)C[C@H](OC(=O)[C@H](OC(=O)N(C)CCN(C)C(=O)OCc4ccc(O[C@@H]5O[C@H](C(=O)O)[C@@H](O)[C@H](O)[C@H]5O)c([N+](=O)[O-])c4)[C@@H](NC(=O)OC(C)(C)C)c4ccccc4)C(C)=C1C3(C)C)[C@]1(OC(C)=O)CO[C@@H]1C[C@@H]2O
CHEMBL5417590,C/C=C(\C)C(=O)O[C@H]1[C@@H]2[C@@H](OC(C)=O)[C@@]34O[C@@]2(C)COC(=O)c2cccnc2CC[C@@](C)(OC(C)=O)C(=O)O[C@@H]([C@H](OC(C)=O)[C@H](OC(C)=O)[C@@]3(COC(C)=O)[C@@H]1OC(C)=O)[C@]4(C)O
CHEMBL4059611,CNC(=O)c1ccc(-c2cnc3nnn(C(C)c4ccc5nc(-c6cnn(C)c6)ccc5c4)c3n2)cc1F
CHEMBL1192151,C[C@H]1[C@H](N)CCN1c1ccc2c(=O)c(C(=O)O)cn(-c3nccs3)c2n1
CHEMBL485911,Cc1ccccc1CNC(=O)[C@H]1N(C(=O)[C@@H](O)[C@H](Cc2ccccc2)NC(=O)[C@@H](CS(=O)(=O)c2ccc3ccccc3c2)NS(C)(=O)=O)CSC1(C)C
CHEMBL451105,Cc1ccccc1O[C@H]1c2ccccc2OC[C@H]1CN(C)C
CHEMBL3794084,Cc1ccc(-c2cc(CNCc3c[nH]c4ccc(C)cc34)on2)cc1.Cl
CHEMBL1222173,CC(C)(C)OC(=O)NCCC[C@H](N)C(=O)O
CHEMBL4288941,CCC(O)(Cn1cncn1)c1ccc(Cl)cc1Cl
CHEMBL3287430,C=C1C(=O)[C@]23[C@H](OC(=O)C4CCCCC4)[C@H]1CC[C@H]2[C@@]12CO[C@]3(O)[C@@H](O)[C@@H]1C(C)(C)CCC2=O
CHEMBL3981506,COc1ccc(C(=O)C2CCN(C3CCN(CC(=O)Nc4noc5ncccc45)C3=O)CC2)cc1
CHEMBL3481801,CCc1nc(CNc2cc(C)nc(-c3cccnc3)n2)cs1
CHEMBL1611822,COc1ccccc1-c1oc2ccccc2c1C#CCCO
CHEMBL1377923,CCC(C)N1C(=O)NC(=O)C2(Cc3c(ccc4ccccc34)N(C)C2)C1=O
CHEMBL1170304,Cc1ccc(C2=Nc3ccccc3NC(C)(c3ccc(C)cc3)C2)cc1
CHEMBL3092525,CCC(=O)[C@H](Cc1ccccc1)NC(=O)CCc1nc2ccccc2c(=O)[nH]1
CHEMBL1350855,CCCNC(=O)c1csc2c1CCCCC2
CHEMBL1715850,CCc1nn2c(=O)c(S(=O)(=O)Nc3ccc(OC)c(Cl)c3)c(C)nc2s1
CHEMBL4439334,Oc1c(C(c2ccccn2)N2CCC(c3ccccc3F)CC2)ccc2cccnc12
CHEMBL3628948,Cc1ccc2c3c(nn2c1)CC[C@](NC(=O)c1c(Cl)cc(-n2cnc(C)n2)cc1Cl)(c1cccc(F)c1)C3
CHEMBL179984,CCOCCC1(Oc2ccc(Oc3ccc(C(C)(C)C)cc3)cc2)C(=O)NC(=O)C(N)C1=O
CHEMBL4890505,C[C@@H](c1cccnc1)N(C)CCc1cc(Cl)c2c(c1)OCCCO2
CHEMBL5004249,CCCc1nc2cc(CCC(=O)Nc3ccc(Br)cc3C)ccc2[nH]1
CHEMBL4870301,C[C@H]1C2=CC(=O)OC2=C[C@H]2[C@H]1C[C@@H](O)[C@H]1C(C)(C)CCC[C@]21C
CHEMBL2003023,C=C1C[C@]23CC[C@@H]4C(CO)(CO)CC(=O)C[C@]4(C)[C@@H]2C(O)C[C@H]1C3
CHEMBL120516,C[N+](C)(CCO)C1CCCCC1.[Br-]
CHEMBL4218723,CC(C)C[C@@H](N)C(=O)N[C@@H](CC(C)C)C(=O)N(C)[C@@H](CC(C)C)C(=O)N(C)[C@@H](CC(C)C)C(=O)NCCc1ccccc1
CHEMBL2079266,CCN[C@H]1CCC[C@H](c2c[nH]c3ccc(NC(=N)c4cccs4)cc23)C1
CHEMBL548340,Cc1cc(CN2CC[C@H](NC(=O)c3ccc(Cl)c(Cl)c3)C2)ccc1OC1CCN(C)C1
CHEMBL3134575,CCCCCCCCCCCC[n+]1ccn(Cc2cc3ccccc3c(-c3c(O)c(Cn4cc[n+](CCCCCCCCCCCC)c4)cc4ccccc34)c2O)c1.O=S(=O)([N-]S(=O)(=O)C(F)(F)F)C(F)(F)F.O=S(=O)([N-]S(=O)(=O)C(F)(F)F)C(F)(F)F
CHEMBL4452119,CC(C)CCOc1ccccc1-c1ccccc1OCc1cn([C@H](CCCCN)C(=O)NCCc2ccccc2)nn1.Cl
CHEMBL5196602,CC(C)COc1ccc(-c2ncc3c(=O)[nH][nH]c3n2)cc1C#N
CHEMBL5223016,N/C(CC(O)c1cc2ccccc2c2ccccc12)=N\CCc1ccccn1
CHEMBL161364,CN1CCC=C(c2nc(C3CCCC3)no2)C1.O=C(O)C(=O)O
CHEMBL468745,CCOC(=O)c1cnn(CC(O)CC)c1NC(=O)NC(C)C
CHEMBL1405133,Cc1ccc2c(c1)NC(=O)C(CC(=O)N(C)Cc1ccccc1)O2
CHEMBL4647096,C=C(C)[C@@H]1CC[C@@H]2[C@]3(CC[C@]4(C)[C@@H]([C@@H]5CC[C@H]([C@](C)(O)CO)OC5)CC[C@@]24C)C[C@]13CCC(=O)O
CHEMBL4090041,O=C(OCCOC(=O)c1cc(O)c(O)c(Br)c1)c1cc(O)c(O)c(Br)c1
CHEMBL3391815,COC1CC2C3/C(=N/Nc4ccc([N+](=O)[O-])cc4[N+](=O)[O-])CCC2(C)C3C1
CHEMBL2011232,N#Cc1ccccc1OC[C@@H](O)CNCCNC(=O)N1CCOCC1
CHEMBL4217875,Nc1nc(Cl)nc2c1ncn2[C@@H]1O[C@H](COCc2ccccc2Br)[C@@H](O)[C@@H]1F
CHEMBL1879198,COc1ccccc1C(=O)NCCC(=O)NCC(c1ccco1)N1CCCCC1
CHEMBL4977661,O=S1(=O)C[C@@H]2[C@H](C1)N(c1ncccn1)CCN2Cc1ccccn1
CHEMBL3469469,O=C(c1cc(Cl)c2c(c1)OCO2)N1CCN(c2nccs2)CC1
CHEMBL3209210,CCCCCC/C(O)=C1\C(=O)NC(=O)N(c2ccccc2OC)C1=O
CHEMBL370075,CCCCOC1(c2ccc(Br)cc2)SC=C(C)n2c1noc2=O
CHEMBL379057,CCCN(C/C=C/C(C)=C/C(=O)O)c1cc(C(C)(C)C)cc(C(C)(C)C)c1
CHEMBL1617440,C[N+](C)(C)CC(=O)Nc1ccc(Cl)cc1C(=O)c1ccccc1
CHEMBL3760018,Cc1cccc2c1C(=O)N(c1ccc(NC(=O)c3ncsc3C)cc1Cl)C2=O
CHEMBL1288218,CCCCCCC(N)C(=O)N(CC[N+](C)(C)C)OCc1ccccc1.Cl.[Cl-]
CHEMBL40764,N=C(N)NCCCC(C=O)NC(=O)CNC(=O)[C@H](CCCNC(=N)N)NS(=O)(=O)Cc1ccccc1
CHEMBL4890075,Cc1c(-c2noc(C(=O)NCCN3CCN(c4ccccc4F)CC3)n2)oc2c(C)cccc12
CHEMBL1497757,Cc1cc([N+](=O)[O-])nn1CC(=O)Nc1nccs1
CHEMBL4755058,CC(=O)Nc1cccc(OCCNCC2(F)CCN(C(=O)c3ccc(F)c(Cl)c3)CC2)c1
CHEMBL1650994,C=CCOc1c(I)cc(/C=C2\C(=O)N(c3ccc(C(=O)O)cc3)N=C2c2ccccc2)cc1OC
CHEMBL4100802,CCN(CC)CCN1C(=O)/C(=N\NC(=O)CN2CCOCC2)c2ccccc21
CHEMBL1407169,CCO.Nc1nc(N)c2cc(Sc3ccc4ccccc4c3)ccc2n1
CHEMBL4741998,CC(C)n1cnnc1-c1cccc(NC(=O)NCc2ccccc2)n1
CHEMBL1315451,Cc1ccc2c(CC(=O)Nc3ccc(S(=O)(=O)N4CCCCC4C)cc3)coc2c1C
CHEMBL4856949,Clc1ccccc1CNc1nc(/C=C/c2ccccc2)nc2ccsc12
CHEMBL3732087,O=C(NCCCCN1CCCC1)[C@H]1[C@H](C(=O)NCc2cccc(C(F)(F)F)c2F)[C@@H]2C=C[C@H]1C21CC1
CHEMBL3393919,COc1ccc2ccc(=O)oc2c1C1=NN(C(N)=O)C(c2ccc(C)cc2)C1
CHEMBL1214800,O=C(NCP(=O)(O)CO)c1ccccc1
CHEMBL402345,CNCc1cc(C(=O)N(C)C)ccc1Oc1ccc(Cl)cc1OC
CHEMBL317504,N[C@@H](CSC(=O)c1ccccc1O)C(=O)O
CHEMBL4212845,FC(F)(F)Oc1cccc(COc2cccc3onc(Nc4cccnc4)c23)c1
CHEMBL3639531,CN(C)C(=O)c1cc2cnc(Nc3ccc(N4CC(O)C4)cn3)nc2n1C1CCCC1
CHEMBL377627,CC(C)c1cc(C(C)C)c(S(=O)(=O)N[C@@H](Cc2cccc(C(=N)N)c2)C(=O)N2CCC(CCN=C(N)N)CC2)c(C(C)C)c1
CHEMBL1482112,COc1ccccc1N1CCN(C(CNS(=O)(=O)c2ccccc2)c2cccnc2)CC1
CHEMBL1878477,COCCNC(=O)CCN1N=C(c2ccccc2)CCC1=O
CHEMBL94476,CC1(C)N=C(N)N=C(N)N1c1ccc(OCc2ccc(S(=O)(=O)F)cc2)c(Cl)c1
CHEMBL1096099,Cc1nn(-c2ccccc2)c(C)c1Cc1nnc(Cc2ccc(Cl)cc2Cl)o1
CHEMBL399691,O=C(NCc1c(Cl)cccc1Oc1ccccc1)c1snnc1C1CC1
CHEMBL3559302,CCN(CC)CCn1cc2c3[nH]c4ccccc4c3cc(C(=O)OC)[n+]2c1
CHEMBL4997143,CNc1cc(C)nc(-c2cnn(CC(=O)Nc3nn(C)c4ccccc34)c2)n1
CHEMBL1721292,CCOC(=O)CC(NCc1ccc(OC)c(OCC)c1)c1ccc(C)cc1.Cl
CHEMBL1203312,CCNCCCCNCc1ccccc1CNCCCCNCC.Cl.Cl.Cl.Cl
CHEMBL375137,CC[C@H](C)[C@@H]1NC(=O)[C@H](Cc2c[nH]c3ccccc23)NC(=O)[C@@H](CC2CCCCC2)NC(=O)[C@@H]2CCCN2C(=O)[C@@H](NC(=O)[C@H](Cc2ccccc2)NC(C)=O)CCCNC1=O
CHEMBL1439707,COc1ccc(NC(=O)CSc2nc(N)c(C#N)cc2C#N)cc1
CHEMBL1822391,COc1ccc(CN2CC[C@H](N3CCC(C(=O)c4ccc(OC)cc4)CC3)[C@@H](O)C2)cc1
CHEMBL3980349,COc1cc(OC)c(-c2nc(-c3ccsc3)c(-c3ccccc3)[nH]2)cc1OC
CHEMBL237033,COc1ccc2c(c1)c(CCO)c(C)n2C(=O)c1ccc(Cl)cc1
CHEMBL479457,CC(=O)O/N=C(/N)CCCCCCCCCCCCC(=N)NOC(C)=O
CHEMBL5403464,Cc1noc(C)c1COc1cc(Cl)ccc1C(=O)NCCc1ccccc1
CHEMBL3928441,COc1ccc(CC(=O)O)cc1-c1ccc(F)c2c1CN(C(=O)[C@@H]1C[C@H]1c1ccccc1F)CC2
CHEMBL4572061,CC(C)(C)C(=O)CC(=O)Nc1ccc(C(F)(F)F)cc1
CHEMBL4093598,CCN(Cc1cccs1)C(=O)c1cc2cc(C)ccc2o1
CHEMBL1522290,N#Cc1ccc(CSc2nnc(-c3cccnc3)o2)cc1
CHEMBL1720623,COc1ccc(CNC(=O)CN2C(=O)COc3ccc(S(=O)(=O)N4CCC(C)CC4)cc32)cc1
CHEMBL2260879,c1ccc(N(CCOc2cccnc2)c2ccccc2)cc1
CHEMBL592511,NC(=O)c1c(-c2ccc(Oc3ccccc3)cc2)[nH]c(C(=O)c2cccc(F)c2)c1N
CHEMBL177634,COc1ccc(C(=O)NCCc2ccc(S(=O)(=O)N3CCN(C4CCCCC4)C3=N)cc2)cc1
CHEMBL1364136,CC(=O)c1ccc(NC(=O)COc2ccccc2C(=O)Nc2ccc(C)cn2)cc1
CHEMBL1618391,COc1ccc(C(=O)N2CCN(c3nc(C4CC4)nc4sc(C)c(C)c34)CC2)cc1
CHEMBL22481,COC(=O)C(=O)/C=C(\O)c1ccc(Cl)c(Cl)c1
CHEMBL1645043,Cc1ccc2[nH]c(=O)c(CN(Cc3ccco3)C(=O)c3ccc(Cl)cc3)cc2c1
CHEMBL4535294,CCOC(=O)c1c[nH]c2c(F)cc(F)cc2c1=O
CHEMBL3288281,O=C(NCc1ccc(F)cc1)C1C(=O)N(O)C(=O)c2cc(C(F)(F)F)ccc21
CHEMBL3216398,CCN(CC)c1cc(C)nc(-c2ccncc2)n1.Cl.Cl
CHEMBL4914813,CCc1nccc(CN(C)[C@@H](C)c2ccncn2)n1
CHEMBL3139024,Nc1ccc2ccc(CCNCCc3ccc(Cl)cc3)cc2n1
CHEMBL48471,Nc1nc(N)c2cc(S(=O)(=O)N3CCc4ccccc4C3)ccc2n1
CHEMBL1736613,O=C(Nc1ccccc1-c1nc2ccccc2s1)c1ccc(F)cc1
CHEMBL3732509,CCOC(=O)c1nnsc1Nc1ccccc1
CHEMBL2216761,CCCCCCCCCCCCCC[C@]1(C(=O)SCCNC(=O)CCNC(=O)[C@H](O)C(C)(C)COP(=O)(O)OP(=O)(O)OC[C@H]2O[C@@H](n3cnc4c(N)cnnc43)[C@H](O)[C@@H]2OP(=O)(O)O)CO1
CHEMBL3664882,O=S(=O)(N[C@H]1CC[C@H](CCN2CCC(c3cccc4c3OCO4)CC2)CC1)c1ccccc1
CHEMBL3827234,CCC(CC)(C(=O)N1CCN(c2cc(NCCN)c3ccccc3n2)CC1)c1ccccc1
CHEMBL1289505,Cc1cc(=O)oc2c3c(ccc12)C(=O)/C(=C\NC(C)C)C=C3C=O
CHEMBL2403741,Cc1cccc(NC(=O)CSC(=S)N[C@H]2CCOC2=O)c1
CHEMBL3304087,N=c1ccn2c(n1)O[C@@H]1[C@H](OC(=O)/C=C/c3ccco3)[C@@H](COC(=O)/C=C/c3ccco3)O[C@H]12
CHEMBL3442901,COCC1COCCC12CCN(C(=O)CCc1ccccc1C)CC2
CHEMBL150407,O=C(O)c1cc(-c2ccc(Br)cc2)nc2c(CO)cc(Cl)cc12
CHEMBL1904505,O=C(NCC1(N2CCCCC2)CCCCC1)c1ccc(Cl)s1
CHEMBL5181833,O=C(c1ccc(O)c(O)c1)c1cccc2c3ccccc3n(-c3ncccn3)c12
CHEMBL2270657,C=C(C)[C@@H]1CC[C@]2(C1)[C@H](C)C[C@H](O)C[C@H]2O
CHEMBL598099,CCN(Cc1ccncc1)C(=O)Cn1c(-c2ccoc2)c(C2CCCCC2)c2ccc(C(=O)O)cc21
CHEMBL3617055,CCCOc1ncccc1-c1cc(C(=O)NS(C)(=O)=O)ccc1Oc1ccc(Cl)cc1
CHEMBL289974,CC(=O)N[C@@H](CC(C)C)C(=O)N[C@@H](CC(=O)O)C(=O)N[C@H](C(N)=O)[C@@H](C)O
CHEMBL1897542,COc1ccc(NC(=O)C(=O)NCc2ccncc2)c(OC)c1
CHEMBL3488757,c1ccc2oc(CN3CCCC3c3noc(C4CC4)n3)nc2c1
CHEMBL139167,O=C(Cc1cc(C(F)(F)F)cc(C(F)(F)F)c1)NCC(c1ccc(Cl)c(Cl)c1)N1CCC(N2CCCCC2)CC1
CHEMBL3717822,COc1cc(C(=O)NC2CCCCC2C)cc(Cl)n1
CHEMBL3690472,O=C(NCC(F)(F)F)Nc1cccc(-c2cnc3cc(-c4nccc(N5CCC(O)CC5)n4)ccn23)c1
CHEMBL6644,COc1cccc2c1C[C@@H](CO)NC(=O)[C@H](C(C)C)N2C
CHEMBL1087396,O=C(NCCc1c[nH]c2ccc(O)cc12)N1CCN(Cc2ccc3ccccc3n2)CC1
CHEMBL1733114,COc1ccccc1C(=O)NCCC(=O)Nc1ccc(S(=O)(=O)N2CCCC(C)C2)cc1
CHEMBL2021581,COCC[C@H]1[C@@]2(c3ccc(Cl)c(Cl)c3)CNC[C@]12C
CHEMBL1272214,CCOC(=O)CCn1c(SC)nc(-c2ccc(F)cc2)c1-c1ccnc(NC(C)=O)c1
CHEMBL1479322,O=C(COc1cccnc1[N+](=O)[O-])N1CCN(S(=O)(=O)c2ccccc2)CC1
CHEMBL1999782,C/C=C1\CC(C(=O)OCC)CCCCCCCCCCC1=O
CHEMBL5094400,COc1ccc(N(C)C(=O)[C@H](Cc2ccccc2)NS(=O)(=O)c2cccc(C(=O)N3CCOCC3)c2)cc1
CHEMBL489583,O=C1OC(O)C(c2cccc(-c3ccc4ccccc4c3)c2)=C1c1ccc2ccccc2c1
CHEMBL1270483,Cc1ccc(CCCCN2CCC=C(CCC(=O)NO)C2=O)cc1
CHEMBL162340,CSc1ccc(B(O)O)cc1
CHEMBL2286254,CC(C)CSc1cccnc1OS(C)(=O)=O
CHEMBL4277425,CC(=O)Nc1cc2ccc(OCc3ccccc3Br)c(C)c2oc1=O
CHEMBL5424164,CC(=O)NCc1ncc(NC(=O)c2ccc(C(F)(F)F)c(-c3cn(C)cn3)c2)c(-c2ccccc2)n1
CHEMBL2425463,O=C(CC(O)c1ccccc1)NO
CHEMBL3774776,CCOC(=O)c1c(C)n(Cc2ccccc2)c2ccc(OCC(CF)N3CCCCC3)cc12
CHEMBL5193562,C[C@H](CCC(=O)OCc1cccc(O)c1)[C@H]1CC[C@H]2[C@@H]3[C@H](O)C[C@@H]4C[C@H](O)CC[C@]4(C)[C@H]3C[C@H](O)[C@]12C
CHEMBL5394239,COc1cc(N2CCN(CCCCCCC(=O)N[C@H](C(=O)N3C[C@H](O)C[C@H]3C(=O)N[C@@H](C)c3ccc(-c4scnc4C)cc3)C(C)(C)C)CC2)ccc1Nc1ncc2c(n1)N(C)c1ccccc1C(=O)N2C
CHEMBL1335740,O=C(c1cc2n(n1)C(C(F)(F)F)CC(c1ccc(F)cc1)N2)N1CCCC1
CHEMBL1503933,Cc1cc(SCC(=O)N2CCC(c3noc4ccc(F)cc34)CC2)nc2ccccc12
CHEMBL98352,Nc1nc2ccc(Br)cc2s1
CHEMBL1652382,Cc1cc2c(NCCN)c3c(c(NCCN)c2o1)C(=O)c1ccccc1C3=O
CHEMBL5197512,O=C(c1ccc(Nc2ncc(Cl)c(-c3cc4ccccc4s3)n2)cc1)N1CCC(N2CCCC2)CC1
CHEMBL4461355,O=C(Nc1[nH]c2ccccc2c1C(=O)N1CCOCC1)c1ccccc1
CHEMBL3896275,Cc1nnc2nnc(N3CCCC3)nn12
CHEMBL1477859,CCOC(=O)C1=C(N)OC2=C(C(=O)CCC2)C12C(=O)N(CC(N)=O)c1ccccc12
CHEMBL1797879,COc1ccc(/C=C/C(=O)C(=O)NC(C)(C)C)cc1
CHEMBL1410797,COCCCn1cnc2c(c1=O)c1nc3ccccc3nc1n2-c1ccc(C)cc1
CHEMBL4093519,COc1cc(C)c2c3c1CO[C@H]1OC(=O)c4c(O)c(C)c(c(c41)O3)OC2=O
CHEMBL4646054,CC(C)(C)c1cc(NC(=O)Nc2ccc(-c3cn(-c4ccc(OCCN5CCOCC5)c(Cl)c4)nn3)cc2)no1
CHEMBL1511622,Cc1ccc2c(C(=O)CN3CCCC3)c(C)[nH]c2c1
CHEMBL3555860,Cc1cccc(C(=O)N2CCC3(CCN(c4cnn(C)c4)C3=O)C2)n1
CHEMBL519230,Nc1ncnc2c1ncn2[C@@H]1O[C@H](COC(=O)c2ccc(S(=O)(=O)NCCCc3ccccc3)cc2)[C@@H](O)[C@H]1O
CHEMBL1585913,COc1ccc(NS(=O)(=O)c2cccc(NC(=O)c3ccccn3)c2)cc1
CHEMBL1618006,COc1cc2c(cc1O)C=[N+](C)CC2
CHEMBL4061267,CC(O)c1ccc(Nc2nc(NCc3ccco3)c3ccccc3n2)cc1
CHEMBL4977167,Cc1ccc2c(c1)CCCN2C(=O)CN1[C@@H]2CC[C@H]1C[C@@H](O)C2
CHEMBL577870,Fc1ccc(N2CCN(c3ncnc4c3cnn4-c3ccccc3)CC2)cc1
CHEMBL1310175,Cc1ccc(-n2nnnc2SCC(=O)NNC(=O)c2ccco2)cc1C
CHEMBL3963539,COc1cc(-c2ccc(-n3c(=O)cnc4cc(S(=O)(=O)Nc5ccon5)ccc43)c(OC)c2)ccc1C
CHEMBL86472,O=S(=O)(NCCCN1CCN(CCCNc2ccnc3cc(Cl)ccc23)CC1)c1cc(C(F)(F)F)ccc1Cl
CHEMBL351707,COc1ccc2onc(C3CCN(CCCc4noc5cc(F)ccc45)CC3)c2c1
CHEMBL1784753,C=CC[C@H]1C[C@]2(O)C[C@H](C(C)(C)O)OC2=C(CC2=C3O[C@@H](C(C)(C)O)C[C@@]3(O)C[C@H](CC=C)C2=O)C1=O
CHEMBL85696,CC1(C)C2CC[C@]3(C)OB(CC[C@H](N)C(=O)NS(=O)(=O)c4ccc(N)cc4)O[C@]13C2
CHEMBL1945378,COc1ccccc1COCCCOc1ncc(N2C(=O)CNC[C@@H]2C(=O)N(Cc2cc(CC(=O)NC3CC3)ccc2Cl)C2CC2)cn1
CHEMBL270167,Cc1cn2cc(C(=O)N3CCN(C)CC3)cc2c(C#Cc2ccccc2)n1
CHEMBL3718178,O=C(Nc1ccccc1C(=O)Nc1cccc(C(F)(F)F)c1)c1cccnc1
CHEMBL4115529,COc1cc(-c2nc(-c3ccnc(C)c3)c3n2C[C@@H](C)OCC3)ccc1C
CHEMBL1861775,COc1ccc(-c2nc(CN(C)Cc3ccccc3)co2)cc1
CHEMBL547148,Cc1cccc2nc(-c3ccc(-c4ccc(CN5CCN(C6CCN(C)CC6)CC5)cc4)cc3)[nH]c12
CHEMBL3622357,COc1cccc2c1C(NC[C@]1(c3ccccc3)CC[C@H](N)CC1)=NS2(=O)=O
CHEMBL4204117,Br.Br.O=C1c2cccc3cccc(c23)C(=O)N1CCNCCCCCNCCN1C(=O)c2cccc3cccc(c23)C1=O
CHEMBL3897031,Cc1cc(O)cc(C)c1C[C@@H]1NC(=O)[C@H](CCCCN)NC(=O)[C@H](Cc2ccccc2)NC(=O)[C@@H](CCCNC(=N)N)NC1=O
CHEMBL23722,CN1CC=C(CCc2cccc3ccccc23)CC1
CHEMBL3644558,COC(=O)CNC(=O)c1cncc2c1CCN(c1cccc(C(=O)Nc3cccc(C(C)C)c3)c1)C2
CHEMBL3134078,CC1(C)NC(=O)c2cc(S(=O)(=O)Nc3ccc(C(F)(F)F)cc3)ncc2NC1=O
CHEMBL3276521,Cl.O=C(NC1CCCNC1)c1cc(OCC(F)(F)F)ccc1OCC(F)(F)F
CHEMBL1355574,COC(=O)C1[C@@H](OC)C(OC(=O)COc2ccc(OC)cc2)C[C@@H]2CN3CCc4c([nH]c5cc(OC)ccc45)[C@H]3C[C@H]12
CHEMBL491095,COc1cc2c(=O)c(C(=O)O)cn(C)c2cc1N1CCN(c2nc3ccccc3s2)CC1
CHEMBL1784324,COc1c(Cl)cc(Cl)cc1-c1ccc[nH]1
CHEMBL5220050,Cc1c(Br)cc(NC(=O)[C@@H](c2cccnc2)S(=O)(=O)O)cc1Br
CHEMBL193825,CC(=O)Nc1ccc(Nc2ccc(S(N)(=O)=O)cc2)cc1
CHEMBL4782310,O=C(O)C(=O)Nc1nc(Oc2cccc(C(F)(F)F)c2)sc1C(=O)Nc1ccc2ccccc2c1
CHEMBL1182473,O=C(c1ccc(F)cc1)N1CCN(c2ccc(OC3CCN(C4CCCC4)CC3)cc2)C(=O)C1
CHEMBL273206,Cc1csc(N2CCN(C(=O)[C@@H]3CN[C@H](C(=O)N4CCCC4)C3)CC2)n1
CHEMBL1316667,C[C@@H]1[C@H](C)CC[C@@]2(C(=O)O)CC[C@]3(C)C(=CC[C@H]4[C@@]5(C)CC[C@@H](O)C(C)(C)[C@@H]5CC[C@@]43C)[C@@H]12
CHEMBL2218554,Cc1cccnc1N1C[C@@H](C(=O)NCc2ccc(F)c(F)c2Cl)N(C)C1=O
CHEMBL212864,CC(C)(C)OC(=O)N[C@@H](Cc1ccccc1)C(=O)CCC(=O)N[C@@H](Cc1ccccc1)C(=O)O
CHEMBL3718687,O=c1nc(OCC2COc3ncccc3O2)cc2n1CCc1cc(C#CCNCc3ccccc3)ccc1-2
CHEMBL2393550,CCOc1ccc(CCOc2ccc(C[C@H]3C(=O)OC[C@@H]3Cc3ccc(OC)c(OC)c3)cc2OC)cc1OCC
CHEMBL4859324,C/C(=C\CC[C@]1(C)CCc2c(C)c(O)c(C)c(C)c2O1)CC/C=C(\C)CCC(=O)O
CHEMBL89136,CCCCN(CCCC)c1ccc(/C=C2\C(=O)ON=C2c2ccccc2)cc1
CHEMBL164882,CCC1(CC)C(=O)N(C(=O)NCc2ccccc2)C1Oc1ccc(CC(NC(=O)c2ccccc2)C(=O)O)cc1
CHEMBL1402835,CCOc1ccccc1Nc1ccc(N)cc1S(=O)(=O)O
CHEMBL4892370,CC1(C)Cc2nc(C(C)(C)C)ncc2[C@@H](NCC2CC2)C1
CHEMBL3666737,O=C(Nc1ccccc1-c1nc(Nc2ccc3[nH]ncc3c2)c2ccccc2n1)N1CCOCC1
CHEMBL4070044,CC[C@]1(NS(=O)(=O)c2ccccc2)C[C@H]2CN(CCc3c([nH]c4ccccc34)[C@@](C(=O)OC)(c3cc4c(cc3OC)N(C)[C@H]3[C@@](O)(C(=O)OC)[C@H](OC(C)=O)[C@]5(CC)C=CCN6CC[C@]43[C@@H]65)C2)C1
CHEMBL188787,N[C@]1(C(=O)O)[C@H]2[C@@H](C[C@H]1OCc1cccc(Cl)c1)[C@]2(F)C(=O)O
CHEMBL428939,O=C(NCc1ccccc1)c1ccc(O)c2[nH]c(-c3ccc(Cl)cc3Cl)nc12
CHEMBL2315155,CCCCNc1nc(N)c2[nH]c(=O)n(Cc3ccc(N4CCN(C)CC4)cc3)c2n1
CHEMBL1629926,COc1ccc(-c2nn(-c3ccccc3)cc2C(=O)Oc2ccc(C=O)cc2OC)cc1OC
CHEMBL154054,C#CCN(Cc1ccc2nc(OCC)nc(O)c2c1)c1ccc(C(=O)NC(CCC(=O)O)C(=O)O)cc1
CHEMBL164550,CCc1c(CC)c(OC(C)=O)c2cc(OC)ccc2c1OC
CHEMBL598968,Cc1ccccc1NC(=O)c1cccc2c1C(O)c1ccccc1-2
CHEMBL96051,O=C(CCCCCN1C(=O)c2cccc3cccc(c23)C1=O)NO
CHEMBL2069357,Cc1cc(C(=O)Nc2cc(Nc3cnccn3)nc(-c3ccnc(N4CCNCC4)c3)c2)n(C)n1
CHEMBL245394,COC(=O)[C@H](Cc1c[nH]c2ccccc12)NC(=O)CN1C(=O)CC[C@H](NC(=O)c2cc(OC)c(OC)c(OC)c2)C1=O
CHEMBL1652376,O=C1Nc2cc(O)c(O)cc2/C1=N/Nc1ccccc1
CHEMBL4583035,COc1ccccc1S(=O)(=O)/C=C/c1cccnc1OC
CHEMBL3917480,C#CCON=C(CCC)c1cc2c(cc1C(C)C)CC[C@H]1[C@](C)(C(=O)O)CCC[C@]21C
CHEMBL3944559,C/C(=N\NC(=N)N)c1ccc2c(c1)Cc1cc(/C(C)=N/NC(=N)N)ccc1-2.Cl.Cl
CHEMBL1322039,CCOC(=O)c1nc(Nc2ccc(Nc3ccccc3)cc2)c2ccccc2n1
CHEMBL4991020,Cc1cc(C(=O)N[C@H]2CCCc3ccccc32)c(C)o1
CHEMBL350462,O=C(CCCN1CCc2[nH]c3ccc(F)cc3c2C1)c1ccc(F)cc1
CHEMBL28683,CCCn1c(=O)n(C)c(=O)c2c1ncn2CCC#N
CHEMBL4796388,CN[C@@H](CCCNC(=N)N)C(=O)N[C@H]1CCCCNC(=O)CC[C@@H](C(=O)N[C@@H](CC(C)C)C(=O)O)NC(=O)[C@H](Cc2c[nH]c3ccccc23)NC(=O)[C@@H]2CCCN2C1=O
CHEMBL228757,C/C(=C1/C(=O)Nc2ccc(NC(N)=O)cc21)c1cc(CNC(=O)C2CCNCC2)c[nH]1
CHEMBL5500121,CC(=O)c1c(N2CC3CCC[N+](C)(C)C3C2)c(F)cc2c(=O)c(C(=O)O)cn(C3CC3)c12
CHEMBL1502002,CCOC(=O)C1CCCN(c2ccc([N+](=O)[O-])c3nonc23)C1
CHEMBL3805164,COC(=O)c1c(O)cc(O)c(Cl)c1CCc1nccn1Cc1ccc(I)cc1
CHEMBL448460,CC(C)[C@H](N)C(=O)N[C@@H](C)C(=O)NCC(=O)N[C@@H](C)C(=O)N[C@@H](C)C(=O)N[C@@H](C)C(=O)N[C@@H](C)C(=O)NCC(=O)N[C@@H](C)C(N)=O
CHEMBL1955994,FC1(F)CCC(/C=C/c2nc3cc(-c4ccccc4C(F)(F)F)ccc3[nH]2)CC1
CHEMBL5027977,Cc1cc2cc(C(=O)O)ccc2c2cnccc12
CHEMBL156242,Cn1c(-c2ccc(OCC(=O)O)cc2)nc2c3ccccc3ccc21
CHEMBL1688764,Oc1ccc(-c2ccc(-c3cn(CSc4ccccc4)nn3)cc2)cc1
CHEMBL561084,C=C1C(=O)O[C@@H]2[C@H]1CC[C@H](C)[C@]1(O)[C@H](O)CC(=O)[C@@]21C
CHEMBL1387164,CCn1c(NC(=O)c2cccs2)c(-c2cccs2)c(=O)c2ccccc21
CHEMBL5187550,CC(F)(F)c1cc(F)ccc1-c1sc2cc(B(O)O)ccc2c1Oc1ccc(/C=C/C(=O)O)cc1
CHEMBL1818778,CN(C)CC1CCc2cc(NC(=O)c3ccccc3)ccc2C1
CHEMBL2393496,Cc1ccccc1-c1cc(CN2CCN(c3ccc(N4C[C@H](Cn5cc(-c6cncn6C)nn5)OC4=O)cc3F)CC2)c(C)n1-c1ccc(F)c(F)c1
CHEMBL5313737,CN1CCN(CCCN(C)c2cnc3ccccc3n2)CC1
CHEMBL1410847,COc1ccc(CC(=O)N2CC(=O)N(CCc3ccccc3)C(=O)C2)cc1
CHEMBL3444856,O=C(NCC1CC1)C1CN(C(=O)c2ccncc2)CC12CCOCC2
CHEMBL2047174,COc1c(Br)cc(/C=C/C(=O)NCCCNCCCCNCCCNC(=O)/C=C/c2cc(Br)c(OC)c(Br)c2)cc1Br
CHEMBL1209294,O=C(O)c1ccc(OCc2ccc(OCc3c(-c4c(Cl)cccc4Cl)noc3C3CC3)nc2C(F)(F)F)cc1
CHEMBL589353,CC(=O)N[C@@H]1[C@@H](O)[C@H](O)[C@@H](CO)O[C@H]1NC(=O)CN(CCOCCOCCN(CC(=O)N[C@@H]1O[C@H](CO)[C@@H](O)[C@H](O)[C@H]1NC(C)=O)CC(=O)N[C@@H]1O[C@H](CO)[C@@H](O)[C@H](O)[C@H]1NC(C)=O)CC(=O)N[C@@H]1O[C@H](CO)[C@@H](O)[C@H](O)[C@H]1NC(C)=O
CHEMBL3098363,CCc1ccc(/C=C(C#N)/C=C2\SC(=S)N(c3ccc(C(=O)O)cc3)C2=O)cc1
CHEMBL1196814,C[n+]1ccc(CNC(=O)c2cc3cc(F)ccc3n2Cc2cccc(C(=N)N)c2)cc1
CHEMBL4889121,CCc1nccn1C[C@H](C)NC1CCN(C(=O)Nc2ccccc2)CC1
CHEMBL2424793,Cc1cccc(/C=C/C(=O)Nc2ccc3ncnc(Nc4cccc(Cl)c4)c3c2)n1
CHEMBL4643851,C#CCCCCCOc1cccc(-c2c(C(=O)Nc3ccccc3)c(C(C)C)n(CC[C@@H](O)C[C@@H](O)CC(=O)O)c2-c2ccc(F)cc2)c1
CHEMBL1522231,O=C1CCC(=O)N1CCOP1(=O)COc2ccccc2OC1
CHEMBL4873808,O=C(NCCO)c1cccc2c1CCN2c1ccnc(Cc2cccc(C(F)(F)F)c2)c1
CHEMBL2380666,CCc1ccc(-c2cn([C@]3(CO)O[C@@H](n4ccc(N)nc4=O)[C@@H](F)[C@@H]3O)nn2)cc1
CHEMBL4791050,C/C1=C\[C@H](OC(=O)Nc2ccccc2)C[C@](C)(O)/C=C/[C@H](C(C)C)CC/C(C)=C/CC1
CHEMBL3219679,CSc1nnc(SCC(=O)c2ccc3c(c2)OCCO3)s1
CHEMBL3735889,Cc1cc(=O)oc2c(C)c(O)c(-c3ccnc(N)n3)cc12
CHEMBL5182276,Cc1nc(C)c([C@H](OC(C)(C)C)C(=O)O)c(N2CCC(C)(C)CC2)c1-c1ccc2c(c1)CCN(c1nc3cnccc3s1)C2
CHEMBL354629,Nc1noc(C2COc3ccccc3O2)n1
CHEMBL1539890,CCOC(=O)Cc1csc(NC(=O)c2cc3c(s2)CCCC3)n1
CHEMBL1566459,O=C(CN1C(=O)NC2(CCCCCC2)C1=O)c1ccc2c(c1)OCCO2
CHEMBL34731,CCc1ccc(C(=O)/C=C/c2ccc(C(=O)O)cc2)cc1CC
CHEMBL209398,CCn1c(C)nnc1SCC(=O)Nc1ccccc1Cl
CHEMBL175078,CCCCN(CCCC)CCCOc1ccc(S(=O)(=O)c2c(C3CCCCC3)cn3ccccc23)cc1
CHEMBL4452615,C#CCN(C)Cc1ccc(Cl)cc1Cl
CHEMBL1367987,COC(=O)[C@@]12CCCCN1[C@H](c1ccc(-c3ccccc3)cc1)[C@@H]1C(=O)N(C)C(=O)[C@@H]12.O=C(O)C(F)(F)F
CHEMBL4969108,Cc1ccc(CN2CC(Cc3ccccc3Cl)C2)o1
CHEMBL5171041,Cc1ccc2nc(-c3ccc(Br)cc3)nn2c1
CHEMBL86782,Cc1c2c(nn1C)Nc1ccc(F)cc1N=C2N1CCN(C)CC1
CHEMBL3475511,CC(C)CN1CCn2nc(CNc3ncnc4[nH]cnc34)cc2C1
CHEMBL4575997,CNCc1c(C)cc(C)nc1OC
CHEMBL4074048,COc1cccc(-c2c(S(=O)(=O)c3cc(F)cc(F)c3)cnc3c(F)cccc23)c1
CHEMBL3823100,CC(C)[C@H](NC(=O)[C@H](CCC(N)=O)NC(=O)[C@@H](N)CC(N)=O)C(=O)N[C@@H](CCCNC(=N)N)C(=O)N[C@@H](CC(N)=O)C(=O)N[C@@H](Cc1cnc[nH]1)C(=O)N[C@@H](CCC(N)=O)C(N)=O
CHEMBL1346848,Cc1onc(-c2c(F)cccc2Cl)c1C(=O)N1CCc2ccccc21
CHEMBL2368279,CCCCCCCCCCCCCC(=O)N[C@H](CO[C@H]1O[C@@H](CO)[C@H](O)[C@H](O)[C@@H]1O)[C@@H](O)CCCCCCCCCCCCC
CHEMBL358577,CC(C(=O)O)N(Cc1ccc([N+](=O)[O-])cc1)C(=O)Nc1ccc(F)cc1F
CHEMBL4999805,C[C@@H](C(=O)NCCC1=CCCCC1)N(C)Cc1cccc(F)c1
CHEMBL200814,COc1ccc(-c2ccc3c(=O)cc(N4CCOCC4)oc3c2)cc1
CHEMBL1911579,CS(=O)(=O)c1ccc(NC(=O)c2cn(Cc3c(F)cccc3Cl)c3ccc(=O)[nH]c3c2=O)cc1
CHEMBL1403416,Cn1c(SCc2ccc(F)cc2Cl)nc2ccccc2c1=O
CHEMBL1736204,O=C(O)C(F)(F)F.Oc1cc(NCc2ccc(F)cc2)cc2cccnc12
CHEMBL307395,N=C(Nc1ccc2c3c(cccc13)CC2)Nc1ccc2c3c(cccc13)CC2
CHEMBL5092972,COC(=O)c1n[nH]c2ccc(NCc3cccc(-c4nc(N(C)C)no4)c3O)cc12
CHEMBL564849,Cc1cc(-c2noc(-c3sccc3Cl)n2)ccc1Cl
CHEMBL5421850,C=C[C@]1(C)CC[C@@H](C(=C)COC(=O)c2ccccc2C(=O)OCCOc2ccc(-c3cc(=S)ss3)cc2)C[C@H]1C(=C)C
CHEMBL1403895,Cc1ccc(C)c(NC(S)=NCCN(C2CCCCC2)C2CCCC2)c1
CHEMBL3361413,CC(C)(C)OC(=O)/N=C(\NC(=O)OC(C)(C)C)Nc1cccc(C(=O)NCC2(Nc3ccccc3)CCN(Cc3ccccc3)CC2)c1
CHEMBL3556258,CC(=O)N1CC(=O)N(c2ccccc2)CC12CCN(Cc1ccoc1)C2
CHEMBL571028,COC(=O)c1ccc2c3c(c(CCO)cc2c1)C(=O)NC3=O
CHEMBL4639161,COc1cc(C(=O)N[C@@H](Cc2ccccc2)[C@H](O)CN(C[C@@H](C)O)S(=O)(=O)c2ccc([N+](=O)[O-])cc2)cc(OC)c1O
CHEMBL1784829,COc1cc(C2C3=C(COC3=O)Nc3c2ccc2ccccc32)cc(Br)c1OC
CHEMBL3589900,Cn1nccc1C(=O)Nc1ccc(-c2cc(Cl)cc(Cl)c2Cl)c(N)n1
CHEMBL4165130,O=[N+]([O-])c1nccn1CCCNc1ncnc2ccccc12
CHEMBL19992,CCOC(=O)c1ccc(N)c(C[S+]([O-])c2nc3ccccc3[nH]2)c1
CHEMBL4975221,Cc1cccc(C)c1NC(=O)C(=O)NCCc1nccn1C(F)F
CHEMBL1373278,Cc1cc(C(=O)COc2ccc(C#N)cc2)c(C)n1C1CC1
CHEMBL4750883,O=C(c1sc2cccc(F)c2c1Cl)N1CCN(Cc2ccco2)CC1
CHEMBL4893329,O=C(O)c1sccc1CN1CCC[C@H]1c1nccc(C(F)(F)F)n1
CHEMBL392325,COC(=O)C1Cc2c(n(C)c3ncc(C)cc23)C(c2ccccc2)N1
CHEMBL3182609,CN(C)[C@@H]1C(O)=C(C(=O)NCN2CCCC2)C(=O)[C@@]2(O)C(O)=C3C(=O)c4c(O)cccc4[C@@](C)(O)C3C[C@@H]12.Cl
CHEMBL3904436,CCCN(c1sc2ccccc2c1C)S(=O)(=O)c1ccc(C(=O)O)cc1
CHEMBL3093702,COc1cccc(C#CC(=O)N2C[C@@H]3CNC[C@@H](C3)C2)c1
CHEMBL3211956,COc1ccc(/C=N/NC(=O)c2ccc3c(c2)NC(=O)C(C)(C)O3)cc1OC
CHEMBL3609760,Cc1cc(O)cc(O)c1C(=O)O[C@]1(C)C(=O)C=C2C=C(/C=C/CO)OC=C2C1=O
CHEMBL1456539,COCCn1c(=N)c(C(=O)NCc2ccco2)cc2c(=O)n3cccc(C)c3nc21
CHEMBL3660057,Fc1ccn2c(-c3ccc4cccc(OC5CCNCC5F)c4n3)nnc2c1
CHEMBL4520378,Cc1cc(Nc2cc(O)cc(O)c2C(=O)N2Cc3ccccc3C2)n(Cc2ccccc2Cl)n1
CHEMBL5010603,CCn1cncc1CN(C)C[C@H](C)N1CCOCC1
CHEMBL208837,O=C1Nc2ccccc2C(c2ccccc2)=NC1N1CCOCC1
CHEMBL232642,O=CN(O)c1ccccc1
CHEMBL3245992,CN(C)CCCN1C(=O)/C(=C/c2ccccc2Cl)Oc2ccccc21.Cl
CHEMBL522209,CCOC(=O)C1=C(C)NC2=C(C(=O)CC(C)C2)C1c1c(Cl)cccc1Cl
CHEMBL4929683,O=C(N[C@H]1CCN2C(=O)c3cc(-c4ccccc4)ccc3NC(=O)[C@H]12)c1cnccn1
CHEMBL1597592,Nc1nc(Nc2ccccc2)nc2c1ncn2[C@@H]1O[C@@H](CO)[C@H](O)[C@@H]1O
CHEMBL5487179,O=S(=O)(Nc1cccc(-c2nnn[nH]2)c1)c1sc(Cl)cc1Br
CHEMBL1980584,Cc1ccc2nc(Nc3ccccc3)c(/C=N/O)c(=O)n2c1
CHEMBL4065044,CC(=O)OC[C@H]1O[C@@H](O[C@H]2[C@H](OC(C)=O)[C@@H](OC(C)=O)[C@@H](n3cc(CN(c4ccc(C#N)cc4)S(C)(=O)=O)nn3)O[C@@H]2COC(C)=O)[C@H](OC(C)=O)[C@@H](OC(C)=O)[C@H]1OC(C)=O
CHEMBL5404622,C=C(C)[C@H]1CC[C@@](C)(O)[C@@H](C2=C(O)[C@@](C)(CC=C(C)C)C(=O)C(C(=O)C(C)CC)=C2O)C1
CHEMBL276237,O=C1CCC(c2ccccc2)(C2CCN(Cc3ccccc3I)CC2)C(=O)N1
CHEMBL1192914,Cc1c(CC2=NCCN2)ccc2ccccc12
CHEMBL4556409,Nc1ncnc2c1nc(NCc1ccc(Cl)cc1)n2[C@@H]1O[C@H](COCc2ccc(C(=O)Oc3ccc(F)cc3)cc2)[C@@H](O)[C@H]1O
CHEMBL1535094,COc1c(C(=O)NNC(=O)c2ccccc2)csc1Br
CHEMBL4302359,c1ccc2c(CC[n+]3cccc(-c4c[nH]c5ccccc45)c3)c[nH]c2c1
CHEMBL2348285,CC(C)NC(=O)N[C@H](CO)Cc1cc(I)c(Oc2ccc(O)cc2)c(I)c1
CHEMBL2234578,Cc1cccc2sc(-n3c(-c4ccccc4)nc4ccccc4c3=O)nc12
CHEMBL5403114,Fc1cccc(-c2ccc3nc(C(F)(F)F)cc(-c4cccc(F)c4)c3c2)c1
CHEMBL1929078,NCCN1C(=O)S/C(=C\CCc2ccc(S(N)(=O)=O)cc2)C1=O
CHEMBL3477635,Cc1nc(C(=O)N(Cc2c(C)nn(C)c2C)C(C)C)cs1
CHEMBL1368229,CC1CCCN(c2ccc(C(=O)NCc3ccco3)cc2[N+](=O)[O-])C1
CHEMBL38200,CCCNCCCCCNCCCCCNCCC
CHEMBL5027122,CCCN1C(=O)c2c(C(=O)NCc3ccc(OC)cc3OC)ncn2C[C@@]1(C)C(=O)NC1CCCC1
CHEMBL186233,COC(=O)c1ccc(NC(=O)c2ccc(-c3ccc(C(=O)Nc4ccc(C(=O)OC)c(OC)c4)cc3)cc2)cc1OC
CHEMBL2208295,N=C(N)NCCC[C@H](NC(=O)c1ccc2ccccc2c1)C(=O)N[C@@H](Cc1ccccc1)C(N)=O
CHEMBL1256118,CC(C)[C@@H]1NC(=O)[C@@H]2[C@H](C)CCN2C(=O)CN/C(=N\[C@H](C(=O)N[C@H](C(=O)N[C@H](CC(=O)N2CCSCC2)c2nccs2)[C@@H](C)c2ccccc2)C(C)(C)C)[C@H](C(C)(C)C)NC1=O
CHEMBL480829,CC(C)N1CCC(COc2ncc(C(=O)c3cccc(Cl)c3)n2C)CC1
CHEMBL4566428,COc1cc(/C=C2\C(=O)Nc3ccc(Cl)cc32)ccc1OCCN1CCOCC1
CHEMBL1619787,Cc1cc(OCC(O)CN2CCCC2)cc(C)c1Cl
CHEMBL3908405,N#CC(NC(=O)c1ccccc1Sc1ccc2c(/C=C/c3ccccn3)n[nH]c2c1)c1ccc(F)cc1
CHEMBL4961971,CN1CCC[C@H](C(=O)NCCc2ccnn2C)C1
CHEMBL3914082,O=c1[nH]c2c(=O)[nH][nH]c(=O)c2[nH]c1=O
CHEMBL5427238,CCCCCC(=O)O[C@@H]1[C@@H](CP(C)(=O)O)CO[C@H](CO)[C@H]1O
CHEMBL2138403,CC(=O)NCCNc1nc2cc(-c3ccccc3C)sc2c(=O)n1C
CHEMBL1881596,Cc1onc(-c2ccccc2)c1C(=O)NCc1ccc(F)cc1
CHEMBL110586,CC(C)[C@@H]1NC(=O)[C@@H]([C@H](O)[C@H](Cc2ccccc2)NC(=O)OC(C)(C)C)NCc2ccc(cc2)OCCOCCOCCOCCNC1=O
CHEMBL154937,[N-]=[N+]=N[C@H]1C[C@H](CO)S[C@@H]1n1ccc(=O)[nH]c1=O
CHEMBL4244655,CC(C)(C)OC(=O)N1C[C@@H]2CC[C@H]1C[C@H]2Nc1ncnc2c(Nc3ccc(S(C)(=O)=O)cc3F)ncnc12
CHEMBL34661,CC(=O)c1cc(CN2C(=O)N(Cc3ccc(F)c(C(C)=O)c3)[C@H](Cc3ccc4c(c3)OCCO4)[C@H](O)[C@@H](O)[C@H]2Cc2ccc3c(c2)OCCO3)ccc1F
CHEMBL41100,N#Cc1ccc(-c2ccc(OCC(CN3C(=O)CNC3=O)N(O)C=O)cc2)cc1
CHEMBL1710133,COC(=O)c1ccc(S(=O)(=O)N2CCC(c3nc4ccccc4o3)CC2)cc1
CHEMBL5205633,CC1(C)[C@H]2CC[C@@H](CNC(=O)CC3CCN(c4ccc(C(=O)O)cc4C4CC4)CC3)[C@@H]1C2
CHEMBL524662,NS(=O)(=O)c1ccc(-c2[nH]c3ccccc3c2-c2ccc(Cl)cc2)cc1
CHEMBL1461520,O=C(NCc1ccncc1)C(=O)NCc1ccncc1
CHEMBL4584480,Cc1cc(F)cc(C)c1Oc1ccc(C(C)(C)O)cc1-c1cn(C)c(=O)c2[nH]c(C(=O)NC(C)(C)C(F)(F)F)cc12
CHEMBL41799,Cc1c(-c2ccc(-c3cccs3)cc2)nc2ccc(F)cc2c1C(=O)[O-].[Na+]
CHEMBL3192980,COc1ccc(/N=C2/SCCCN2C)cc1.I
CHEMBL199270,O=c1cc(N2CCSC2)oc2c1ccc1ccccc12
CHEMBL4588451,Nc1nc(SCCO)n[nH]1
CHEMBL1214816,c1ccc2c(/N=N/C3=C4CCCN4CCC3)nncc2c1
CHEMBL4083982,COc1cc(/C=C/C(=O)NO)ccc1OC[C@H](Cc1c[nH]c2ccccc12)NC(=O)c1ccccc1C
CHEMBL4527934,O=C(NC1CC1)c1cccc(S(=O)(=O)Oc2ccc(-c3cncn3C3CCN(C(=O)c4ccc([N+](=O)[O-])cc4)CC3)cc2)c1
CHEMBL211184,O=C1NC(=O)/C(=C/c2ccc(-c3ccccc3O)s2)S1
CHEMBL3950098,CCOc1cc(=O)n(C)cc1-c1cc(NCc2cccc(C#N)c2)ccc1Oc1ccc(F)cc1F
CHEMBL4637814,C=C1C(=O)O[C@H]2[C@H]1CCC(/C=N/NC(=O)NC(C)(C)C)=C\CC[C@@]1(C)O[C@@H]21
CHEMBL106361,COc1ccc(CCNCCC2CN(S(=O)(=O)c3cccc4ccccc34)c3ccccc3O2)cc1OC
CHEMBL4205107,COc1cc2c(NCCO)cc(-c3ccc(C)o3)nc2cc1OCCCN1CCCC1
CHEMBL367369,Cc1c(-c2csc(N)n2)c(=O)n(C[C@H](N)c2ccccc2)c(=O)n1Cc1c(F)cccc1F
CHEMBL5398542,O=C1CCC(N2C(=O)c3cccc(NCCCCNC(=O)c4nn(Cc5ccc(Cl)cc5Cl)c5ccccc45)c3C2=O)C(=O)N1
CHEMBL361062,COc1cncc(-c2cnc(C(C)(C)N3CCN(C[C@@H](O)C[C@@H](Cc4nnc(-c5ccccc5)o4)C(=O)N[C@H]4CCOC[C@H]4O)[C@H](C(=O)NCC(F)(F)F)C3)o2)c1
CHEMBL5283709,CNc1cc(F)cc2c1[nH]c1nc(Sc3cnc(C)nc3)nc(N3C[C@H]4C[C@@H](N(C)C)[C@H]4C3)c12
CHEMBL3975743,C[C@@H](CCCc1ccccc1)[C@H](O)/C=C/[C@H]1CC(F)(F)C(=O)N1CCCc1ccc(C(=O)O)s1
CHEMBL3719535,CC(C)Nc1nc2ccc(C#N)cc2nc1N1CCN(Cc2cc(F)ccc2F)CC1
CHEMBL2321954,COC(=O)c1ccc2c(c1)C(=N\O)/C(=C1/C(=O)Nc3c1cccc3C(F)(F)F)N2
CHEMBL3558950,COc1cc2cc[n+]3c(C)c4ccc(OC)c(OC)c4cc3c2cc1OC
CHEMBL84713,CO[C@H]1C(=O)N2C(C(=O)OC(C)(C)C)=C(CSc3nnc(C)s3)CS(=O)(=O)C12
CHEMBL1437714,CCc1ccc(CNC(=O)c2ccc3c(c2)c(C)c(C)n3Cc2ccccc2)cc1
CHEMBL5269838,COc1cc(-c2cn(C)c(=O)c3cnccc23)cc(OC)c1CN1CC(NC(=O)CCCCOCCOc2cc(-c3scnc3C)ccc2CNC(=O)[C@@H]2C[C@@H](O)CN2C(=O)[C@@H](NC(=O)C2(F)CC2)C(C)(C)C)C1
CHEMBL4897407,CC(C)c1noc(-c2cn(Cc3c(F)cccc3F)nn2)n1
CHEMBL1185997,O=C(Nc1ccc2c(c1)c1ccccc1n2CCCCN1CCN(C/C=C/c2ccccc2)CC1)c1ccccc1
CHEMBL4520490,Cc1ccc(N2C(=O)/C(=C\c3ccc(N(C)C)cc3)C(=O)N(/N=C/c3cc4ccccc4n4nnnc34)C2=S)cc1
CHEMBL1923278,O=C(CCCCC(=O)Nc1nc2ccccc2s1)NO
CHEMBL197694,Cc1ccc(C2(O)CCN(CCCC(C#N)(c3ccccc3)c3ccccc3)CC2)cc1
CHEMBL4161821,O=C(O)c1ccc(-c2nc3ccccc3c3cc[nH]c23)cc1
CHEMBL599494,CCC(C)(C)c1ccc(OCC(O)CNCc2ccccc2)c(C(C)(C)CC)c1
CHEMBL2430002,COc1ccc(-c2nc(NC(=O)Cc3nn(C)c(=O)c4ccccc34)sc2C)cc1
CHEMBL4592565,CN1CC2(CCN(c3ccc(OCc4ccccc4)c(C(=O)Nc4ccnnc4)c3)CC2)C1
CHEMBL2392176,COc1ccccc1C(=O)Nc1cc(Br)cc2c(=O)cc(C(=O)O)oc12
CHEMBL4444981,OCCCCC#Cc1ccc(OCC2(Cc3cccc(Cl)c3)CCCNC2)cn1
CHEMBL4904959,COc1cccc(-c2cc3n(n2)CCCN(C(=O)c2ccsc2)C3)c1
CHEMBL1870588,c1ccc(CCN2CCCCC2)nc1
CHEMBL306372,COC(=O)C(C(=O)N1CCN(C(=O)NCCC(c2ccccc2)c2ccccc2)CC1)c1ccc(NC(=N)N)cc1
CHEMBL5395921,CC1=C(C(=O)OC(C)C)C(c2ccsc2)n2c(nc3cc(F)c(F)cc32)N1
CHEMBL3218404,COc1ccc(-c2cc3c(C)nc(N)nc3n(C3CCOCC3)c2=O)cn1
CHEMBL3245337,Cc1ccc(-c2nc3ccc4nc(C)cc(O)c4c3[nH]2)cc1
CHEMBL1098833,CCCCCCCCCCCCCOC(=O)CCCCN
CHEMBL1259112,CN1CCN(C2Cc3ccccc3Sc3ccc(C#N)cc32)CC1
CHEMBL1482870,O=C(COn1nnc2ccc(C(F)(F)F)cc21)Nc1c(Cl)cccc1Cl
CHEMBL66874,Oc1ccc(-c2cccc(-c3ccc(O)cc3)n2)cc1
CHEMBL323469,O=C(O)c1cn(C2CC2)c2c(F)c(N3C4CCC3CC4)c(F)cc2c1=O
CHEMBL4108696,CC[C@@H](N)c1ccc(Cl)c(C(=O)c2cc(C)on2)c1F
CHEMBL3590345,CN1CC(=O)N[C@H](CC(=O)O)C(=O)N2CCCC[C@@H]2C(=O)N[C@@H](Cc2ccc3ccccc3c2)C(=O)N[C@@H](CCCNC(=N)N)C(=O)NCCC(=O)NCCC(=O)N[C@H]2CNC(=O)c3cc(cc(c3)C(=O)N3CCC[C@H]3C1=O)C(=O)NC[C@@H](C(=O)N[C@@H](CCCCN)C(=O)O)NC(=O)[C@H](CCCNC(=N)N)NC(=O)[C@H](CCCNC(=N)N)NC(=O)[C@H](CCCNC(=N)N)NC(=O)[C@H](CCCNC(=N)N)NC(=O)[C@H](Cc1ccc3ccccc3c1)NC(=O)[C@H](Cc1ccccc1)NC2=O
CHEMBL4549575,COC(=O)[C@]1(C)CCC[C@]2(C)c3cc(O)c(C(C)C)cc3C(=O)C[C@@H]12
CHEMBL4964915,Cc1ccc(-c2ccc(C(=O)N3CCCN(S(C)(=O)=O)CC3)cc2)nn1
CHEMBL4091607,COc1cc(CNC(=O)C#Cc2cn(Cc3ccc(C(=O)NCC(=O)O)cc3)c(=O)[nH]c2=O)ccc1F
CHEMBL3498985,CN(C)CCN1C[C@@H]2CN(C(=O)C3CCOC3)C[C@@H]2C1=O.O=C(O)C(F)(F)F
CHEMBL3112896,Cc1ccnc(NC(c2ccc(Cl)c(Cl)c2)c2ccc3ccc(C)nc3c2O)c1
CHEMBL372316,CCCCn1c(SCc2cc([N+](=O)[O-])ccc2OC)nc2cc(NC(=O)NC(C)(C)C)ccc21
CHEMBL2355040,Cc1ccc(S(=O)(=O)NC(=O)C2(C)CCN2C(=O)CC2CCCC2)nc1
CHEMBL167927,O=[N+]([O-])c1c2c(cc3ccccc13)C(O)C(O)C=C2
CHEMBL1446942,Brc1ccc(CSc2nnc(-c3cccnc3)o2)cc1
CHEMBL3093975,CCCCN(CC)CC#CCCc1ccc(Cl)cc1
CHEMBL1096155,COc1cc(N2CCN(C3CCN(c4cccc5c(C)cc(C)nc45)CC3)CC2)c2ncccc2c1
CHEMBL1436312,O=C(CSc1nccn1Cc1ccc(Cl)cc1)Nc1nc2ccccc2s1
CHEMBL4566838,COc1cccc(CNc2ccc(NCc3cccc(OC)c3)nc2)c1
CHEMBL3448629,CO[C@H]1CN(S(=O)(=O)c2ccccc2F)C[C@@]12CCCO2
CHEMBL508213,C[C@@H]1O[C@@H](O[C@H]2[C@H](OC(=O)[C@]34CCC(C)(C)C[C@H]3C3=CC[C@@H]5[C@@]6(C)C[C@H](O)[C@H](O)[C@@](C)(CO)[C@@H]6[C@H](O)C[C@@]5(C)[C@]3(C)CC4)OC[C@H](O)[C@@H]2O)[C@H](O)[C@H](O)[C@H]1O
CHEMBL1941162,C=C(C(=O)[C@H](O)[C@@H](C)[C@H]1[C@@H](OC(C)=O)C[C@@]2(C)[C@@H]3CC[C@H]4[C@H](C)C(=O)C=C[C@@]45C[C@@]35CC[C@]12C)C(C)C
CHEMBL1300996,Cc1cccc(-n2c(Cc3cc(O)nc(O)n3)nnc2SCC(=O)N2CCc3ccccc32)c1
CHEMBL5420385,COc1cc(-c2cccc(-c3ccc4c(c3)OCCO4)c2Cl)ccc1CN1CCC(C(=O)NCCO)CC1
CHEMBL2151392,CCN(CC)CCCC(C)Nc1c2c3ccccc3nc-2oc2ccc(Cl)cc12
CHEMBL1991886,O=C(O)c1c2c(cc3c1CC1(Cc4ccccc4C1)C3)CCC2
CHEMBL1923534,NCCSc1nc(C2CCCCC2)n(-c2ccccc2)n1
CHEMBL4111469,N#Cc1ccc(C(=O)c2c(Cl)ccc([C@H](N)C3CC3)c2F)cc1
CHEMBL3962615,CC(=O)N[C@@H](Cc1ccccc1)C(=O)N[C@@H](CCC(N)=O)C(=O)N[C@@H](CO)C(=O)N[C@@H](CCCCN)C(=O)NCC(=O)N[C@@H](Cc1c[nH]c2ccccc12)C(=O)N[C@H](C(=O)N[C@@H](Cc1ccccc1)C(=O)N[C@H](C(=O)N[C@@H](CC(=O)O)C(=O)NCC(=O)N[C@@H](Cc1ccc(O)cc1)C(=O)N[C@@H](Cc1ccccc1)C(=O)N[C@@H](CCC(=O)O)C(=O)N[C@@H](CCCNC(=N)N)C(=O)N[C@@H](CC(C)C)C(=O)N[C@@H](CCCNC(=N)N)C(=O)N[C@@H](C)C(=O)N[C@@H](CCCCN)C(=O)N[C@@H](CC(C)C)C(N)=O)C(C)C)C(C)C
CHEMBL5009571,C[C@]1(Cc2ccc3c(c2)OCO3)CCCN(C(=O)Cn2ccnc2)C1
CHEMBL3491788,COc1c(C2CCCN2Cc2nc(C)c(C)o2)c(C)nn1C
CHEMBL3604788,Oc1c(F)cc(-c2cnccc2-c2ccc(F)cc2)cc1F
CHEMBL3100055,O=C1Nc2cc(Br)ccc2[C@]12ON=C(c1ccccc1)[C@H]2c1ccccc1
CHEMBL252502,CC(=O)N1CCC(CN2CCC(NC(=O)Nc3cc(C(F)(F)F)cc(C(F)(F)F)c3)CC2)CC1
CHEMBL3457389,CC(C)(C)[S+]([O-])CCNC(=O)c1csc(NC2CC2)n1
CHEMBL1163900,O=Cc1cn(-c2ccc(O)cc2)nc1-c1cc(O)ccc1O
CHEMBL5085371,CCCCCCNC(=O)[C@@H](N)C(C)C
CHEMBL336361,CN(C[C@@H](CCN1CCC(c2ccccc2[S@+](C)[O-])CC1)c1ccc(Cl)c(Cl)c1)C(=O)c1cc(C#N)c(F)c2ccccc12
CHEMBL4209897,C/C(=N\Nc1nc(-c2cccc(Cl)c2)cs1)c1cccnc1
CHEMBL273818,COC(=O)c1ccc2nc(C(=O)[C@@H](NC(=O)[C@@H]3CCCN3C(=O)[C@@H](NC(=O)OCc3ccccc3)C(C)C)C(C)C)oc2c1
CHEMBL4988633,CO[C@@H](C)c1nnc(NC(=O)c2ccncc2Cl)s1
CHEMBL1467173,CC(=O)c1ccc(N2CCN(S(=O)(=O)c3ccccc3)CC2)c(F)c1
CHEMBL506418,CCCCC[C@H](O)CCCC[C@H](O)[C@H]1CC[C@H]([C@H]2CC[C@H]([C@H](O)CCCC[C@H](O)CCCCCCCC3=C[C@H](C)OC3=O)O2)O1
CHEMBL161919,CCC(O)C(C[C@H](C)NC)(c1ccccc1)c1ccccc1
CHEMBL360805,CCC(C=O)NC(=O)[C@@H]1CC(OC(=O)c2ccc3ccccc3c2)CN1C(=O)[C@@H](NC(=O)[C@@H](NC(=O)CCCCC(=O)O)C(C)C)C(C)C
CHEMBL5267649,CCCCCCCCCCCCNC(=O)[C@@H]1CN(C(=O)c2ccc(C(=O)N3C[C@@H](C(=O)N[C@H]4C[C@@H]4c4ccccc4)[C@H](C(=O)N[C@@H]4C[C@H]4c4ccccc4)C3)cc2)C[C@H]1C(=O)N[C@H]1C[C@@H]1c1ccccc1
CHEMBL3770655,COC(=O)C[C@@H]1N=C(c2ccc(-c3cccc(NC(C)=O)c3)cc2)c2c(sc(C)c2C)-n2c(C)nnc21
CHEMBL1363640,COc1ccc(CCNC(=O)CC(=O)NCCc2ccc(OC)cc2)cc1
CHEMBL5499713,C=C[C@]1(C)C[C@@H](OC(=O)CSc2nnc(-c3cc[n+](Cc4ccc(C#N)cc4)cc3)o2)[C@]2(C)[C@H](C)CC[C@]3(CCC(=O)[C@H]32)[C@@H](C)[C@@H]1O
CHEMBL253113,Cc1c(C(=O)N[C@@H](Cc2ccccc2)C(=O)C(=O)NCc2ccc(F)cc2)[nH]c2ccccc2c1=O
CHEMBL1199274,Cc1cc([C@@H]2CC[C@H]3CCC2N3C)on1
CHEMBL1269108,CC1=C(C2=C(C)C(=O)c3c(cc(O)c(O)c3CCc3ccc(OC(F)(F)F)cc3)C2=O)C(=O)c2cc(O)c(O)c(CCc3ccc(OC(F)(F)F)cc3)c2C1=O
CHEMBL1889001,COc1ccc(C(c2nnnn2Cc2ccccc2)N2CCC(n3c(O)nc4ccccc43)CC2)cc1
CHEMBL381878,CO[C@]1(C#CC(O)(c2ccc(F)cc2)c2ccc(F)cc2)CN2CCC1CC2
CHEMBL1290773,COc1cc(C(=O)/C=C/c2ccc(F)cc2F)ccc1OCc1cn(-c2ccnc3cc(Cl)ccc23)nn1
CHEMBL3220381,O=C(Cc1ccccc1)OC1C=CC(n2ccc(=O)n(Cc3ccccc3)c2=O)C1
CHEMBL231095,c1ccc(Nc2nc(Nc3ccccc3)n3nccc3n2)cc1
CHEMBL5207468,[O-][n+]1c(-c2ccc3ccccc3c2)nc2ccccn21
CHEMBL4591755,COc1cc(C(=O)c2c[nH]c(-c3cccc4[nH]ccc34)n2)cc(OC)c1OC
CHEMBL2132706,COc1cc(C=NNC(=S)Nc2ccc(S(=O)(=O)N3CCCCC3)cc2)cc(OC)c1OC
CHEMBL1741510,CC(C)CO/N=C1/C[C@@H](O)[C@@H](O)[C@@H]2[C@@H]3C(=O)N(C[C@@H]4CCCO4)C(=O)[C@H]3CC[C@@H]12
CHEMBL113351,CCCCCCCCC(O)c1ccc2ccc(CC(O)CCCC(=O)O)nc2c1
CHEMBL144050,Cc1nc2cnccc2n1CC1CCN(C(=O)CC(O)(c2ccccc2)C(F)(F)F)CC1
CHEMBL2430263,CCN(CC)CCNC(=O)c1c(C)[nH]c2c1CCC/C2=C1/C(=O)Nc2ccccc21
CHEMBL4964962,CCc1cccc(NC(=O)C(=O)c2ccc[nH]2)c1
CHEMBL1566310,COc1ccc(N2C(S)=NC(=Nc3ccccc3)C23CCCCC3)cc1
CHEMBL3319579,COc1ccc(C[C@H](NC(=O)[C@@H](C)NC(=O)C2=C(C)c3ccccc3C2)C(=O)N[C@@H](CC2CCCCC2)C(=O)[C@@]2(C)CO2)cc1
CHEMBL3443418,CC(=O)c1sc2nc3c(c(C(F)(F)F)c2c1N)CN(C(C)=O)CC3
CHEMBL4965536,CC1CCCC(C)C1NC(=O)c1ccc(C#N)[nH]1
CHEMBL3184400,CCOc1cc(CNCc2ccccc2)cc(Cl)c1OCc1ccc(F)cc1.Cl
CHEMBL4904001,COc1cc(CNC(=O)C2C3CCCCC32)ccc1C(=O)O
CHEMBL1185625,CCOC1(OCC)C2c3c(OC(C)=O)cccc3C([n+]3ccccc32)C1(C)C
CHEMBL5027620,CCCC[C@H](N)C(=O)N1CCC(n2cccn2)CC1
CHEMBL4069434,Cc1nc(N(C)c2ccc(OCC[Se]C#N)cc2)c2ccccc2n1
CHEMBL2181193,CCCC[C@@H](C(N)=O)N1Cc2ccccc2C[C@H](NC(=O)[C@@H](CCCNC(=N)N)NC(=O)[C@@H](N)Cc2c(C)cc(O)cc2C)C1=O
CHEMBL143787,Fc1ccc(-c2[nH]c(SCc3cccc4ccccc34)nc2-c2ccncc2)cc1
CHEMBL1573359,CC(=O)N1C(C(=O)O)CSC1c1cccc(C)c1
CHEMBL4974711,NC(=NCC1CC1)NCCc1ccccc1
CHEMBL2141537,CCCC1NC(=O)c2cccnc2-n2c1nc1cc(F)c(F)cc1c2=O.O=C(O)C(F)(F)F
CHEMBL2386775,COc1ccc(C(=O)c2cc(F)c(F)c(OC)c2F)cc1OC(=O)CCl
CHEMBL281686,Clc1ccc2c(c1)[C@H]1OCC[C@H]1[C@H](c1c[nH]c3ccc(Cl)cc13)N2
CHEMBL2132006,Cc1ccc(S(=O)(=O)N2CCOCC2)cc1C(=O)NCc1ccccn1
CHEMBL3973053,CC(O)CN(CC(C)O)C(=O)c1cc(NC(=O)c2cc(-c3ccccn3)c(F)cc2Cl)n(-c2ccccc2)n1
CHEMBL3928668,COc1ccnc(-c2cnc(N)c(C(=O)Nc3ncccc3N3CCC(N)(CC#N)CC3)n2)c1C#N
CHEMBL3479147,Cc1nccnc1N1CCC(Cc2ccccc2Cl)(C(=O)O)CC1
CHEMBL1195502,O=C(O)CCCCCC(CNS(=O)(=O)c1ccc(C(=O)O)cc1)c1cccnc1
CHEMBL254733,CCCCCCCCCCCCC/C=C1/CCC[C@H](O)[C@H]1N(CC)CC
CHEMBL3417465,CN(C)CCCCOC(=O)Nc1cccc(Cn2nc(Nc3ccc(C(F)(F)F)cc3)ccc2=O)c1
CHEMBL477163,Cc1ccc(/C=C/C(=O)N[C@@H](Cc2ccccc2)C(=O)N[C@H](C=O)C[C@@H]2CCNC2=O)cc1
CHEMBL236472,Cn1cc(NC(=O)c2cc(NC(=O)c3cc(/C=C/c4ccc5ccccc5n4)cn3C)cn2C)cc1C(=O)NCCN1CCOCC1
CHEMBL1947023,O=C(CC(F)(F)F)NCCc1ccc(Cl)c(CN(C(=O)[C@H]2CNCC(=O)N2c2ccc(OCCCOCc3ccccc3)cc2)C2CC2)c1
CHEMBL3651266,Cc1cc(-c2c(Cl)cccc2Cl)cc2nnc(Nc3ccc(C(=O)N4CCNCC4)cc3)nc12
CHEMBL5006343,Cc1nc2c(c(N3CCCC3)n1)CCN(C(=O)Cc1csc(C)n1)C2
CHEMBL3693529,COc1ccc(-c2ccc3c(N4CCOC[C@@H]4C)nc(N4CCSCC4)nc3n2)cc1CO
CHEMBL6901,Clc1cc2ncc(N3CCNCC3)nc2cc1Cl
CHEMBL120596,CC(C)(C)SSCN(N)C(=O)O
CHEMBL1688445,CC[C@H](C)[C@H](NC(=O)[C@H](CCCN)NC(=O)CNC(=O)[C@H](CC(C)C)NC(=O)[C@H](Cc1ccccc1)NC(=O)[C@H](CCCCN)NC(=O)[C@H](CO)NC(=O)[C@H](Cc1ccccc1)NC(=O)[C@H](Cc1c[nH]c2ccccc12)NC(=O)[C@H](CCC(N)=O)NC(=O)[C@@H](NC(=O)[C@@H](N)Cc1ccccc1)C(C)C)C(=O)N[C@@H](CC(C)C)C(N)=O
CHEMBL323480,CCCCCCC(NC(=O)c1ccco1)C(C)(C)C(=O)N[C@@H](Cc1ccccc1)C(=O)OCC
CHEMBL292558,NC[C@H]1C[C@@H]1c1c[nH]cn1
CHEMBL185255,COc1ccc(-c2[nH]nc3c2C(=O)c2c(NC(=O)NNC(=O)c4ccccc4O)cccc2-3)cc1
CHEMBL5282763,COc1ccc(CN(C)CCCCCCCCCCCCn2cc(C=O)c3cc(OC)ccc32)cc1
CHEMBL1399878,Nc1c(C(=O)Nc2cccc(F)c2)nnn1-c1ccc2c(c1)OCCO2
CHEMBL354590,Cc1cn([C@H]2C[C@@H](n3ccnc3)[C@@H](CO)O2)c(=O)[nH]c1=O
CHEMBL5303528,CS(=O)(=O)c1ccc(C(=O)Nc2cccc(COc3ccc(Br)cc3CN3CC[C@H](O)C3)c2F)c(Cl)c1.O=CO
CHEMBL4528869,Cc1cncc(C#N)c1
CHEMBL606484,N#Cc1ccc(CSc2nc3c(N)ncnc3n2C2O[C@H](COP(=O)(O)O)[C@@H](O)[C@H]2O)cc1
CHEMBL4441331,CC1(C)O[C@H]2O[C@H](CNCCCCCCCn3c(-c4ccccc4)nc(-c4ccccc4)c3-c3ccccc3)[C@H](O)[C@H]2O1
CHEMBL1314247,Cc1noc(C)c1-c1nc(NCc2cccnc2)c2ccccc2n1
CHEMBL473794,COc1cc2c(cc1OC)CN(CCc1ccc(NC(=O)/C=C/c3ccc(Cl)cc3)cc1)CC2
CHEMBL518066,CO[C@H](CO)C(=O)N[C@H](C(=O)N1[C@H](C(=O)NCCC2=CC[N+](=C(N)N)C2)C[C@@H]2C[C@H](O)[C@@H](O)C[C@@H]21)C(C)C
CHEMBL1522018,COc1ccccc1N1C(=N)S/C(=C\c2ccc(-c3ccccc3C(=O)O)o2)C1=O
CHEMBL4128925,CC(NC(=S)Nc1ccccc1)C12CC3CC(CC(C3)C1)C2
CHEMBL90668,COc1ncccc1CN1CCC(=C2c3ccc(Cl)cc3CCc3cccnc32)CC1
CHEMBL2022373,Cc1cn2c(-c3cnn(CC(=O)Nc4cccc(F)c4F)c3)cnc2c(Nc2cc(CN3CCCCC3)ns2)n1
CHEMBL4865595,OC1CCCN(c2nc(-c3cc(-c4ccon4)n(Cc4ccccc4F)n3)ncc2F)C1
CHEMBL5408167,Cc1ccc(-n2ncc3c(C(=O)NCc4cn(-c5ccc(I)cc5)nn4)cc(-c4ccc5ccccc5c4)nc32)cc1
CHEMBL3144873,Cc1[nH]n(-c2ccccc2)c(=O)c1C(C[N+](=O)[O-])c1ccc(Cl)cc1
CHEMBL4572040,COc1ccc(C2CC(=O)C3=C(C2)NC(C)=C(C(=O)OCCc2ccccc2)C3c2ccncc2)cc1
CHEMBL448747,CC(=O)O[C@H]1C[C@H]2[C@@H](O)[C@@H]3[C@](O)(COC(=O)c4ccccc4)[C@@H](OC(C)=O)C[C@H](OC(C)=O)[C@@]3(C)[C@@H](OC(C)=O)[C@H](OC(C)=O)C(=C1C)C2(C)C
CHEMBL1831328,CCCOc1ccc(CN2C(=O)[C@@H](C)[C@@]2(Cc2ccccc2)C(=O)OC)cc1
CHEMBL60533,CC[C@@H]1CN2CCc3c([nH]c4ccccc34)[C@@H]2C[C@@H]1/C(=C\OC)C(=O)OC
CHEMBL1584821,CCOC(=O)CSc1nc(O)c2c3c(sc2n1)COC(C)(CC)C3
CHEMBL2357363,C=CCNC(=O)c1cc2cc(Cl)ccc2nc1N
CHEMBL3218706,CCOC(=O)Nc1ccc(S(=O)(=O)n2cc(-c3ccccc3)[nH]c2=O)cc1C
CHEMBL294102,O=C1C=C2N(C(=O)c3cc4cc(Br)ccc4[nH]3)C[C@H]3C[C@@]23c2ccccc21
CHEMBL4561015,C=CC(=O)Nc1ccccc1Nc1nc(Nc2ccc(N3CCN(C)CC3)cc2)ncc1C(=O)Nc1cc(C)cc(Cl)c1
CHEMBL390776,COc1cccc2c(=O)n(Cc3ccccc3C#N)c(N3CCCC(N)C3)nc12
CHEMBL589816,N#Cc1ccc(-c2cc(-c3ccsc3)cnc2N)cc1
CHEMBL3613179,CNS(=O)(=O)c1cccc(Nc2ncnc3[nH]cc(-c4ccc(OC)cc4)c23)c1
CHEMBL2114392,Cc1cn([C@H]2CC[C@@](CO)(N=[N+]=[N-])O2)c(=O)[nH]c1=O
CHEMBL3962232,OCCOc1ccc(CN2CCC(c3nnn4cnc5[nH]ccc5c34)CC2)cc1
CHEMBL2062695,CS(=O)(=O)O.NCC1CN(c2nc3c(cc2F)c(=O)c(C(=O)O)cn3C2CC2)C/C1=N\OCc1ccccc1
CHEMBL1390155,O=C(NCCC(c1ccccc1)c1ccco1)c1cccs1
CHEMBL61875,CC(C)Cn1c(=O)[nH]c(=O)c2[nH]c(Cc3ccc(Br)cc3)nc21.O=C(O)C(F)(F)F
CHEMBL3228122,Cc1nc(F)sc1CCO
CHEMBL1818896,CCOC(=O)CC1C(C(=O)OCC)=C(N)Oc2ccc(-c3cccc([N+](=O)[O-])c3)cc21
CHEMBL1870132,CCCN=C(S)N1CCC(NC(=O)c2cccc(C)c2)CC1
CHEMBL1934730,CN(Cc1ccccc1)C12CC3CC(C)(CC(C1)c1ccccc13)C2
CHEMBL5271785,CC(=O)Cn1cc(-c2cnc(N)c3c(-c4ccc(NC(=O)Nc5cccc(C)c5)cc4)csc23)cn1
CHEMBL524555,Cc1ccc(OCC2CCN(c3ncc(C(=O)NC4CC4)cc3Cl)CC2)cc1
CHEMBL3461950,CNS(=O)(=O)CC(=O)N1CC2(CCCC2)c2c(F)cccc21
CHEMBL1993406,COc1cc(/C=C\c2ccncc2)cc(OC)c1OC
CHEMBL1173346,O=C(O)CN1C(=O)/C(=C/c2ccc([N+](=O)[O-])cc2)SC1=S
CHEMBL55457,O=c1[nH]c2c([nH]c3ccccc32)c(=O)n1CCN1CCCC1
CHEMBL4582834,N#CC1C(=N)Oc2c(ccc3ccccc23)C1c1ccc(Cl)cc1
CHEMBL59854,CCCCCN(CCCCC)C(=O)N1CCN(C(=O)N(c2ccccc2)c2ccccc2)CC1
CHEMBL3613671,CN(C(=O)Oc1nsnc1N1CCOCC1)C1CCCCCCC1
CHEMBL1494366,CC1Cc2ccccc2N1C(=O)CNc1ccccc1N1CCCCC1
CHEMBL1411068,Cc1cccc(NS(=O)(=O)c2ccccc2)n1
CHEMBL3947875,COCCCNC(=O)c1ccc(-c2cc(NC3CC3)n3ncc(/C=C4\NC(=O)NC4=O)c3n2)s1
CHEMBL3500596,O=C(O)C(F)(F)F.O=C([C@@H]1CCO[C@@H]2CCN(CC3CCOCC3)C[C@H]21)N1CCCO1
CHEMBL5173750,C[C@]12CCC=C(CO)C1=CC1C(C2)OC(=O)C1CN1CCN(C(=O)c2cc(Cc3n[nH]c(=O)c4ccccc34)ccc2F)CC1
CHEMBL3676477,CCOC(=O)C(C)NC(=O)c1ccc(OCc2c(-c3ccccc3)noc2C)nc1
CHEMBL1583057,CCOc1ccc2nc(SCC(=O)N3CCCc4ccccc43)sc2c1
CHEMBL1346727,CCc1ccc(N/C(SC)=C(/C#N)C(N)=O)cc1
CHEMBL5203960,C[C@H](c1cc([C@@H](C)O)c2nc3cccc(C(=O)O)c3nc2c1)c1cccc2nc3c(C(=O)O)cccc3nc12
CHEMBL5093817,CSCC[C@H](NC(=O)[C@@H](C)NC(=O)[C@@H](NC(=O)[C@@H](NC(=O)[C@@H](N)CCCCN)C(C)C)[C@@H](C)O)C(=O)N[C@@H](CCCCN)C(=O)N[C@H](CSSC[C@@H](NC(=O)[C@H](CCCCN)NC(=O)[C@H](CCSC)NC(=O)[C@@H](C)NC(=O)[C@@H](NC(=O)[C@@H](NC(=O)[C@@H](N)CCCCN)C(C)C)[C@@H](C)O)C(=O)N[C@@H](Cc1ccccc1)C(=O)N[C@@H](CC(C)C)C(=O)N[C@@H](CC(C)C)C(=O)O)C(=O)N[C@@H](Cc1ccccc1)C(=O)N[C@@H](CC(C)C)C(=O)N[C@@H](CC(C)C)C(=O)O
CHEMBL4905551,COc1ccc(NC(=O)[C@@H]2CCCN2c2ccc(OC)c(OC)c2)cc1OC
CHEMBL4929278,C[C@@]1(C(=O)O)CCCN1Cc1ccc(Cl)cc1-n1cncn1
CHEMBL5279338,O[C@@H]([C@H](O)[C@H](Cc1ccccc1)NCc1ccccc1)[C@H](Cc1ccccc1)NCc1ccccc1
CHEMBL486704,CN(C)C12CCN(CCN)C(C(c3ccc(Cl)cc3)C1)C(c1ccc(Cl)cc1)C2
CHEMBL1422136,CC(C)CC(=O)NC(=S)NCc1ccccc1
CHEMBL4937850,Cc1ccc(C)c(CC(=O)N2C[C@@H](CN3CCCN(C)CC3)[C@@H](CO)C2)c1
CHEMBL4087477,C=C[C@]1(C)CC[C@@H](C(=C)COC(=O)c2cn(CCCCn3cc(C(=O)OCC(=C)[C@@H]4CC[C@@](C)(C=C)[C@H](C(=C)C)C4)nn3)nn2)C[C@H]1C(=C)C
CHEMBL3216273,COc1cccc(N2CCN(CCCn3cnc4c(cnc5ccccc54)c3=O)CC2)c1.Cl.Cl
CHEMBL1450299,COc1ccccc1CN=C(S)Nc1ccc(F)cc1
CHEMBL4535710,CC[C@H]1OC(=O)C[C@@H](O)[C@H](C)[C@@H](O[C@@H]2O[C@H](C)[C@@H](O)[C@H](N(C)C)[C@H]2O)[C@@H](CC=O)C[C@@H](C)C(=O)/C=C/C(C)=C/[C@@H]1CO[C@H]1O[C@@H](C)[C@H](O)[C@H](OC)[C@@H]1OC
CHEMBL1908212,Cc1c(N)c(C)c([N+](=O)[O-])c(C(C)(C)C)c1[N+](=O)[O-]
CHEMBL1906219,O=C(c1ccco1)N1CCN(C23CC4CC(CC(C4)C2)C3)CC1
CHEMBL1617075,CCCCNC(=O)CCC(=O)N1CCN(C(c2ccccc2)c2ccccc2)CC1
CHEMBL2435349,COc1cccc(CNC(=O)c2sc3nc(C)cc(C)c3c2N)c1.Cl
CHEMBL5486156,CN(C)S(=O)(=O)c1cc(C(=O)O)c(Cl)cc1Cl
CHEMBL13786,CSCC[C@H](NC(=O)[C@H](Cc1ccccc1)NC(=O)CNC(=O)CNC(=O)[C@@H](N)Cc1ccc(O)cc1)C(=O)O
CHEMBL5179316,C=C1CC[C@@H](O)[C@]2(C)CC[C@@H]([C@@H](C)C(=O)OC)[C@H](O)[C@]12O
CHEMBL4527595,CCCCCCCCCCCCCCCC(=O)NCCCOCCOCCOCCCNC(=O)C[C@H](Cc1ccccc1)NC(=O)[C@H](CCCNC(=N)N)NC(=O)[C@@H](CS)NC(=O)[C@H](CCCNC(=N)N)NC(=O)C[C@@H]1CCCN1C(=O)[C@@H](NC(=O)[C@H](Cc1c[nH]cn1)NC(=O)[C@@H](NC(=O)CNCC(=O)O)[C@@H](C)O)C(c1ccccc1)c1ccccc1
CHEMBL1345341,c1ccc2c(-c3cn4ccccc4n3)c[nH]c2c1
CHEMBL4473056,CCCCC(=O)Oc1cccc2ccc(-c3ccc(C(F)(F)F)cc3)nc12
CHEMBL3450143,Cc1ccc(C(=O)N2CC[C@H](Oc3cccnc3C)[C@@H](O)CC2)s1
CHEMBL1721379,CCOc1ccc(NS(=O)(=O)c2ccc(NC(=O)c3ccccn3)cc2)cc1
CHEMBL4648295,CCN(CCC/C=C1\OC(=O)c2cc(OC)c(OC)cc21)Cc1ccccc1N(C)C
CHEMBL5027928,O=P(O)(OCCc1ccc(O)cc1)OCCc1ccc(O)cc1
CHEMBL5020356,Cc1ccc(Cc2nsc(NCc3ccc(F)cc3)n2)cc1
CHEMBL1482266,O=C(C[n+]1cc(Br)cc2ccccc21)c1ccccc1.[Br-]
CHEMBL1349184,Cc1ccc(CNC(=O)CN2CCN(Cc3ccc(C)cc3)C2=O)cc1
CHEMBL460027,C[C@H](C[C@@H](O)[C@@H]1OC1(C)C)[C@@H]1CC[C@]2(C)[C@]34O[C@@H]3C[C@H]3C(C)(C)C(=O)CC[C@]3(C)[C@H]4CC[C@@]12C
CHEMBL261741,O=C(Cc1ccccc1Nc1c(Cl)cccc1Cl)N/N=C/c1ccc(F)cc1
CHEMBL3464351,Cc1ccc(CNC(=O)CNCC2CCN(CCO)CC2)s1
CHEMBL3985735,COc1cc(-c2cn3cc(Cl)ccc3n2)cc(OC)c1OC
CHEMBL5180720,Brc1ccc2[nH]c3c[n+](Cc4cccc5ccccc45)ccc3c2c1.[Br-]
CHEMBL360092,CC1=CC2Cc3[nH]c(=O)ccc3[C@@]3(C1)[C@@H]2CCCN3C(=O)CN(C)CCN(C)CC(=O)N1CCC[C@@H]2C3C=C(C)C[C@]21c1ccc(=O)[nH]c1C3
CHEMBL5082407,O=C(Nc1ccc(F)c(Br)c1)C1CCN(C/C=C/c2ccccc2)CC1
CHEMBL3498916,CN(C)C(=O)N1CC[C@H]2[C@H]1CCN2c1nncs1.O=C(O)C(F)(F)F
CHEMBL4741670,CCCC[C@H]1C[C@H](C(=O)NC[C@H]2CCCN2C(=O)[C@@H](NC(=S)CNC)C(C)(C)C)C1
CHEMBL426177,Cc1cn(/C=C2\CC2(F)CO)c(=O)[nH]c1=O
CHEMBL5022700,CC(C)(C)CCC(=O)NCCCc1nnn[nH]1
CHEMBL4958424,C[C@@H](c1nc2ccccc2n1C(F)F)N1CCN(S(=O)(=O)c2cccnc2)CC1
CHEMBL3098800,NC(=O)c1c(F)ccc(OCc2nc(-c3ccc(Cl)cc3)c(CO)o2)c1F
CHEMBL4928626,Cc1cc(S(=O)(=O)N2CCOCC3(CC3)C2)ccc1C#N
CHEMBL1378209,Cc1nnc(NC(=O)CSc2ccc(-c3ccc(Cl)cc3)nn2)s1
CHEMBL3989183,Cc1nc(NCc2ccccn2)c2cc(C)sc2n1
CHEMBL5199650,COc1ccc(-n2cc(C[N+]3(Cc4cn(-c5ccc(OC)cc5)nn4)CCc4cc(OC)c(OC)cc4C3)nn2)cc1
CHEMBL3449868,CN1CCC(c2cccc(CCC(=O)NCC(N)=O)n2)CC1
CHEMBL1334505,CCN1C(=O)CC2(C[N+]3(C)CCC2CC3)C1=O.[Br-]
CHEMBL3926210,O=C(/C=C/c1c[nH]c2cc(Br)ccc12)c1c[nH]c2ccccc12
CHEMBL5192004,CCOc1c(I)cc(C2C(C#N)=C(N)Oc3c2ccc2ccccc32)cc1OC
CHEMBL3186537,Cc1ccccc1CN(C)C[C@@H]1OCc2cnnn2CCCC(=O)N([C@H](C)CO)C[C@H]1C
CHEMBL1439624,[O-][Cl+3]([O-])([O-])[O-].c1ccc(-c2cc(-c3ccccc3)[n+](-c3ccccc3)c(-c3ccccc3)c2)cc1
CHEMBL500954,CCC/C=C(\CCC)[C@@H](NS(=O)(=O)c1ccc(-c2ccccc2)cc1)c1ccc(C(=O)OC)cc1
CHEMBL5023718,Cc1cccn2cc(Cn3c(=O)n(CC4CC4)c4ccc(C(=O)O)cc43)nc12
CHEMBL4960439,O=C(Nc1ccccc1Cc1ccccc1)N1CCCN2CCC[C@H]2C1
CHEMBL1478987,Cc1ccc(-n2nnc3c(=O)n(Cc4cccc(C)c4)cnc32)cc1
CHEMBL58495,CCCc1c(OCCCOc2ccc(-c3cscn3)c(COC)c2CC2CC2)ccc2c1O[C@@H](C(=O)O)CC2
CHEMBL1705407,Cc1ccsc1C(=O)OCc1nc(O)c2sccc2n1
CHEMBL1894100,CN=C(S)N(CCCO)Cc1cc2cc3c(cc2nc1O)OCO3
CHEMBL1404610,Cl.OC(CN1CCCCCC1)CN(c1ccccc1)c1ccccc1
CHEMBL2043244,NC(=O)C[S+]([O-])Cc1ccc(Oc2ccc(Cl)c(Cl)c2)cc1
CHEMBL1732166,COc1ccc(-c2noc(CSc3nnc(C)n3-c3ccc(C)cc3)n2)cc1OC
CHEMBL4482945,COC(=O)c1c(F)cccc1-c1ccc(CCc2ncc(CC(C)(C)C)n2CCO)cc1
CHEMBL1305806,CCN(CC)S(=O)(=O)c1ccc(N2CCCCC2)c(C(=O)Nc2ccccc2N2CCOCC2)c1
CHEMBL4065542,Clc1cc(Cl)c(Cl)c(CN[C@H]2CCCN(c3nc4nc(Cl)ccc4[nH]3)C2)c1
CHEMBL2064613,CCC(C)C(=O)c1c(O)c(CC=C(C)C)c(O)c2c([C@H](CC)OC(C)=O)cc(=O)oc12
CHEMBL1874675,CC(NC(=O)c1ccccc1SCC(=O)N1CCCC1)c1ccc(F)cc1
CHEMBL3828778,CN(C/C=C/c1ccc(C(F)(F)F)cc1)Cc1ccc2c(c1)CCCC2
CHEMBL4635777,CNC(=O)c1cccc2[nH]c(-c3ccncc3)nc12
CHEMBL1606318,Cn1nc(CC(=O)Nc2ncc(Br)s2)c2ccccc2c1=O
CHEMBL4112264,CC1CC(C)CN(c2nc(N[C@@H]3CCCNC3)c(-c3nc4ccccc4s3)c(=O)[nH]2)C1
CHEMBL4797097,O=C1C(=O)c2ccc(Cl)cc2C2=C1C(c1cccc(O)c1)NC(=S)N2
CHEMBL1436078,COc1ccc(N2CCN(C(=O)c3cc4c(s3)CCCCC4)CC2)cc1
CHEMBL5488586,COc1ccccc1C1OC(=O)CC1C(=O)N1CCN(c2ccc(Cl)cc2)CC1
CHEMBL1712216,COc1cccc(CN(C)C(c2ccccc2)c2ccccc2)c1OC
CHEMBL499564,CC(=O)O[C@@H]1CC[C@@]2(C)[C@@H](CC=C3[C@@H]2C[C@H](O)[C@@]2(C)[C@H]4[C@H](C[C@]32C)OC(=O)[C@@H]4CC(=O)C=C(C)C)[C@]1(C)C(=O)O
CHEMBL3211227,COc1ccc(/C=N/Nc2ncc(C(F)(F)F)cc2Cl)cc1OC
CHEMBL2391069,O=S(=O)(Cc1cccc(Cl)c1)N1CCC(Cc2ccccc2)CC1
CHEMBL3962772,CCCCN(CCCC)C(=O)c1cn(CC(=O)O)c(-c2ccc(C(=O)NS(=O)(=O)c3cccc4ccccc34)cc2C(=O)N2CCc3ccccc3C2)n1
CHEMBL4950884,N/C(=N\O)c1nnn2c1CO[C@H](c1ccccc1Cl)C2
CHEMBL1700510,COC(=O)Cc1ccc(NC(=S)N2CCN(C(=O)C3CCCO3)CC2)cc1
CHEMBL510484,CNS(=O)(=O)c1ccc(Oc2ccc([S+](C)[O-])cc2)c(CN(C)C)c1
CHEMBL4085331,CC[C@H](C)[C@@H]1NC(=O)[C@H](Cc2ccc(O)cc2)NC(=O)CCSSC[C@@H](C(=O)N2CCC[C@H]2C(=O)N[C@@H](CC(C)C)C(=O)NCC(N)=O)NC(=O)[C@H](Cc2ccccc2)NC(=O)[C@H](CCC(N)=O)NC1=O
CHEMBL345907,CN1CCc2cccc3c2[C@H]1Cc1ccc(Cl)c(O)c1-3
CHEMBL3482187,CCCC(=O)Nc1cc(C(=O)NC(C)Cc2ccncc2)ccc1C
CHEMBL1609755,CC(NS(=O)(=O)c1ccccc1)C(=O)Nc1ccc2c(c1)OCCO2
CHEMBL549783,NC(CNC(=O)c1cc2cccc(Cl)c2[nH]1)C(=O)O
CHEMBL1724271,COc1cccc(C(=O)NC2CCN(CC(=O)Nc3ccccc3Cl)CC2)c1
CHEMBL592711,O=C(Nc1ccc(F)cc1)c1ccc(N(CCCl)CCCl)cc1
CHEMBL1202674,CCCCN(CCCC)CCCOc1ccc(-c2csc(C)n2)cc1.Cl
CHEMBL1468020,CC1=NN(c2ccccc2)C(=O)C1C(=O)c1cc([N+](=O)[O-])cc([N+](=O)[O-])c1
CHEMBL2377295,CN1CCC2=C[C@H](O)[C@H]3NC(=O)c4cc5c(cc4[C@H]3[C@@H]21)OCO5
CHEMBL1626489,CN1CCc2c(n(CC(O)CN3CCN(CCO)CC3)c3ccccc23)C1=O
CHEMBL1486044,COc1cc(CN2CCNC(=O)C2CC(=O)N2CCCO2)cc(OC)c1
CHEMBL1531176,O=C(Cc1c(F)cccc1Cl)Nc1ccccc1-c1ccccc1
CHEMBL3277340,COc1cc(CCC(=O)O)ccc1Nc1c2ccccc2nc2ccccc12.Cl
CHEMBL1090296,CCCCOc1c2cc(C(=O)N[C@@H](CC(=O)O)C(=O)O)cc1Cc1cc(C(=O)N[C@@H](CC(=O)O)C(=O)O)cc(c1OCCCC)Cc1cc(C(=O)N[C@H](CC(=O)O)C(=O)O)cc(c1OCCCC)Cc1cc(C(=O)N[C@@H](CC(=O)O)C(=O)O)cc(c1OCCC)C2
CHEMBL1728140,COc1ccc(CCC(=O)Nc2cc3c4c(c2)CC(=O)N4CCC3)cc1
CHEMBL4088832,CN1CCN([C@H](C(=O)O)c2c(C(=O)O)n(Cc3ccccc3)c3ccccc23)CC1
CHEMBL50824,CCNCc1cccc(/C=C/c2nc3ccc(F)cc3c(=O)n2-c2ccccc2Cl)n1
CHEMBL4438262,CO/N=C1/C(=O)N(Cc2cn(CC(=O)N3CCC[C@@H]4CN(c5c(F)cc6c(=O)c(C(=O)O)cn(C7CC7)c6c5OC)C[C@@H]43)nn2)c2ccccc21
CHEMBL1380336,Cc1ccc(NC(=O)C2CCN(S(=O)(=O)c3c(C)noc3/C=C/N(C)C)CC2)cc1
CHEMBL223836,CC(Oc1ccccc1-c1cccc(F)c1)C1=NCCN1
CHEMBL1340617,Cn1c(=O)oc2cc(S(=O)(=O)N3CCC(C(=O)N4CC=C(c5ccccc5)CC4)CC3)ccc21
CHEMBL1389856,Cc1ccc(Oc2cc(C)nc(-c3ccccc3O)n2)cc1
CHEMBL408543,CCOC(=O)c1cc2ccc3c4cc(OC)ccc4[nH]c3c2[nH]1
CHEMBL5412118,CCCCn1cc(C(=O)NCc2ccccc2)c(=O)c2ccc(N3CCC(OCCOCCOCCOC)CC3)cc21
CHEMBL5486058,Oc1ccc2cc(-c3ccc(OC(F)(F)F)cc3)cnc2n1
CHEMBL150393,C[C@@H](C(N)=O)N1CCCC1=O
CHEMBL275103,CC[C@@H]1/C=C(\C)C[C@H](C)C[C@H](OC)[C@H]2O[C@@](O)(C(=O)C(=O)N3CCCC[C@H]3C(=O)O[C@H](/C(C)=C/C3CC[C@@H](OC[C@@H](O)c4cc(C)cc(C)c4)[C@H](OC)C3)[C@H](C)[C@H](O)CC1=O)[C@H](C)C[C@@H]2OC
CHEMBL3685611,O=C(Nc1cccnc1C(=O)N1CCCCC1)c1nc(C2CC2)cnc1Nc1cncnc1
CHEMBL3682577,Cc1c(N(Cc2ccc3c(c2)COC3(C)C)S(=O)(=O)c2ccc(C(=O)O)cc2)ncc2ccccc12
CHEMBL3474493,CN(C)CCO[C@H]1C[C@@H](O)C12CCN(c1ncccc1Cl)CC2
CHEMBL232610,N#Cc1c(NC(=O)c2cccc3ccccc23)sc2c1CCCN2C(=O)c1cc[nH]n1
CHEMBL1392455,Clc1ccc2c(c1)C(c1cccs1)=NNC(c1cccnc1)=N2
CHEMBL2282650,CC1=C2N(C)C[C@H]3[C@@H]4CC[C@H](C(=O)NC(C)(C)C)[C@@]4(C)CC[C@@H]3[C@@]2(C)CCC1=O
CHEMBL3471432,O=C(c1ccncn1)N1C[C@H]2CCC[C@@]2(COCC2CCOCC2)C1
CHEMBL4636622,O=C(NO)c1ccc(CN2CCc3ccc(F)cc32)cc1
CHEMBL4544743,CC(C)(Nc1nc(-c2ccncc2)nc2cnccc12)c1ccccc1
CHEMBL3554667,CS(=O)(=O)N[C@H]1CCO[C@]2(CCN(C(=O)c3ccccn3)C2)C1
CHEMBL2235554,CCCNC(=O)CSc1nnc(-c2cccnc2)o1
CHEMBL3297901,CCOC(=O)c1cn(CCc2ccc(Cl)cc2)c2nc(N3CCN(c4nc5ccccc5s4)CC3)ccc2c1=O
CHEMBL2035729,COc1ccc(C2C(C#N)=C(/N=C/c3ccccc3Cl)Oc3nc(Nc4ccc(S(N)(=O)=O)cc4)sc32)cc1
CHEMBL3785769,CNc1nc2ccccc2n2c(-c3cccc(OC)c3OC)cnc12
CHEMBL1643387,C[C@H](N)C(=O)NCC(=O)N[C@H]1Cc2ccc(cc2)/N=N/c2ccc(cc2O)[C@@H](C(=O)O)NC(=O)[C@H](CO)NC(=O)[C@H]([C@@H](C)O)NC(=O)[C@H](Cc2ccccc2)NC(=O)[C@H]([C@@H](C)O)NC(=O)[C@H](CCCCN)NC(=O)[C@H](Cc2c[nH]c3ccccc23)NC(=O)[C@H](Cc2ccccc2)NC(=O)[C@H](Cc2ccccc2)NC(=O)[C@H](CC(N)=O)NC(=O)[C@H](CCCCN)NC1=O
CHEMBL130417,CCN(CC#N)c1ccc(/C=N/c2ccc(SC)cc2)cc1
CHEMBL4060857,C[C@@H]1CN(c2nc(N3CCOCC3)c3sc(-c4cnn(C)c4)cc3n2)C[C@H](C)O1
CHEMBL3273117,COc1cc(NC(C)CCCN)c2nccc(CC3CCCCC3)c2c1.O=C(O)/C=C/C(=O)O
CHEMBL1825101,CS(=O)(=O)N(CCN)c1ccc(Nc2ncc3cnn(C4CCCCCC4)c3n2)cn1
CHEMBL5493973,Cc1ccc(C(=O)NC2CCCCC2)c(N2CCOCC2)n1
CHEMBL4850845,CN[C@@H](C)C(=O)N[C@H](C(=O)N1CCC[C@H]1c1nc(C(=O)c2cccc(OCCOCc3cn(CCOc4ccc(Cn5c(-c6ccc(O)cc6)c(C)c6cc(O)ccc65)cc4)nn3)c2)cs1)C1CCCCC1
CHEMBL2180560,N[C@H]1CC[C@H](Nc2c(C(=O)NCc3ccccc3)nc(Br)c3cccnc23)CC1
CHEMBL388659,Brc1ccc(Cn2ccc3nc(CCCc4ccccc4)nc-3c2)cc1
CHEMBL3973933,COc1cnc(C(=O)Nc2ccc3c(c2)C2(CCOC(N)=N2)c2cc(-c4ccnc(F)c4)cc(F)c2O3)cn1
CHEMBL2237585,CCCCc1nnc(SCC(C)C)n1Cc1ccc(NC(=O)c2ccccc2-c2nnn[nH]2)cc1
CHEMBL316099,CN(C)C(=O)[C@@H](NC(=O)[C@H](CC1CCCC1)CN(O)C=O)C(C)(C)C
CHEMBL5185810,Cc1nc2cnc3ccc(-c4cnc5[nH]ccc5c4)cc3c2n1[C@H](C)c1ccccc1
CHEMBL3416589,COC(=O)[C@@H](NC(=O)c1ccc(N)c(NC(=O)[C@@H](N)Cc2ccc(O)cc2)c1)[C@@H](C)O
CHEMBL447373,Oc1cc(O)c2c(c1)O[C@H](c1ccc(O)c(O)c1)[C@@H](O)[C@@H]2c1c(O)cc(O)c2c1O[C@H](c1ccc(O)c(O)c1)[C@H](O)C2
CHEMBL4453512,CC(C)=CCc1ccc(/C=C/C(=O)O)cc1NC(=O)/C=C/c1ccccc1
CHEMBL346479,CC(CCC(=O)O)[C@H]1CC[C@H]2[C@@H]3C(=O)C[C@@H]4C[C@H](O)CC[C@]4(C)[C@H]3CC(=O)[C@]12C
CHEMBL66979,CC(=O)c1cccc2c1S(=O)(=O)c1ccccc1O2
CHEMBL4639313,COC(=O)Nc1ccc2c(c1)NC(=O)[C@H](C)CCC[C@H](N1CC[C@H](c3c(F)ccc(Cl)c3F)OC1=O)c1cc-2cnc1F
CHEMBL1360733,Cc1cccc(N(C)c2ncnc3onc(-c4ccc(F)cc4)c23)c1C
CHEMBL4525388,CCOC(=O)N1CCN(c2cc(NC3CCCCC3)c3c4c(onc24)-c2ccccc2C3=O)CC1
CHEMBL430864,O=C(Nc1cccc(C2N=NN=N2)c1)NC1C(=O)N(CC(=O)N2CCCC2)c2ccccc2N(c2ccccc2)C1=O
CHEMBL86370,C[C@@](Cc1c[nH]c2ccccc12)(NC(=O)Nc1ccc([N+](=O)[O-])cc1)C(=O)NCC1(c2ccccc2)CCCCC1
CHEMBL5095523,C[N+]1(CCCCCCOc2ccc(C(=C3C4CC5CC(C4)CC3C5)c3ccc(Cl)cc3)cc2)CCCC1
CHEMBL1554795,COc1ccccc1C(=O)NC(=O)COC(=O)c1ccc(Cl)cc1[N+](=O)[O-]
CHEMBL7633,CCCc1cc(=O)oc2c3c(c4c(c12)OC(C)(C)C=C4)O[C@H](CC)[C@@H](C)C3=O
CHEMBL1385870,Cc1ccc(N(C(=O)c2ccco2)C(C(=O)NC2CCCC2)c2ccco2)c(C)c1
CHEMBL1591472,CCOc1ccc(NC(=O)c2sc3nc4c(cc3c2N)CCCCCC4)cc1
CHEMBL4567360,CC1=C[C@H]2O[C@@H]3C[C@H]4OC(=O)/C=C\C=C\[C@H]([C@@H](C)O)OCC/C(CO)=C/C(=O)OC[C@@]2(CC1)[C@]4(C)[C@]31CO1
CHEMBL5420674,CCCCCCCCCCc1ccc2oc(NC[C@@H]3CCCN3)nc2c1.Cl
CHEMBL4761708,CC(C)=CCc1c(OCC(=O)N2CCCC2)ccc2ccc(=O)oc12
CHEMBL3342315,O=C(O)c1ccc(NC(=O)c2ccc(SCc3ccccc3B(O)O)nc2)cc1
CHEMBL1911443,COc1ccc(NC(=O)c2cn(Cc3c(F)cccc3F)c3ccc(=O)[nH]c3c2=O)cc1
CHEMBL1740008,CC(=O)c1csc(-c2cccc(-c3nc4ccc(Cl)cn4c3NC3CCCCC3)c2)c1
CHEMBL4907230,CCNC(=O)[C@H]1CCCN(c2nccn(C3CC3)c2=O)C1
CHEMBL179685,CC1CN(CC(=O)N2CCN(c3cccc(-c4cc5nc(-c6ccco6)nn5c(N)n4)c3)CC2)CCO1
CHEMBL3463773,Cc1cccc(CNCC2COC3(CCCCC3)O2)c1C
CHEMBL1603163,O=C(CNC(=O)c1ccco1)NCC1CCCO1
CHEMBL5206559,C[C@H](Nc1nc(N)nc(N)c1C#N)c1nn(-c2cccnc2)c2ccccc12
CHEMBL1904042,COc1ccc(C(C(=O)NC(C)(C)C)N(Cc2cccnc2)C(=O)CCC(=O)Nc2cc(C)on2)cc1
CHEMBL3984258,CNc1ccc(C(=O)CN2c3nc(N4C[C@@H]5C[C@H]4CO5)cc(=O)n3CC[C@H]2C(F)(F)F)cn1
CHEMBL4754566,CCCCCCNC(=O)n1cc(OC(C)=O)c(=O)[nH]c1=O
CHEMBL2230327,CO/N=C(/C(=O)OC)c1ccccc1COc1c(C)c(-c2ccc(C(C)(C)C)cc2)nn1C
CHEMBL4857626,CC(C)C[C@@H]1OC(=O)CCNC(=O)[C@H](Cc2ccccc2)N(C)C(=O)[C@H](Cc2ccccc2)N(C)C(=O)[C@H](C(C)C)NC(=O)[C@@H]2CCCN2C1=O
CHEMBL397570,N#Cc1c(NC(=O)c2ccc(F)cc2)sc2c1CCCC2
CHEMBL2088494,Br.c1cc(CN2CCCNCCNCCCNCC2)ccc1CN1CCCNCCNCCCNCC1
CHEMBL5489222,CC(C)=CC(=O)NC1CCN(CC2CCCCC2)CC1
CHEMBL2042103,CCOC(=O)N1CCN(/C(=N\Nc2ccc3c(=O)cc(C)oc3c2)C(C)=O)CC1
CHEMBL1583080,CCOC(=O)N1CCC(N2CCCC(C(=O)c3cc(F)ccc3OC)C2)CC1
CHEMBL310328,O=S1NC(Cc2ccc3ccccc3c2Br)=NO1
CHEMBL198721,N#CC(CCCN1CCC(O)(Cc2ccccc2)CC1)(c1ccccc1)c1ccccc1
CHEMBL1867716,Cc1cccc(C)c1NC(=O)CN1CCN(c2ccc(C(F)(F)F)cn2)CC1
CHEMBL3704656,Cc1nc(-c2cn3c(n2)-c2cnc(N4CCCC4C4CCCCN4C)cc2OCC3)n(CC(F)(F)F)n1
CHEMBL3938419,C[C@@]1(c2cc(N)ccc2F)CS(=O)(=O)C2(CCC2)C(=N)N1
CHEMBL4437509,Cc1cc(/C=C/C(C)(C)C(=O)NC(C)(C)CO)ccc1Cc1cc([C@@H]2O[C@H](CO)[C@@H](O)[C@H](O)[C@H]2O)c(O)cc1C(C)C
CHEMBL4474181,CC(C)C[C@H](NC(=O)[C@H](C)NC(=O)[C@H](C)NC(=O)[C@@H](NC(=O)[C@H](CO)NC(=O)[C@H](CC(C)C)NC(=O)[C@H](CCC(N)=O)NC(=O)[C@H](CO)NC(=O)[C@H](C)NC(=O)CC[C@H](NC(=O)CCCCCCCCCCCCCCCCC(=O)O)C(=O)O)[C@@H](C)O)C(=O)NCC(=O)N[C@@H](CCCNC(=N)N)C(=O)N[C@@H](CC(C)C)C(=O)N[C@@H](CO)C(=O)N[C@@H](C)C(=O)N[C@@H](CCC(N)=O)C(=O)N[C@@H](CC(C)C)C(=O)N[C@@H](Cc1cnc[nH]1)C(=O)N[C@@H](CCC(=O)O)C(=O)N[C@@H](CC(C)C)C(=O)N[C@@H](C)C(=O)N[C@H](C(=O)N[C@@H](CC(C)C)C(=O)N1CCC[C@H]1C(=O)N[C@@H](CCCNC(=N)N)C(=O)N[C@H](C(=O)N[C@@H](CCC(=O)O)C(=O)N[C@H](C(=O)NCC(=O)N[C@@H](CO)C(=O)NCC(=O)N[C@@H](CO)C(=O)N1CCC[C@H]1C(N)=O)[C@@H](C)O)[C@@H](C)O)[C@@H](C)O
CHEMBL4076672,CC[C@H]1CN2CCc3c([nH]c4ccccc34)[C@@H]2C[C@@H]1CCO
CHEMBL208270,CCCCCCCC/C=C\CCCCCCCC(=O)NOCCO
CHEMBL2269147,CC1(C)CC(=O)C[C@@]2(C)[C@H](c3ccoc3)C(=O)[C@H]3O[C@@]312
CHEMBL1733886,CN(CC(=O)Nc1ccc(Cl)c(C(F)(F)F)c1)C(=O)C1CSC2(C)CCC(=O)N12
CHEMBL589639,Cc1ccc2[nH]c3c(c2c1)CCN(C(=O)CCN)C3c1ccc2oc(=O)[nH]c2c1
CHEMBL1458502,Cc1cccc(N(C(=O)CNC(=O)c2ccco2)C(C(=O)NC2CCCC2)c2ccncc2)c1
CHEMBL1732086,CCS(=O)(=O)N1CCCC(C(=O)NCc2ccccc2Cl)C1
CHEMBL1707401,CCOc1ccc(NC(=O)C(Cc2ccccc2)NS(=O)(=O)c2ccc3c(c2)oc(=O)n3C)cc1
CHEMBL1878468,CC(NC(=O)c1cccc2c1Oc1ccccc1S2)C(=O)O
CHEMBL3732226,c1cc(-c2nc(N[C@H]3CCNC3)c3c4c(sc3n2)CCCC4)ccn1
CHEMBL4539524,CC(O)(COC(=O)c1ccc(C#N)cc1)[C@@H]1C[C@H](O)[C@@]2(C)Oc3cc(-c4cccnc4)oc(=O)c3C(=O)[C@@H]2C1
CHEMBL3912260,CC1(C)OC(=O)N(c2ccc(-c3cnc(N)c(-c4ccc5nncn5n4)c3)cc2)[C@H]1c1ccccc1
CHEMBL5084360,CN(C)c1ccc(C2(c3ccc(N(C)C)cc3)OC(=O)N3CCN(C(=O)NCc4ccc(F)cc4)CC32)cc1
CHEMBL156197,O=C(O)c1cn(C2CC2)c2cc(N3CCN4CCC3CC4)c(F)cc2c1=O
CHEMBL1531057,CCOc1ccc(CCNC(=O)CN2C(=O)c3cccnc3Oc3ccc(Cl)cc32)cc1
CHEMBL3490135,Cc1cc(C(=O)NCc2ccnc(OCC(F)(F)F)c2)on1
CHEMBL2381686,C=C1C(CCO)=CC(=O)[C@H]2[C@H]1CC[C@H]1C(C)(C)CCC[C@]21C
CHEMBL138236,C[C@@]12CCCc3coc(c31)C(=O)c1cc3c(cc12)C(=O)C(Cl)=C(O)C3=O
CHEMBL278027,CC1Cc2c(OCc3ccc(-c4ccccc4)cn3)ccc3c2c(c(CCOC(C)(C)C(=O)O)n3Cc2ccc(Cl)cc2)S1
CHEMBL1308874,Fc1cc2ncn(Cc3ccccc3)c2cc1F
CHEMBL2333104,COc1cc2ccc(=O)oc2cc1OCCCl
CHEMBL3442755,COCCNC(=O)[C@@H]1CN(c2cc(OC)ncn2)C[C@H]2OCC[C@H]21
CHEMBL3264711,COc1ccc(Cc2nn3c(-c4ccccc4OCC(=O)N(C)C)csc3nc2=O)cc1
CHEMBL3443891,CCOC(=O)N1CCN(C(=O)c2sc(-c3ccncc3)nc2C)CC1
CHEMBL1373490,O=C(O)c1ccc(CSc2nc(-c3ccc(Cl)cc3)cc(C(F)(F)F)n2)cc1
CHEMBL1594211,CCNc1ccc(C(=O)NN=C2CCCC2)cc1[N+](=O)[O-]
CHEMBL3884165,O=C([O-])CCN(Cc1ccc(C(=O)[O-])c(C(=O)[O-])c1)Cc1ccc(C(=O)[O-])cc1Br.[Na+].[Na+].[Na+].[Na+]
CHEMBL4438867,Cc1ccc(-c2csc(N/N=C3\C[C@H]4CC[C@@H](C3)N4C)n2)cc1
CHEMBL1486019,C=CCNC(=S)NNC(=O)c1ccc(Br)o1
CHEMBL1561401,COc1ccc(NC(=O)c2cnn(-c3ccc(C)c(C)c3)c2C2CCNCC2)cc1OC
CHEMBL2287380,CCCC12COP(=S)(OC1)OC2C(C)CC
CHEMBL1583831,O=C(CN1C(=O)NC2(CCCC2)C1=O)Nc1cccc(C(F)(F)F)c1
CHEMBL1386436,CC(C)[C@H](NC(=O)c1ccco1)C(=O)NC12CC3CC(CC(C3)C1)C2
CHEMBL2375376,CCOC(=O)c1sc(N2CCCC2)nc1Cl
CHEMBL1729790,COc1ccc2c(c1)c(C(=O)O)c(C)n2CC(C)C
CHEMBL316004,O=C(CCCN1CCC(C(=O)c2ccc(F)cc2)CC1)c1ccc(F)cc1
CHEMBL3228206,CC(C)N1CC(CN2c3ccccc3COc3ccccc32)C1
CHEMBL2298682,O=c1oc2ccccc2cc1/N=C/c1ccc(Cl)c(Cl)c1
CHEMBL4549220,Cc1cnn(CCNC(=O)CCCN2CCCCC2)c1
CHEMBL4117526,COc1cccc2c1C(=O)c1c(O)c3c(c(O)c1C2=O)C[C@@](O)(/C(CO)=N/OCC(=O)NCCCC[C@H](NC(=O)CO/N=C(\CO)[C@]1(O)Cc2c(O)c4c(c(O)c2[C@@H](O[C@H]2C[C@H](N)[C@H](O)[C@H](C)O2)C1)C(=O)c1c(OC)cccc1C4=O)C(=O)NCCSSC[C@H](NC(C)=O)C(=O)N[C@@H](CCCNC(=N)N)C(=O)N[C@@H](CCCNC(=N)N)C(=O)N[C@@H](CCCNC(=N)N)C(=O)N[C@@H](CCCNC(=N)N)C(=O)N[C@@H](CCCNC(=N)N)C(=O)N[C@@H](CCCNC(=N)N)C(=O)N[C@@H](CCCNC(=N)N)C(=O)N[C@@H](CCCNC(=N)N)C(N)=O)C[C@@H]3O[C@H]1C[C@H](N)[C@H](O)[C@H](C)O1
CHEMBL4848072,O=C(OCCI)c1ccc2c(c1)nc(Nc1cccc(Cl)c1)c1ccncc12
CHEMBL3472082,CC(C)CC(=O)N1CC(=O)c2sc(NC3CCCCC3)nc2C1
CHEMBL1887118,CC(C)CC(=O)Nc1nnc(S(=O)(=O)N(C)Cc2ccc(Cl)cc2)s1
CHEMBL3663404,Cc1ccc(N2CCCC2)c(C(=O)N2C3CCC2C(COc2ccccn2)C3)n1
CHEMBL232813,CC(=O)N[C@@H](CCCCNC(=O)[C@@H]1Cc2ccccc2CN1C(=O)[C@@H](N)Cc1c(C)cc(O)cc1C)C(=O)NCc1ccccc1
CHEMBL4950966,CCC(NCC1CCCS1(=O)=O)c1cc(C)ccc1OC
CHEMBL5185780,Nc1ccc(N2CCOCC2)cc1N1CCOCC1
CHEMBL2179531,O=C(c1occc1Cl)N1CC2CNCC2C1
CHEMBL533450,CC(C)c1sc(N2CCN(C)CC2)nc1C(=O)NCCc1ccc(Cl)c(Cl)c1.O=C(O)C(F)(F)F
CHEMBL1707709,Cc1cc(C(=O)CN2C(=O)NC(C)(c3cc(F)ccc3F)C2=O)c(C)n1C1CC1
CHEMBL1257685,COc1ccc(Nc2nc(-c3ccc(OC)nc3)cn3ccnc23)cc1
CHEMBL1093715,Cc1ccc(C[C@@H](NC(=O)c2ccc3ccccc3c2)C(=O)O)cc1
CHEMBL1712354,CC(=O)NCCc1ccc(C(=O)COC(=O)c2cc(C)oc2C)cc1
CHEMBL3687847,Cc1ccccc1[C@H](CC(=O)O)NC(=O)c1nc(Cl)ccc1Cl
CHEMBL1327164,COc1ccccc1N1CCN(Cc2ccc(Br)cc2)CC1.O=C(O)C(=O)O
CHEMBL85798,CCC(c1cc(O)nc(SC(C)C)n1)c1c(F)cccc1F
CHEMBL4534715,Cc1nc(NC(C)c2ccc(-c3ccccc3CN(C)C)s2)c2cc(N3CC(NC(=O)CN4CCOCC4)C3)ncc2n1
CHEMBL3597625,Cc1c(Cl)cccc1CCCCOc1ccc(C#Cc2cccc3c(CC(=O)O)c(C)n(CCCCC(=O)O)c23)cc1
CHEMBL3209169,C/C(=N\NC(=O)CN1CCN(S(=O)(=O)c2ccc(C)cc2)CC1)c1ccncc1
CHEMBL4973017,CCNC(=O)N1CCN(c2ccc(-c3noc(-c4ccc(C#N)cc4F)n3)cc2)CC1
CHEMBL4573469,Cc1cc(Cl)c2cc(C(=O)NC(C)c3ccc(S(=O)(=O)CC(=O)OC(C)C)cc3)n(C)c2c1
CHEMBL1709837,COc1cc(OC)cc(-c2c(C#Cc3ccsc3)c3cc(-c4ccc(SC)cc4)ccc3n2C)c1
CHEMBL86239,COc1ccc(C2=NN(CCc3ccccc3)C(=O)C3CCCCC23)cc1OC
CHEMBL4931454,CNS(=O)(=O)c1cc(C(=O)NCC2(c3ccccc3)CC2)c(C)o1
CHEMBL1972330,CC1C(c2ccc(F)cc2)c2cc3c(cc2OC1N1CCCC1)OCO3
CHEMBL1602577,CCN(CC)C(=O)Cn1cc(C(=O)C(=O)N2CCN(c3ccccc3)CC2)c2ccccc21
CHEMBL1352993,Cc1ccc(N(CC(=O)N2CC(=O)Nc3ccccc32)S(=O)(=O)c2ccc3c(c2)OCCO3)cc1
CHEMBL1514369,CC(=O)Nc1ccc(NC(=O)C(C)OC(=O)C2CCCCC2)cc1
CHEMBL3594505,COc1c(-c2cc(O)c(O)c(O)c2)oc2cc(O)cc(OCCN3CCOCC3)c2c1=O
CHEMBL210870,O=C(CC(=O)C(=O)O)CC(=O)c1cccc(Cl)c1
CHEMBL1970227,Cc1cccc(-c2cc(=O)c3cc(C)c(C)c(C(=O)O)c3o2)c1
CHEMBL5435835,COc1ccccc1-c1ccc2c(CCNS(=O)(=O)N(C)C)cn(CC(C)C)c2c1
CHEMBL1384713,NC(=O)Cn1cc(C(=O)c2cccs2)c2ccccc21
CHEMBL2324109,CCOc1cc(C[C@H]2C(=O)OC[C@@H]2Cc2ccc(OC)c(OCC)c2)ccc1O
CHEMBL1426761,C=CCSc1nc(C)cc(C(=O)OCC)c1C#N
CHEMBL7323,CC(C)(C)NCC(O)COC(=O)CCc1ccccc1
CHEMBL4940975,Cc1cc(C(=O)N2CCN(c3cc(N4CCOCC4)ncn3)CC2)co1
CHEMBL1625998,CCCC1=[N+](CC(C)=O)CCn2c(C)ccc21
CHEMBL3952086,C#CCN1CCC(CN(CCOC)C(=O)c2ccc3ccccc3c2)CC1
CHEMBL261563,COC(=O)c1ccc(-n2cccc2)cc1O
CHEMBL164523,CCOC(=O)C(CNC(C)=O)c1cn(C(=O)OCC)c2ccccc12
CHEMBL2057484,O=C1c2c(c3c4ccc(O)cc4n([C@@H]4O[C@H](CO)[C@@H](O)[C@H](O)[C@H]4O)c3c3[nH]c4cc(O)ccc4c23)C(=O)N1NCC1COCO1
CHEMBL3891115,COc1ccc(OC)c(N(CCNC(C)C)c2ccc3ncc(-c4cn[nH]c4)nc3c2)c1
CHEMBL1389004,Nc1c(C(=O)O)cnc2nc(N3CCOCC3)nn12
CHEMBL5182886,NCc1cccc(CCOc2cncc3nnc(-c4ccc(Cl)cc4)n23)c1
CHEMBL4936835,Cc1cc(C)cc(-n2nc(CC(N)=O)nc2-c2ncoc2C)c1
CHEMBL4949415,O=C(CN1CCCCCC1=O)N1CCCCC1
CHEMBL1194405,CCC[C@H]1CC(=O)CC23CCN(CC4CC4)C(Cc4ccc(OC)cc42)[C@H]13
CHEMBL3210474,Cc1nn(-c2ccccc2)c(Cl)c1/C=N/NC(=O)c1ccc(NS(=O)(=O)c2cccs2)cc1
CHEMBL2296803,CN1CCN(C(=O)c2cn(-c3ccccc3)nc2-c2ccncc2)CC1
CHEMBL5087462,COc1ccc(NC(=O)c2ccccc2Nc2cccc(Cl)c2C)cc1
CHEMBL3974338,CCS(=O)(=O)NC(=O)C1=C(c2ccc(C)cc2)C[C@](c2ccc(OCCCCCC(F)(F)F)cc2)(C(F)(F)F)NC1=O
CHEMBL4966637,C=CCC[C@@H](CN(C)Cc1cccnc1)Oc1cc(CC)ncn1
CHEMBL1351289,CC1(c2nnc(-c3ccc(Cl)cc3)o2)CC(c2ccc(Cl)cc2)=NO1
CHEMBL3306437,S=C(S)N/N=C/c1cnccn1
CHEMBL35257,N=C(N)Nc1cccc(C(=O)Nc2ccc(CCC(=O)O)c(C(=O)O)c2)c1
CHEMBL4866691,CCOC(=O)/C=N/c1cnc(Nc2ccc(N3CCOCC3)cc2)nc1NC1CCCC1
CHEMBL1433059,CCn1c(C)c(C(=O)NCCc2ccccc2)c2cc(OC)ccc21
CHEMBL1594660,CCOC(=O)c1ccc(NC(S)=NCCCN2CCCC2=O)cc1
CHEMBL3326540,COc1ccc2c(OC[C@@H]3C[C@H]4C(=O)N(C)CCCC/C=C\[C@H]5C[C@]5(C(=O)NS(=O)(=O)C5(C)CC5)NC(=O)N34)cc(-c3nc(C(C)C)cs3)nc2c1F
CHEMBL3577477,Ic1ccc(OCCCOc2ccc(-n3cccc3)cc2)cc1
CHEMBL3944834,Cc1c(Cl)cccc1N1C(=O)c2ccccc2C1(O)c1ccc2c(c1)NC(=O)CO2
CHEMBL78233,CNC(=O)[C@@H](NC(=O)C(CCc1ccccc1)CP(=O)(O)Cc1ccccc1)C(C)(C)C
CHEMBL5077648,CN(C)C(=O)CC1(CC(=O)NCCc2ccc(NC(=O)[C@H](Cc3ccccc3F)NC(=O)c3ccnn3C)cc2)CCCC1
CHEMBL1938847,C=C(C(=O)[C@H](O)[C@@H](C)[C@H]1[C@@H](OC(C)=O)C[C@@]2(C)[C@@H]3CC[C@H]4[C@H](C)C(=O)C=C[C@@]45C[C@@]35CC[C@]12C)[C@@H](C)COC(C)=O
CHEMBL3818925,CCc1c(CCO)nnn1Cc1cc(Cl)cc(Cl)c1
CHEMBL1328052,O=C(NCCc1ccccc1Cl)c1ccc2nc3ccccc3c(=O)n2c1
CHEMBL3589565,CC[C@H](C)[C@@H]1NC(=O)[C@@H]2CCCN2C(=O)[C@H](Cc2cccc(-c3ccc(C(=O)NC)cc3)c2)N(C)C(=O)[C@H](Cc2ccccc2)NC(=O)[C@H](C(C)C)N(C)C(=O)[C@@H]([C@@H](C)CC)OC(=O)[C@H](C(C)(C)O)N(C)C(=O)[C@H](CC(C)C)NC(=O)[C@H](C(C)C)N(C)C1=O
CHEMBL3983524,C/C(=N\OC(=O)COc1ccc(Cl)cc1Cl)c1ccc(Br)cc1
CHEMBL1472862,CCCCCNc1nc2c(-c3ccccc3)nnn2c2ccccc12
CHEMBL1313648,Cc1ccc(Nc2nc(C3CC3)cs2)cc1
CHEMBL1501470,COc1ccc2oc(C[S+]([O-])c3ccccc3)c(C(=O)O)c2c1
CHEMBL1374584,COc1cc(OC)nc(NC(=O)CSc2nc3ccccc3o2)n1
CHEMBL3698437,COC(=O)c1ccc2c(c1)CCCC2(F)c1ncc(-c2cc(C)cc(Nc3cc(C(F)(F)F)ccn3)n2)s1
CHEMBL2325196,O=C(NCC(=O)C1CCCCC1)Nc1ccc2nnsc2c1
CHEMBL499849,N[C@@H](Cn1c(=O)c(-c2ccc(CNCC(=O)O)cc2)cn(Cc2c(F)cccc2C(F)(F)F)c1=O)c1ccccc1
CHEMBL4740595,CC(C)C(C)/C=C/C(C)C1CCC2C3=CC=C4CC(O)CCC4(C)[C@H]3CCC21C
CHEMBL3634940,Cc1ccccc1NC(=O)c1ccc2c(C(=O)O)ccc(O)c2n1
CHEMBL1188823,COc1cccc(CN2C(=O)c3ccc(C(=O)NCCN4CCCCC4)cc3C2=O)c1
CHEMBL404275,Oc1ccc(OCc2ccc3ccccc3n2)cc1C1(c2ccccc2)CCCC1
CHEMBL2349567,COc1cc(Cl)c2c(c1)CCN2c1nc(Cl)cn([C@@H](COCCF)C2CC2)c1=O
CHEMBL2336877,N=C(NCCS)NCCCCCCO
CHEMBL357198,COc1cccc(C(=O)NC(C)(C)C(=O)c2ccccc2)c1
CHEMBL4093702,CC(=O)N1CCN(c2cc3c(c4nsnc24)C(=O)c2ccccc2C3=O)CC1
CHEMBL2325796,O=C(Nc1ccccc1-c1nc2ccccc2s1)c1cc([N+](=O)[O-])ccc1Cl
CHEMBL2440915,NCCN(CCNC(=O)c1ccc(C(=O)NCCOCCOCCNC(=O)/N=C(/N)NCCC[C@H](NC(=O)C(c2ccccc2)c2ccccc2)C(=O)NCc2ccc(O)cc2)cc1)CCNC(=O)c1ccc(C(=O)NCCOCCOCCNC(=O)/N=C(/N)NCCC[C@H](NC(=O)C(c2ccccc2)c2ccccc2)C(=O)NCc2ccc(O)cc2)cc1.O=C(O)C(F)(F)F
CHEMBL2172476,CC(=O)Nc1cc(-c2c(Nc3ccn(C)n3)nc3ccccn23)nc(C)n1
CHEMBL5401622,Cc1n[nH]c2c1[C@@H](O)[C@H](n1nnc3ccccc31)[C@@H](c1cccc(Cl)c1Cl)N2
CHEMBL1688382,CCN(c1ccc(C(C)C)c(OC(C)C)c1)c1ccc(C(=O)O)cn1
CHEMBL4531137,C[C@@H]1OCC2(CCN(c3ncc(Sc4cccnc4C(F)(F)F)c(=O)n3C)CC2)[C@@H]1N
CHEMBL4566720,Cc1cc(C)c(C#N)c(SCC(=O)N(C)Cc2cnn(-c3ccccc3)c2)n1
CHEMBL280952,CCN(C)S(=O)(=O)c1ccc2oc3ccc(C(=O)O)cc3c(=O)c2c1
CHEMBL5424739,NCC(O)c1cccc(OCC2CCCCC2)c1
CHEMBL3485783,O=C(NCCc1nc(C2CC2)no1)[C@H]1CNC[C@H](C(=O)N2CCCC2)C1
CHEMBL3397155,CC[C@H](C)[C@H](NC(=O)CCc1cccc2c1oc1c(CCNC(=O)[C@H](CCCCN)NC(=O)[C@H](CC(N)=O)NC(=O)[C@H](CO)NC(=O)CNC(=O)CCOCCOCCOCCOCCOCCOCCOCCOCCN)cccc12)C(=O)NCC(=O)N[C@@H](CC(C)C)C(=O)N[C@@H](CC[S+](C)[O-])C(=O)O
CHEMBL1887007,Clc1ccc(/C=N/Nc2cc(N3CCOCC3)nc(N3CCOCC3)n2)c(Cl)c1
CHEMBL5020858,CN(Cc1ccccc1)c1nc2c(c(Oc3cccc(F)c3)n1)CN(C(=O)c1ccc(F)cc1F)CC2
CHEMBL576189,CC1=CC2Cc3nc4oc(C5CCC5)nc4c(N)c3C(C1)C2
CHEMBL3672214,COc1cc([C@H](C)Nc2nccc(N3C(=O)OC[C@@H]3C(C)C)n2)ccc1F
CHEMBL3218567,C/C=C\C=C\[C@@H]1O[C@](O)([C@H](CC)C(=O)NC/C=C/C=C(\C)[C@@H](OC)[C@@H](C)C(O)[C@@H](O)/C=C/C=C/C=C/C=C(\C)C(=O)c2c(O)ccn(C)c2=O)C[C@H](O)C1(C)C
CHEMBL319084,COC(=O)[C@H](CC(C)C)NC(=O)C12CC3CC(CC(C3)C1)C2
CHEMBL538495,CCOc1cc(C(=O)N=C(N)N)nc2ccc(F)cc12.Cl
CHEMBL1927283,COc1ccc(Nc2ncccc2C(=O)Nc2nc3ccc(OC)cc3s2)cc1
CHEMBL2003815,COc1ccc2c(c1)N=C1CSC(c3cc([N+](=O)[O-])ccc3Cl)N1C2
CHEMBL4547946,CC(N)c1cccc(OCc2ccccn2)c1
CHEMBL3694485,Cc1cnc(Oc2ccc(C(=O)c3nc4ccccc4[nH]3)cc2)c(-c2ccnc(C)c2)c1
CHEMBL554628,Cl.O=C(OCCN1CCC(c2ccccc2)CC1)C1(c2ccc(I)cc2)CCCC1
CHEMBL1460874,CC(C)CNC(=O)CSc1nc2nn(-c3ccccc3)c(=O)c-2c2n1CCCCC2
CHEMBL2262630,Oc1ccc([C@]23Oc4cc(O)cc(O)c4[C@H](c4c(cc(O)c5c4O[C@H](c4cc(O)c(O)c(O)c4)[C@@H](O)C5)O2)[C@H]3O)cc1
CHEMBL2315834,CC(C)C1=C(C(=O)N2CCNC(=O)C2)SC2=N[C@@](C)(c3ccc(Cl)cc3)[C@@H](c3ccc(Cl)cc3)N21
CHEMBL1521257,COc1ccc(-c2cc(=O)oc3cc(OC(C)C(=O)NC[C@H]4CC[C@H](C(=O)O)CC4)ccc23)cc1
CHEMBL1741801,NNC(=O)[C@@H](O)[C@H](O)[C@H](O)CO
CHEMBL2042844,O=C1N(c2cnc3ccccc3c2)c2ccccc2C12CCN(Cc1ncccc1C1CC1)CC2
CHEMBL4074599,COC(=O)[C@]1(C)CCC[C@]2(C)c3cc(Br)c4nc(NCc5cc(F)ccc5O)[nH]c4c3CC[C@@H]12
CHEMBL1991251,Nc1nonc1-n1cc(CO)nn1
CHEMBL3718311,O=c1cc(-c2ccc3occc3c2)[nH]c2c(-c3cccnc3)c(O)nn12
CHEMBL1528605,CC(C)(/N=N/C(C)(C)C(=N)N)C(=N)N.Cl.Cl
CHEMBL1400683,CC(C)NC(=O)C1CCN(C(=O)c2cc3sccc3n2Cc2ccc(Cl)cc2)CC1
CHEMBL4991115,CC(C)[C@@H](NS(=O)(=O)C1CC1)c1nc(-c2ccncc2)no1
CHEMBL220681,CCc1ccc(OCCCOc2ccc3c(c2)CC[C@H]3CC(=O)O)c(OC)c1
CHEMBL453873,C[C@H](CCC(=O)O)[C@@]1(C)CC[C@H]2[C@@H]3CC[C@@H]4C[C@H](O)CC[C@]4(C)[C@H]3C[C@H](O)[C@@]21C
CHEMBL562981,N[C@@H](CC(=O)N1CCC[C@H]1CNC(=O)c1ccncc1)Cc1ccccc1F
CHEMBL534937,COc1ccc(OC[C@@H]2CO[C@](CCc3ccc(Cl)cc3)(Cn3ccnc3)O2)cc1.Cl
CHEMBL2354524,CCOC(=O)CC1COc2ccccc2N1C(=O)c1ccc(C)cc1
CHEMBL65360,COc1ccc(CNC(=O)[C@H](COCC2CCCCC2)NC(=O)OC(C)(C)C)cc1
CHEMBL2006250,CC(C)=CCC[C@@H](C)C1=C(O)C(=O)C(C)=C(N[C@H](C)c2ccccc2)C1=O
CHEMBL3087495,Cc1c(CN2CCCCC2)c(O)[nH]c(=O)c1C#N
CHEMBL5020885,O=C(NCc1cccnc1)N1CCOCC1CC(O)c1cccs1
CHEMBL3973223,CC[C@H](C)[C@H](NC(=O)[C@H]1CCCCN1)C(=O)N(C)[C@H](C[C@@H](OC(C)=O)c1nc(C(=O)N[C@@H](Cc2ccccc2)C[C@H](C)C(=O)OC)cs1)C(C)C
CHEMBL79822,CN(Cc1ccc(CN(C)C(=O)CCC(=O)NCc2ccc(CN)cc2)cc1)C(=O)CCC(=O)NCc1ccc(CN)cc1
CHEMBL1456852,CCCOc1c(OC)cccc1C1CC(=O)Nc2cc(OC)c(OC)c(OC)c21
CHEMBL4093579,CCOP(=O)(OCC)[C@@H]1C[C@@H](Cn2c(=O)n(C(=O)c3cccc(F)c3)c(=O)c3ccccc32)ON1C
CHEMBL5221309,O=C(CCCc1ccccc1)NCC(CNC(=O)CCCc1ccccc1)(CNC(=O)CCCc1ccccc1)NC(=O)CCCCCCCCC[P+](c1ccccc1)(c1ccccc1)c1ccccc1
CHEMBL221744,CC(O)(COC(=O)c1ccccc1C(F)(F)F)c1cc2cc(NC(=O)C(F)(F)F)c(C(F)(F)F)cc2[nH]1
CHEMBL3445043,NC(=O)C1CCN(C(=O)c2ccc(Cn3cc(Br)cn3)cc2)CC1
CHEMBL309780,[N-]=[N+]=NC1C[C@@H](CO)S[C@@H]1n1ccc(N)nc1=O
CHEMBL3303102,Cc1ccccc1[C@@H]1C[C@H](N2CCOCC2)CC[C@H]1C(=O)N1CC(c2ccccc2)(c2ccccc2)C1
CHEMBL4874977,O=C(NCC1CCNCC1)c1c[nH]c2cc(-c3ccccc3F)ccc12
CHEMBL2391814,CN1CCCCCN(C)c2cc[n+](c3ccccc23)CCCCC[n+]2ccc1c1ccccc12.O.O=C([O-])C(F)(F)F.O=C([O-])C(F)(F)F
CHEMBL4471564,CC[C@H](C)[C@H](NC(=O)[C@H](C)NC(=O)[C@@H](NC(=O)[C@H](CO)NC(=O)[C@H](CC(C)C)NC(=O)[C@H](CCC(=O)O)NC(=O)[C@H](CO)NC(=O)[C@H](C)NC(=O)[C@H](CCC(=O)O)NC(=O)CCCCCCCCCCCCCCCCC(=O)O)[C@@H](C)O)C(=O)N[C@@H](CC(C)C)C(=O)NCC(=O)N[C@@H](CCCNC(=N)N)C(=O)N[C@@H](CC(C)C)C(=O)N[C@@H](CO)C(=O)N[C@@H](C)C(=O)N[C@@H](CCC(=O)O)C(=O)N[C@@H](CC(C)C)C(=O)N[C@@H](Cc1cnc[nH]1)C(=O)N[C@@H](CCC(=O)O)C(=O)N[C@@H](CC(C)C)C(=O)N[C@@H](C)C(=O)N[C@H](C(=O)N[C@@H](CC(C)C)C(=O)N1CCC[C@H]1C(=O)N[C@@H](CCCNC(=N)N)C(=O)N[C@H](C(=O)N[C@@H](CCC(=O)O)C(=O)N[C@H](C(=O)NCC(=O)N1CCC[C@H]1C(=O)N[C@@H](CCC(=O)O)C(=O)N[C@@H](CO)C(=O)N1CCC[C@H]1C(N)=O)[C@@H](C)O)[C@@H](C)O)[C@@H](C)O
CHEMBL404049,O=c1n(-c2ccccc2)c2nc(Nc3ccccc3)ncc2n1C1CCCCC1
CHEMBL3355494,CN(Cc1ccccc1)C(=O)c1ccc(S(=O)(=O)Nc2cccc(N(C)C)c2)cc1
CHEMBL126899,Cn1cc(NC(=O)c2cc(NC(=O)c3cc(-c4cn5ccccc5n4)cn3C)cn2C)cc1C(=O)NCCN1CCOCC1
CHEMBL301785,CN(C)CCCN1c2cc(Cl)ccc2Sc2cc(O)c(O)cc21
CHEMBL1689590,CC1(C)Cc2c(-c3ccccc3)c(-c3ccc(Cl)cc3)c(C(=O)COC(=O)c3ccc(Cl)cc3Cl)n2C1
CHEMBL2337892,Nc1c(S(=O)(=O)[O-])cc(Nc2ccc(-c3ccc(NCc4ccccc4)cc3)cc2)c2c1C(=O)c1ccccc1C2=O.[Na+]
CHEMBL1689045,CCC(CC)(NC(=O)c1c(Cc2ccccc2)nn2c1NC(c1ccccc1)CC2(C)C)c1ccc(C)cc1.Cl
CHEMBL1884916,COc1ccc(S(=O)(=O)N2CCOCC2)cc1NC(=O)CSc1ccccc1
CHEMBL4594248,CC[C@H](C)[C@H](NC(=O)[C@H](C)NC(=O)[C@@H](NC(=O)[C@H](CCC(N)=O)NC(=O)[C@@H]1CCCN1C(=O)[C@H](Cc1ccccc1)NC(=O)[C@@H](NC(=O)[C@H](Cc1c[nH]cn1)NC(=O)[C@H](Cc1ccccc1)NC(=O)[C@H](CCCCN)NC(=O)[C@H](CC(N)=O)NC(=O)[C@H](Cc1ccccc1)NC(=O)[C@H](CC(=O)O)NC(=O)[C@H](CCC(N)=O)NC(=O)[C@@H](NC(=O)[C@H](Cc1ccc(O)cc1)NC(=O)[C@@H](NC(=O)CNC(=O)[C@H](CC(C)C)NC(=O)[C@H](CCSC)NC(=O)[C@@H]1CSSC[C@H](N)C(=O)NCC(=O)N[C@@H](CC(N)=O)C(=O)N[C@@H](CC(C)C)C(=O)N[C@@H](CO)C(=O)N[C@@H]([C@@H](C)O)C(=O)N1)[C@@H](C)O)[C@@H](C)O)[C@@H](C)O)[C@@H](C)O)C(=O)NCC(=O)N[C@H](C(=O)NCC(=O)N[C@@H](C)C(=O)N1CCC[C@H]1C(N)=O)C(C)C
CHEMBL100120,NC(=O)C(c1ccc2c(c1)OCO2)c1c2ccccc2nc2ccccc12
CHEMBL4076483,CCCCC(=O)NC[C@@H](O)[C@@H](O)[C@@H]1OC(C(=O)O)=C[C@H](O)[C@H]1NC(C)=O
CHEMBL2413830,FC1(F)CCN(CCCOc2ccc(-c3ccc(OCCCN4CCCCC4)cc3)cc2)CC1
CHEMBL3628247,Brc1cnc2[nH]ccc2n1
CHEMBL3409191,Oc1cc(-c2cc3ccccc3o2)cc(O)c1O
CHEMBL4870727,Cc1nc(-c2cc(COc3ccc(C(F)(F)F)cc3Cl)cc(C(=O)O)c2)co1
CHEMBL39857,COc1cc(OC)c(CCC(=O)c2cc(OC)c(OC)c(OC)c2)cc1Br
CHEMBL1200197,CCN(CC)CCNCc1cc2c(c3oc4ccccc4c(=O)c13)C=CC(C)(C)O2
CHEMBL2355659,COc1cc(=O)n2c(c1C(=O)N(C)Cc1nccs1)CCN(Cc1ccc(Cl)cc1)CC2
CHEMBL358376,O=C(O)Cc1cccc(-c2ccc(Cl)cc2)c1
CHEMBL1490841,Cc1cccc(NCCC(=O)c2ccc([N+](=O)[O-])cc2)c1C
CHEMBL524078,CC(=O)OC(c1ccc(C)cc1)C(OC(C)=O)c1ncc([N+](=O)[O-])n1C
CHEMBL560170,Cc1ccc2c3c(ccc2n1)OC[C@H](CN1CCN(c2ccc4cc(C#N)ccc4n2)C[C@H]1C)O3
CHEMBL4901757,COc1ccc(C)cc1NC(=O)CN1CCC[C@@H]1CN1CCCC1
CHEMBL1163567,COC1CCN(C(=O)c2ccc(-c3cnc4c(c3)N(Cc3cc(Cl)ccc3C(F)(F)F)CCN4)cc2)CC1
CHEMBL4283410,CCn1c(C(=O)NCC(=O)OC)ccc1C(CC)(CC)c1ccc(OCS(=O)(=O)c2ccccc2)c(C)c1
CHEMBL323749,O=C(O)C(CS)Cc1cccc2ccccc12
CHEMBL1879106,CN1CCN(CCCNC(=O)Cn2c(-c3cccs3)cc3ccccc32)CC1
CHEMBL3717026,COc1cc(OCc2cccc(-c3ccc(C(C)O)cn3)c2)c2cc(-c3cn4nc(OC)sc4n3)oc2c1
CHEMBL205254,CN(C)CCC(NC(=O)c1ccc(N(C)C)cc1)c1ccc(Cl)cc1
CHEMBL463440,CC[C@H](C)C(=O)O[C@@H](CC=C(C)C)C1=CC(=O)c2c(O)ccc(O)c2C1=O
CHEMBL1575165,CCOc1ccc(C(=O)NCc2cccs2)cc1
CHEMBL372009,CCC(COC)N1CCc2cn(-c3c(C)cc(Cl)cc3C)c3nc(C)cc1c23
CHEMBL1551030,Cc1ccc(S(=O)(=O)Nc2cc3c(cc2Cl)n(C)c(=O)c(=O)n3C)cc1
CHEMBL4925597,Cc1nnc(CN[C@H](c2ncc(C)s2)C2CC2)o1
CHEMBL5287237,CCCCOc1ccc(C(C)(C)C)cc1NC(=O)c1nnn(-c2c(OC)cccc2OC)c1C
CHEMBL431276,C=CCN1C[C@H](C)N([C@H](c2ccc(C(=O)N(C)CC)cc2)c2cccc(OC)c2)C[C@H]1C
CHEMBL1196247,O=C(O[C@H]1C[N+]2(CCCOc3ccccc3)CCC1CC2)[C@@](O)(c1ccccc1)c1cccs1
CHEMBL399411,N[C@H](C(=O)N1Cc2ccccc2C1)C12CC3CC(CC(O)(C3)C1)C2
CHEMBL3212165,O=C(Cc1ccccc1)N/N=C/c1ccc[nH]1
CHEMBL3265316,C=CCN1CCC[C@H]1CNC(=O)c1cc(CCCSC2CC(=O)N(CCCCCC(=O)NCCOCCOCCOCCOCCOCCOCCOCCOCCOCCOCCOCCOCCC(=O)N[C@@H](Cc3cnc[nH]3)C(=O)N[C@@H](C)C(=O)N[C@H](C(=O)N[C@@H](Cc3ccc(O)cc3)C(=O)N3CCC[C@H]3C(=O)N[C@@H](CCCNC(=N)N)C(=O)N[C@@H](Cc3cnc[nH]3)C(=O)O)[C@@H](C)CC)C2=O)cc(OC)c1OC
CHEMBL1088047,CCCC[C@H](NC(=O)O[C@@H]1CN(Cc2ccccc2)CC1(C)C)C(=O)C(=O)N[C@H](C)c1ccccc1
CHEMBL1532332,COc1ccc(N2CCN(C(=O)CCN3C(=O)C4C5C=CC(C5)C4C3=O)CC2)cc1
CHEMBL318655,C/C(=C\C(=O)Nc1ccccc1OCCCC(=O)O)c1ccc2c(ccn2C2c3ccccc3CCc3ccccc32)c1
CHEMBL3975211,N#CC1CN(c2cnc(C(=O)Nc3csc(-c4nncn4C4CC4)n3)cc2-n2cnc(C3CC3)c2)C1
CHEMBL2134110,COc1ccccc1Cc1c(-c2ccc(C#N)cc2)nc2ccc(C)cn12
CHEMBL410108,CCCCCCCC(=O)OC[C@H](NC(=O)[C@H](CO)NC(=O)CN)C(=O)N[C@@H](Cc1ccccc1)C(=O)N[C@@H](CC(C)C)C(=O)N[C@@H](CO)C(=O)N1CCC[C@@H]1C(=O)N[C@@H](CCC(=O)O)C(=O)N[C@@H](Cc1c[nH]cn1)C(=O)N[C@@H](CCC(N)=O)C(=O)N[C@@H](CCCN=C(N)N)C(=O)N[C@H](C(=O)N[C@@H](CCC(N)=O)C(=O)N[C@@H](CCC(N)=O)C(=O)O)C(C)C
CHEMBL4858450,O=S(=O)(NC1CC1)c1cccc(-c2n[nH]c3cc(F)ccc23)c1
CHEMBL5271487,CCn1cc(C(=O)O)c(=O)c2cc(F)c(N3CCN(C/C(=N/OCc4ccccc4)c4ccoc4)CC3)nc21
CHEMBL1277183,CC(C)(C)c1ccc(C(=O)Nc2nc3c(s2)C[C@@H](N)CC3)cc1.Cl
CHEMBL3554172,Cc1cccc(NC(=O)N2CCCn3cnc(CN4CCCC4)c3C2)c1
CHEMBL2017111,CC(=O)NCCc1ccccc1-c1onc([C@H]2CNCC[C@]2(C(N)=O)c2ccc(F)c(F)c2)c1Br
CHEMBL4894304,Cc1c(CN2CCN(C3CCN(C(C)C)CC3)[C@@H](CCO)C2)[nH]c2c(Cl)cccc12
CHEMBL5189133,COc1ccc(C(=O)c2cccc(F)c2)cc1OCCOCCOc1no[n+]([O-])c1S(=O)(=O)c1ccccc1
CHEMBL2106440,CC1(C)S[C@@H]2[C@H](NC(=O)[C@H](NC(=O)c3ccc(-c4ccc(S(=O)(=O)N(CCO)CCO)cc4)[nH]c3=O)c3ccc(O)cc3)C(=O)N2[C@H]1C(=O)[O-].[Na+]
CHEMBL179488,CNC1=C(C(=O)OC)C(c2ccc([N+](=O)[O-])cc2)C(C(=O)OC)=C(C)C1
CHEMBL3445611,Cc1nc2[nH]cnc(Nc3cc(C)n(C)n3)c-2n1
CHEMBL3355127,C[C@@H]1C(=O)NN=C2COc3cc(-c4ccccc4F)c([C@@H]4CCN(C)C[C@@H]4C)cc3N21
CHEMBL4582461,CC(=O)Nc1ccsc1C(=O)N1CC[C@H]2CC[C@@H](C1)N2C
CHEMBL1447614,CC(C)CN=C(S)NNC(=O)c1csc2c1CCC(C)C2
CHEMBL4924634,O=C(Cn1cnnn1)N1COCC[C@H]1c1ccccc1
CHEMBL3277819,CC(=O)Oc1c2c(c3c(c1OC(C)=O)CN(C)CC3)CCC2.O=C(O)C(F)(F)F
CHEMBL4899383,O[C@@H](CNCc1cccnc1)COc1cccc2ccccc12
CHEMBL4799313,CCN(C)C(=O)OCC1CCN(Cc2ccccc2)CC1
CHEMBL5279996,Cc1nccc2c1[nH]c1cc(CO)ccc12
CHEMBL4294809,Oc1ccc(-c2n[nH]cc2-c2ccc(F)c(Cl)c2)c(O)c1O
CHEMBL3658202,CC(=O)N[C@@H](C)c1ccc(O[C@@H]2CCN(c3nccc(N4CCCC4)n3)C2)cc1
CHEMBL3779906,COC[C@@H]1C(=O)[C@]23C[C@@H]1C[C@@H](O)[C@H]2C12CO[C@@H](O)[C@@H]1C(C)(C)CC[C@@H]2OC3=O
CHEMBL3739935,Cc1ccc(S(=O)(=O)N2CCC(CN3CCC(c4noc5cc(F)ccc45)CC3)CC2)cc1
CHEMBL56037,N=C(N)Nc1ncc(Cl)cc1CCC(=O)O
CHEMBL3986385,C[C@H](N)CNC(=O)c1cc(NC(=O)c2cc(-c3ccccn3)c(Cl)cc2Cl)n(-c2ccccc2)n1
CHEMBL1437570,COc1ccc(-c2cc(C(=O)OC(C)C(=O)c3ccccc3)c3cccc(Cl)c3n2)cc1
CHEMBL216482,O=C(NC1CCN(Cc2ccc3ccc(=O)[nH]c3c2)CC1)c1cc(=O)c2ccc(F)cc2o1
CHEMBL2431270,CCCCc1ccc(NC(=O)CSC2=C(C#N)C(c3ccco3)C(C(=O)Nc3ccc(OCC)cc3)=C(C)N2)cc1
CHEMBL4981172,CCc1nc2cc(N3CCCC(C(=O)NC(C)CC)C3)cnc2nc1CC
CHEMBL1641834,Fc1cc(F)cc(-c2nnc(N3CCC(N4CCCCC4)CC3)s2)c1
CHEMBL277690,CN(C/C=C/c1ccsc1)Cc1cccc2ccccc12
CHEMBL5280573,Clc1ccc(-c2c[se]c(NN=C3CCSCC3)n2)cc1
CHEMBL1522408,O=C(NNC(=O)C1CC2CCC1C2)c1ccccc1
CHEMBL3925730,NS(=O)(=O)NC[C@H]1C[C@@H](n2cnc3c(N[C@H]4CCc5ccccc54)ncnc32)[C@H](O)[C@@H]1O
CHEMBL2403328,COc1ccc(Cn2cnc(=O)c3cc(Oc4ncccc4C(F)(F)F)ccc32)cc1
CHEMBL163323,CC(=O)OC[C@@H]1C=CC(=O)[C@@H](C2CCCC=C2C)O1
CHEMBL2135933,COc1cc(C(=O)NCC(c2cccs2)N2CCOCC2)ccc1OCc1ccc(Cl)cc1
CHEMBL1514480,Cc1ccc(CNC(=O)CSc2ncc(S(=O)(=O)c3ccc(Br)cc3)c(=O)[nH]2)cc1
CHEMBL5006052,Cc1occc1CNS(=O)(=O)CCCS(=O)(=O)C(F)(F)F
CHEMBL1980223,C=C1CC(C)(COc2ccc3c(C)c(C)c(=O)oc3c2C)OC1=O
CHEMBL385123,O=C(CCC(=O)N[C@@H](CCC(=O)OCc1ccccc1)C(=O)OCc1ccccc1)N[C@@H](CCC(=O)OCc1ccccc1)C(=O)OCc1ccccc1
CHEMBL4112098,CC1=NOC(CNc2n[nH]c3cc(NC(=O)N[C@H](C)c4ccccc4)ncc23)C1
CHEMBL481466,N#C[C@@H]1C[C@H](N=[N+]=[N-])CN1C(=O)[C@@H](N)CCCCN(c1ccc2ccccc2c1)c1ccc2ccccc2c1
CHEMBL317193,N#CC(c1cccnc1)N1CCN(C(=O)C=C(c2ccccc2)c2ccccc2)CC1
CHEMBL179617,O=C1c2ccccc2C(=O)c2cnccc21
CHEMBL291856,N[C@@H](C[Se]Cc1ccc(Cl)cc1)C(=O)O
CHEMBL2313445,CC[Si](CC)(CC)c1ccc(O)cc1
CHEMBL319829,CN(C)CCCN1C(=O)CSC1c1cccc(Cl)c1
CHEMBL3440401,O=C(Cc1ccc(Br)cc1)N1CC(S(=O)(=O)C2CCCCC2)C1
CHEMBL1760684,Cn1c(-c2ccc(NC(=O)c3cnccn3)cc2)nnc1C1(c2ccc(Cl)cc2)CCC1
CHEMBL1581692,COc1ccc(C(=O)OCCOc2cccc(Cl)c2)cc1S(=O)(=O)N1CCOCC1
CHEMBL4916920,CCn1cc(CN2CCCC[C@@H]2CCN(C)C)cc1C#N
CHEMBL1443495,COc1ccc(S(=O)(=O)N2CCCCCC2)cc1C(=O)N1CCCCC1
CHEMBL3617976,CS(=O)(=O)c1cc(C#N)ccc1[C@@H]1C2=C(CCC2=O)N(c2cccc(C(F)F)c2)C(=O)N1C(=O)NC1CC1
CHEMBL5205997,C[C@@H](C1CC1)N1Cc2cc(-c3ccn4nc(N)c(C(=O)N[C@@H](CO)C5CC5)c4n3)cc(OC(F)(F)F)c2C1=O
CHEMBL5197674,COc1ccc2c(c1)CN(S(C)(=O)=O)c1c(C)c([C@H](OC(C)(C)C)C(=O)O)c(-c3ccc(C)cc3)c(C)c1-2
CHEMBL3951145,CC(=O)N[C@@H](Cc1ccccc1)C(=O)N[C@@H](CCC(N)=O)C(=O)N[C@@H](CO)C(=O)N[C@@H](CCCCN)C(=O)NCC(=O)N[C@@H](CC(N)=O)C(=O)N[C@@H](CC(C)C)C(=O)N[C@@H](Cc1ccccc1)C(=O)N[C@H](C(=O)N[C@@H](CC(=O)O)C(=O)NCC(=O)N[C@@H](Cc1ccc(O)cc1)C(=O)N[C@@H](Cc1ccccc1)C(=O)N[C@@H](CCC(=O)O)C(=O)N[C@@H](CCCNC(=N)N)C(=O)N[C@@H](CC(C)C)C(=O)N[C@@H](CCCNC(=N)N)C(=O)N[C@@H](C)C(=O)N[C@@H](CCCCN)C(=O)N[C@@H](CC(C)C)C(N)=O)C(C)C
CHEMBL551143,CC(C)N1CCC(Oc2ccc3nc(C(=O)N4CCC[C@H]4C#N)ccc3c2)CC1
CHEMBL1620381,C#CCOCCOCCOCCNc1nc(N2CCN(C(=O)[C@H]([C@@H](C)CC)n3cc(CCCN=C(N)N)nn3)CC2)nc(N2CCN(C(=O)[C@H](Cc3ccc(O)cc3)n3cc(CCO)nn3)CC2)n1
CHEMBL1358428,O=C(CCNS(=O)(=O)c1ccccc1F)N1CCN(C(c2ccccc2)c2ccccc2)CC1
CHEMBL466468,Cc1nc(C(=O)N2c3cccc(O)c3NC3=C(C(=O)CC(C)(C)C3)C2c2ccc(OCc3ccccc3)cc2F)cs1
CHEMBL4967414,COc1ccc(S(=O)(=O)N2CCOC[C@H](OC)C2)cc1
CHEMBL26057,Oc1ccc2c(c1)OC(c1ccc(OCCN3CCCCC3)cc1)c1c-2oc2cc(O)ccc12
CHEMBL4943971,CCc1nc2ccccc2c(=O)n1NC(=O)c1c(O)n(CC)c2ccccc2c1=O
CHEMBL1917108,CC(=O)N[C@H]1CCCCNC(=O)C[C@@H](C(=O)N[C@@H](CCCNC(=N)N)C(=O)N[C@@H](CC(=O)O)C(=O)N[C@@H](Cc2cnc[nH]2)C(=O)N[C@@H](CO)C(=O)N[C@@H](CCCNC(=N)N)C(N)=O)NC(=O)[C@H](Cc2c[nH]c3ccccc23)NC(=O)[C@H](CCCCN)NC(=O)[C@H](CO)NC1=O
CHEMBL2142480,CCc1csc(CNC(=O)C2CCC(=O)N(Cc3cccc(OC)c3)C2)n1
CHEMBL4215998,CCCCCCCCCCCCn1cc(CO[C@H](CP(=O)(O)OCCCNCc2ccc3ccccc3c2)C(=O)OCC)nn1
CHEMBL75022,O=C(O)C(=O)O.O=C(c1c[nH]cn1)c1cccc2ccccc12
CHEMBL3103571,CC[C@]12C=CCN3Cc4c(n(c5ccccc5c4=O)[C@@H](c4cc5c(cc4OC)NC4=C(C(=O)OC)C[C@]6(CC)C=CCN7CC[C@@]45[C@@H]76)C1)[C@@H]32
CHEMBL3422240,COC[C@H]1C[C@H]2[C@@H](C)SC(N)=N[C@@]2(c2ccc(F)cc2F)CO1
CHEMBL2229150,C=C1C(=O)O[C@@H]2C[C@]3(C)C(CCC(C)OC(=O)c4cccc(OC)c4)[C@@H]3C[C@H]12
CHEMBL3274377,C/C(=N\OCC(=O)O)c1ccccc1Cl
CHEMBL4855500,CC(C)CN(c1ccnc(Nc2ccc(C#N)cc2)n1)c1c(F)cc(-c2ccc(C#N)cc2)cc1F
CHEMBL1883571,C[C@H]1CC[C@]2(O[C@@H](CCO)C[C@@H](O)[C@@H]2O)O1
CHEMBL502991,O=C1CN(/N=C/[C@H](Cc2ccccc2)NC(=O)[C@H](Cc2c[nH]c3ccccc23)NC(=O)[C@H](Cc2c[nH]c3ccccc23)NC(=O)CCCCC2SCC3NC(=O)NC32)C(=O)N1
CHEMBL1090942,CC(C)C[C@@H]1NC(=O)[C@@H](Cc2ccccc2)NC(=O)[C@H](CCN)NC(=O)[C@@H](NC(=O)[C@H](CCN)NC(=O)[C@@H](NC(=O)[C@H](C)NC(=O)O)[C@@H](C)O)CCNC(=O)[C@H]([C@@H](C)O)NC(=O)[C@H](CCN)NC(=O)[C@H](CCN)NC1=O
CHEMBL4958748,COc1cccc(N2C(=O)N(CC#N)S(=O)(=O)c3cccnc32)c1
CHEMBL1974487,CC(C(=O)NCCNC(=O)CCC(=O)N(C)O)C(=O)NCCNC(=O)CCC(=O)N(C)O
CHEMBL1322403,CCOC(=O)N1CCN(c2cc(C)c(C(C)=O)cc2F)CC1
CHEMBL271829,Cc1c(Br)c(=O)oc2c([N+](=O)[O-])c(O)c(Br)cc12
CHEMBL377925,Oc1noc(C2CCNCC2)c1CCC(c1ccccc1)c1ccccc1
CHEMBL4534162,C=C1CC[C@@H]2[C@](C)(CO)[C@H](O)CC[C@@]2(C)[C@@H]1C/C=C1/NC(=O)SC1=O
CHEMBL3902863,Cc1ccc([C@@H](Nc2c(Nc3cccc(C(=O)N(C)CC(F)(F)F)c3O)c(=O)c2=O)C2CCCS2)o1
CHEMBL5203558,CN(c1ccc2[nH]ncc2c1)c1nc(=O)c2cc(C(F)(F)F)cc([N+](=O)[O-])c2s1
CHEMBL1373992,CN(Cc1ccc(Cl)s1)C(=O)CCl
CHEMBL2286455,O=C(/C=C/c1cccc([N+](=O)[O-])c1)c1occc1O
CHEMBL3964412,Cc1nc(C(C)(C)NC(=O)c2cccc(-c3ccc(Cl)c(F)c3)n2)no1
CHEMBL5435546,COC(=O)/C=C/c1ccccc1Nc1ccnc2cc(OC)ccc12
CHEMBL307592,O=C(NC1CCCCN1)C(c1ccccc1)C1CCCCC1
CHEMBL1090024,O=C(NCc1ccc(Cl)c(Cl)c1)N(c1ccc(Br)cc1)C1CCN(C2CCCC2)CC1
CHEMBL4904049,CS(=O)(=O)N1CCCCC[C@H]1c1noc(-c2ccccc2)n1
CHEMBL1809175,Cc1nn(-c2ccccc2)c2cc(N3CCC(N4CCNCC4)CC3)ccc12
CHEMBL1812935,CCOc1cc(OCC)cc(C(=O)N2CCCN(C3(c4ccc(Oc5ccccc5)cc4)C(=O)NC(=O)NC3=O)CC2)c1
CHEMBL2006786,O=C(c1cccnc1)N1N=C(c2ccc3c(c2)OCO3)CC1(O)c1cc(F)c(Cl)cc1Cl
CHEMBL4302049,CN(CCCc1ccc(C(F)(F)F)cc1F)Cc1ccc2c(c1)OCO2
CHEMBL1468229,CCn1c(COc2ccccc2)nc2ccccc21
CHEMBL2071287,CCCCC[C@H](OC)c1c(O)cc2c(c1O)C(=O)c1c(O)cc(OC)cc1C2=O
CHEMBL4955450,CCN(CC)S(=O)(=O)Nc1cc(S(=O)(=O)N2CCOCC2)ccc1NC[C@H]1CCCO1
CHEMBL4281352,COc1ccc(-c2c(-c3cc(OC)c(OC)c(OC)c3)nn(-c3ccc(OC)cc3)c2N)cc1
CHEMBL4301644,O=C(O[C@@H]1[C@@H](OC(=O)c2cc(OS(=O)(=O)O)cc(OS(=O)(=O)O)c2)[C@H](OC(=O)c2cc(OS(=O)(=O)O)cc(OS(=O)(=O)O)c2)[C@H](OC(=O)c2ccc(OS(=O)(=O)O)cc2OS(=O)(=O)O)[C@H](OC(=O)c2cc(OS(=O)(=O)O)cc(OS(=O)(=O)O)c2)[C@H]1OC(=O)c1cc(OS(=O)(=O)O)cc(OS(=O)(=O)O)c1)c1cc(OS(=O)(=O)O)cc(OS(=O)(=O)O)c1
CHEMBL3219153,COc1cc(NC(C)CCCNc2ccnc3cc(Cl)ccc23)c2ncccc2c1
CHEMBL3980312,COC1CCC2(CC1)Cc1ccc(Br)cc1C21NC(N)N(C(C)(C)C)C1=O
CHEMBL2036899,C/C(=N\Nc1nc(-c2ccc(I)cc2)cs1)c1ccccn1
CHEMBL4116050,CC(C)CC(=O)OC(Cn1ccnc1)c1ccccc1
CHEMBL3915005,C[C@]12CCC3C4CCC(=O)C=C4[C@@H]4C[C@@H]4C3C1C1CC1[C@@]21CCC(=O)O1
CHEMBL406617,CSCC[C@H](NC(=O)[C@@H](CC(C)C)NC(=O)CNC(=O)[C@@H](Cc1ccccc1)NC(=O)[C@@H](Cc1ccccc1)NC(=O)[C@H](CCC(N)=O)NC(=O)[C@@H](CCC(N)=O)NC(=O)[C@H]1CCCN1C(=O)[C@@H](CCCCN)NC(=O)[C@H]1CCCN1C(=O)[C@@H](N)CCCN=C(N)N)C(N)=O
CHEMBL1958486,COc1ccc(S(=O)(=O)N(CC(C)C)C[C@@H](O)[C@H](Cc2ccccc2)NC(=O)O[C@@H]2C[C@@H]3[C@@H](OC(=O)N(C)C)CO[C@@H]3C2)cc1
CHEMBL3458170,Fc1cccnc1N1CCCC(c2nccs2)C1
CHEMBL3897218,O=C(c1ccccc1-n1nccn1)N1CCC(F)(F)C(Oc2cnc3ccccc3n2)C1
CHEMBL5397391,CC1=NN(c2ccccc2)C(=O)/C1=C\c1cn(CCCOc2cc(O)c3c(=O)cc(-c4ccccc4)oc3c2)c2ccccc12
CHEMBL3287997,Cc1cccc2nc(C(=O)N[C@H]3CC[C@@H](NC(=O)c4cc(F)cnc4Oc4cccc(-c5ccc(O)cc5CN5CCCOCC5)c4)CC3)cn12
CHEMBL3977807,Cc1cc(C(=O)N[C@@]23CC(F)(F)[C@@H](C)[C@H](/C=C/c4ccc(-c5ccccc5C#N)cn4)[C@@H]2[C@@H](C)OC3=O)no1
CHEMBL1179509,NCCN1CCc2c([nH]c3ccc(Cl)cc23)C1c1cccc(O)c1
CHEMBL1556618,CCOCCCNC(=O)CN1C(=O)C(CC)Oc2ccccc21
CHEMBL4953403,O=C(c1cc(C2CC2)nc2ccccc12)N1CCN(c2ncccn2)CC1
CHEMBL200528,CC(=O)c1cccc(-c2cnc3ccc(NCC4CC4)nn23)c1
CHEMBL385952,O=C(c1ccc(Cl)cc1NS(=O)(=O)c1cccc2cccnc12)N1CCCCC1
CHEMBL152138,COc1ncc(Cc2cn(CCCC(=O)NCc3ccc(-c4ccc(F)cc4)cc3)c(SCc3ccc(F)cc3)nc2=O)cn1
CHEMBL1375994,Cc1nc(CS(=O)(=O)c2ccccc2)cc(Sc2ccc(Cl)cc2Cl)n1
CHEMBL23415,CCCc1cc(OCC)cc(=O)n1Cc1ccc(-c2ccccc2-c2nn[nH]n2)cc1
CHEMBL5280006,C=C(COC(=O)Nc1ccc(C)cc1)C(=O)NC(C(=O)NCC(=O)OCC)c1ccc(F)cc1
CHEMBL3589794,CC(C)[C@H]1CN=C2C=C3N(CCc4ccccc4)[C@@H](Cc4ccc(O)cc4)CN3[C@@H](Cc3ccccc3)CN21
CHEMBL496456,Cl.Fc1ccc(-c2ccc3c(c2)CCCC3c2ccncc2)cc1F
CHEMBL1576259,Cc1ccc(C(=O)NN(C)c2nc3ccccc3nc2C(F)(F)F)cc1
CHEMBL2271213,C=CCc1cccc(OCC)c1O
CHEMBL4969235,O=C(c1cc(-c2ccc(Cl)cc2)nc2ccc(Br)cc12)N1CCN(C(=O)[C@@H]2CCCO2)CC1
CHEMBL375067,CC(C)=CCOc1cc(Nc2ncnc(N)n2)ccc1C#N
CHEMBL1404300,COc1ccc(CCNC(=O)COc2ccc(C)nc2[N+](=O)[O-])cc1
CHEMBL3475733,O=C(O)c1cn(CC2CCCN(c3nc4ccccc4s3)C2)nn1
CHEMBL4159045,Cc1c(C(=O)NC2CCN(C)CC2)oc2ccc(N(Cc3ccc(Br)cc3)S(=O)(=O)c3ccc(Br)cc3)cc12
CHEMBL4594624,N[C@@H](C(=O)N1CCC[C@H]1C(=O)NCc1ccncc1)C(c1ccccc1)c1ccccc1
CHEMBL3981498,O=C(NCc1ccc(S(=O)(=O)N2CCC(N3CCCC3)CC2)cn1)c1cc2ccncc2o1
CHEMBL4987904,CC1CC(C)CN(C(=O)CCN2C(=O)c3ccccc3C2=O)C1
CHEMBL4459442,CCCCCN(C)C(=O)CCCCOc1cc2ccc(=O)oc2c2c1OC(C)(C)C=C2
CHEMBL3466619,Cc1cccc(NC(=O)CCNCc2c(C)nn(C)c2N(C)C)n1
CHEMBL26804,O=C(Cn1c(Cl)cnc(NCC(F)(F)c2cccc[n+]2[O-])c1=O)NCc1ccccc1Cl
CHEMBL3953117,COc1cc(OC)cc(N(Cc2cc(C)n(C)n2)c2ccc3ncc(-c4cnn(C)c4)nc3c2)c1
CHEMBL5171962,O=C(O)c1ccc2c(c1)Oc1ccc(OCc3c(-c4c(Cl)cccc4Cl)noc3C3CC3)nc1C1(CC1)C2
CHEMBL4741845,Cc1ncsc1-c1ccc([C@H](C)NC(=O)[C@@H]2C[C@@H](O)CN2C(=O)[C@@H](NC(=O)CCCCCCCCCCN(C)CCCONC(=O)c2ccc(F)c(F)c2Nc2ccc(I)cc2F)C(C)(C)C)cc1
CHEMBL536185,COc1ccc(CN(CCCCN)Cc2ccc(OC)cc2)cc1
CHEMBL4555334,C[C@H](Nc1ncnc(N)c1C#N)c1nc2ccc(F)cc2c(C(N)=O)c1-c1ccccc1
CHEMBL1883610,O=C(NCc1ccccc1)c1onc(CSc2ccc(F)c(F)c2)c1C(=O)NCc1ccccc1
CHEMBL4228469,COc1cc2cc(C(=O)N3CC(CCl)c4c3cc(O)c3ccoc43)[nH]c2c(OC)c1OC
CHEMBL3307004,CC(=O)OCC1=C(C(=O)O)N2C(=O)[C@@H](NC(=O)C(C)S(C)(=O)=O)[C@H]2SC1
CHEMBL3125061,Cc1ccnc(NC(=S)NCCNc2cccc(C(F)(F)F)c2)c1
CHEMBL4990129,Cc1ccc(N2C(=O)CN(CC(C)C)[C@H]3CS(=O)(=O)C[C@H]32)cc1
CHEMBL1215293,O=C(O)c1ccc(-n2c(/C=C/c3cccc([N+](=O)[O-])c3)nc3ccc([N+](=O)[O-])cc3c2=O)cc1
CHEMBL1505074,Cc1c(C(=O)N2CCCCC2)c(S(=O)(=O)N(C)Cc2ccccc2)c(C)n1C
CHEMBL3701824,COCCc1c(-c2nc(-c3ccc(CN4CC(C(=O)O)C4)cc3)no2)cnn1C1CCCCC1
CHEMBL2425377,Oc1ccc2c(c1)CC1c3cc4c(cc3CCN1C2)OCO4
CHEMBL5014920,Cc1ccc(-c2noc(C3CCOC3c3ccc(Cl)c(F)c3)n2)cc1
CHEMBL1708709,C[C@H](CO)N1C[C@H](C)[C@@H](CN(C)Cc2ccc(Oc3ccccc3)cc2)Oc2ccc(NC(=O)Cn3cnnn3)cc2C1=O
CHEMBL1501125,Cc1ccc(NC(=O)c2ccc3ncsc3c2)cc1S(=O)(=O)N(C)C
CHEMBL4870273,O=C(NCC1CCN(Cc2cccc(Cl)c2)CC1)c1cncc(NC(=O)c2ccnc3[nH]ccc23)c1
CHEMBL5088253,CNCCCNC(=O)c1cc(C2CC2)nc2c1cnn2C(C)C
CHEMBL3956030,Cc1cccc(C(=O)CN2CCN(S(=O)(=O)c3cc(Cl)ccc3Cl)CC2)c1
CHEMBL3358339,CN(C)c1cc(F)c2c(=O)n(-c3cccc(-c4cc(Nc5ccc(C(=O)N6CCOCC6)cn5)c(=O)n(C)c4)c3CO)ccc2c1
CHEMBL574537,CCC(CC)C(NS(=O)(=O)c1ccc(Br)cc1)c1ccnn1Cc1ccc(OC)cc1
CHEMBL1462345,COc1ccccc1Nc1nc(N)nc(CSc2ncccn2)n1
CHEMBL1344946,CC(C)CCN1CC(=O)N2[C@@H](Cc3c([nH]c4ccccc34)C2(C)C)C1=O
CHEMBL5498288,C=CCn1c(SCC(=O)NCCOC)nc2ncccc2c1=O
CHEMBL1361879,COCCN(CC(=O)NCc1ccc2c(c1)OCO2)C(=O)CCC(=O)Nc1nccs1
CHEMBL4902422,O=S(=O)(c1ccccc1)N1CCN(Cc2cncc(F)c2)CC1
CHEMBL3968085,Cc1cc(C(=O)Nc2cccc(Oc3ccc4c(/C=C/c5ccccn5)n[nH]c4c3)c2)n(C)n1
CHEMBL3672809,CCN(CCOc1nc(-c2ccncn2)cc(=O)n1C)c1cccc(C)c1
CHEMBL4229191,COc1ccc2nccc(CCN3CCC(NCc4ccc5c(n4)NC(=O)CO5)CC3)c2c1
CHEMBL1983317,Cc1nc(-n2nc(-c3ccccc3)cc2-c2ccccc2)sc1C(=O)/C=C/c1ccc([N+](=O)[O-])cc1
CHEMBL5417732,O=C(NCCO)c1cc(C(=O)NCCO)cc(C(=O)NCC2CCN(CC3CCCCC3)CC2)c1
CHEMBL1523647,CN(CC(=O)O)c1ccc(S(=O)(=O)N2CCOCC2)cc1[N+](=O)[O-]
CHEMBL4647158,CC(C)C[C@@H]1NC(=O)[C@H](Cc2ccccc2)NC(=O)[C@H](C)NCCCCCCNC1=O
CHEMBL140692,NS(=O)(=O)c1ccc(CCOS(=O)(=O)c2c(F)c(F)c(F)c(F)c2F)cc1
CHEMBL2182031,Cc1nnn(-c2ccc(-c3ccc(C4(C(=O)O)CC4)cc3)cc2)c1NC(=O)O[C@H](C)c1ccccc1C(F)(F)F
CHEMBL4917026,CC1(C)C[C@H](c2ccccc2)CN1C(=O)c1coc(CO)c1
CHEMBL100470,Cc1cccc(C)c1-n1sc2ncccc2c1=O
CHEMBL3648724,CO[C@@H]1CCN(c2c(NC(=O)c3nc(-c4c(F)cccc4F)sc3N)cnn2C)CC[C@H]1N
CHEMBL5182318,C=C(C)[C@@H]1CC[C@]2(NCC3CCCC3)CC[C@]3(C)[C@H](CC[C@@H]4[C@@]5(C)Cc6c[nH]nc6C(C)(C)[C@@H]5CC[C@]43C)[C@@H]12
CHEMBL5277953,Cc1cc2c(c(=O)o1)C(c1ccc(F)cc1)c1c(Nc3ccc([N+](=O)[O-])cc3)ncnc1O2
CHEMBL2272572,Cc1cc(C2=NOCc3ccccc32)on1
CHEMBL3940247,COc1ccc(F)c(/C=c2\[nH]c(=O)/c(=C/c3nc[nH]c3C(C)(C)C)[nH]c2=O)c1.O=C(O)C(F)(F)F
CHEMBL593705,COc1ccc(/C(C)=C(/c2ccccc2)c2cc(OC)c(OC)c(OC)c2)cc1O
CHEMBL495964,CCN(CC)C(=O)CN(c1ccc(Cl)c(N(C)C)c1)S(=O)(=O)c1ccc(OC)c(OC)c1
CHEMBL3326637,COc1ccc(O[C@@H]([C@H](CO)N=[N+]=[N-])[C@H](Oc2ccc(OC)cc2)c2cnc(N(C)C)nc2)cc1
CHEMBL1779366,Nc1ncc(-c2nccc(-c3cc4c([nH]3)C3(CCNCC3)CNC4=O)n2)cn1
CHEMBL4776934,CC1(C)Oc2cnccc2-c2[nH]c(C(N)=O)c(-c3ccccc3C(F)(F)F)c21
CHEMBL1366917,Cc1ccc(Nc2ccc(C(F)(F)F)cc2[N+](=O)[O-])cc1
CHEMBL159333,O=C(O)C(=O)O.c1ccc(C2=NNC(NCCN3CCCCC3)=NC2)cc1
CHEMBL3479970,c1cc(N2CCC(c3nnc(Cn4ccnc4)n3C3CC3)CC2)ccn1
CHEMBL1483834,CCn1c(CNC(=O)C23CC4CC(CC(C4)C2)C3)nnc1SCC(=O)Nc1nnc(C)s1
CHEMBL4533041,Cc1cc[n+](CC(=O)Nc2ccc(Br)c(C)c2)cc1
CHEMBL1929275,CC1(C)CCCN(CCCCC2CCc3ccccc32)C1
CHEMBL5084582,O=c1c2cccnc2ncn1Cc1nc([C@H]2[C@@H]3CN(c4cc(Cl)ccn4)C[C@@H]32)no1
CHEMBL1893898,O[C@@H]1Cc2ccccc2O[C@H]1c1ccccc1
CHEMBL4074828,O=[N+]([O-])c1cn2c(n1)OC[C@H](NCc1ccccc1OC(F)(F)F)C2
CHEMBL3895302,Cc1nc([C@@H](O)C2CCCN(c3nnnc4cc(N5CCOCC5)ccc34)C2)sc1C
CHEMBL3671221,O=C(NCC1CN(c2ccc(-n3cccc3)cc2)C(=O)O1)c1ccc(Cl)s1
CHEMBL4530542,Cc1cc2c(cnn2-c2ccc(Cl)c(Cl)c2)c(=O)[nH]1
CHEMBL1611592,CCN1C(=O)c2ccc(-c3nc4ccccc4c(=O)o3)cc2C1=O
CHEMBL118991,O=C1C(Br)=C(Nc2ccc(Cl)cc2)C(=O)c2[nH]cnc21
CHEMBL244222,Cc1ccnc(N2C(=O)CSC2C23CC4CC(CC(C4)C2)C3)c1
CHEMBL362084,Cc1nc2c(c(CCO)nn2-c2c(Cl)cc(Cl)cc2Cl)c(=O)[nH]1
CHEMBL4761678,C=C(F)C(=O)Nc1ccccc1
CHEMBL4585085,O=S(=O)(NCCO)c1ccc2ccccc2c1
CHEMBL57981,COc1ccc(C(O)CN2CCN(c3cccccc3=O)CC2)cc1OC
CHEMBL3460144,Cc1ccc(C(=O)NC2CCN(Cc3noc(C(C)(C)C)n3)CC2)s1
CHEMBL3492760,Cc1nccn1C1CCCN(C(=O)c2cccc(-n3cccc3)c2)C1
CHEMBL362175,COC(=O)c1ccc(OCC(C)(C)c2nc3c(N)ncn(Cc4ccc(OC)c(OC5CCCC5)c4)c-3n2)cc1
CHEMBL4062978,COc1cc(-n2cc(CN3C(=O)[C@H](C)[C@@H]4CC[C@@H](C)[C@@H]5CC[C@@]6(C)OO[C@]54[C@H]3O6)nn2)cc(OC)c1OC
CHEMBL3682887,COc1ccc(C(=O)N[C@@H](CC(=O)O)c2ccc(C)cc2)nc1-c1cccc(Cl)c1Cl
CHEMBL1514334,Cc1ccc(N2CC(C)Cn3c2nc2c3c(=O)n(Cc3cccc(Cl)c3)c(=O)n2C)cc1
CHEMBL141155,Cc1c(C)c2c(c(C)c1O)CCC(C)(C(=O)N1CCN(c3ccccn3)CC1)O2
CHEMBL3775427,CS(=O)(=O)O.Cc1oc2c(O)c3c(c(O)c2c1C(=O)N[C@H]1CCNC1)C(=O)c1ccccc1C3=O
CHEMBL4752081,CC1(C)CN(C(=O)C(=O)Nc2ccc(Cl)cc2)CCC1c1ccnc2ccc(F)cc12
CHEMBL4917396,COc1nn(C)cc1C(=O)NCCN1Cc2cc(Cl)ccc2OCC1=O
CHEMBL1083613,CCCN(Cc1cccc(F)c1)Cc1c(C(F)(F)F)nc2n(-c3c(C)cc(C)cc3C)c(Cl)cn12
CHEMBL4171002,COc1cc(-c2ncn(C)c2-c2cc(Br)c(SC)c(OC)c2)cc(OC)c1OC
CHEMBL5007924,Cc1ccc(NC(=O)N2CC(CO)(CO)C2)cc1
CHEMBL3402623,CN(CCCN)CCCNC(=O)CCNC(=O)c1cc(NC(=O)c2cc(NC(=O)c3cc(NC(=O)c4cc(NC(=O)[C@H](N)CCNC(=O)c5cc(NC(=O)c6nc(NC(=O)c7nccn7C)cn6C)cn5C)cn4C)cn3C)cn2C)cn1C
CHEMBL4919107,Cc1ccc2ncn(CC(=O)N3CCN(C4CC4)C[C@H](C)C3)c2c1
CHEMBL3681226,CC1CCN(c2nc(C(F)(F)F)ccc2CNC(=O)Cc2cc(F)ccc2F)CC1
CHEMBL5441957,Cn1ncc2c(C(=O)N[C@@H](CC(=O)O)c3ccc(Br)cc3)ccnc21
CHEMBL193280,CN(C)CCOc1ccc([C@H]2N=CN[C@H]2c2ccc(O)cc2)cc1
CHEMBL4633398,CC(C)N1CCN(c2cc(Nc3cc(Oc4cn(C5CC5)nc4C4CCOCC4)ccn3)ccn2)CC1
CHEMBL104804,COc1ccc2c(c1)CCN1Cc3c(ccc4[nH]c(C)c(Cc5ccccc5)c34)OC21
CHEMBL4168558,C[C@@]12CCC[C@@](C)(C=O)[C@H]1CC[C@@]13C=C(C(=O)O)[C@@H](C1)[C@@H](O)C[C@H]32
CHEMBL500720,C=C1[C@@H]2[C@H](OC(C)=O)OC=C([C@H](OC(C)=O)[C@@H](C=C(C)C)OC(C)=O)[C@H]2CC[C@]2(C)O[C@H]2[C@@H](OC(=O)c2ccccc2)[C@H]1O
CHEMBL174591,CC(C)Cn1c(=O)n(C)c(=O)c2[nH]c(CCCO)nc21
CHEMBL140062,C[C@@H](O)C(C)(C)OC(=O)N[C@@H](Cc1ccccc1)[C@H](O)CNC[C@@H](O)[C@H](Cc1ccccc1)NC(=O)OC(C)(C)C
CHEMBL3658239,CCCOc1ncnc(N2CC[C@@H](Oc3ccc([C@H](C)NC(C)=O)cc3)C2)c1C
CHEMBL1865821,COCCn1c(N)c(N(Cc2ccccc2)C(=O)c2cc(O)nc3ccccc23)c(=O)[nH]c1=O
CHEMBL4556311,c1ccc(N2CCN3CCCCC3C2)nc1
CHEMBL1459480,Cn1c(CCC(=O)OCC(=O)Nc2ccc(Oc3ccccc3)cc2)nc(=O)c2ccccc21
CHEMBL4984401,Cc1ccccc1C[C@H](C)N(C)C(=O)CN1CCCS1(=O)=O
CHEMBL327610,CC(=O)O[C@H]1C(=O)[C@@]2(C)C([C@H](OC(=O)c3ccccc3)[C@]3(O)C[C@H](OC(=O)[C@H](O)C(NC(=O)c4ccccc4)c4ccccc4)C(C)=C1C3(C)C)[C@]1(OC(=O)C3CCCC3)CO[C@@H]1C[C@@H]2O
CHEMBL407831,CC[C@H](C)[C@H](NC(=O)[C@H](CCC(=O)O)NC(=O)[C@H](CC(=O)O)NC(=O)[C@H](CC(C)C)NC(=O)[C@H](NC(C)=O)C1c2ccccc2CCc2ccccc21)C(=O)N[C@@H](Cc1c[nH]c2ccccc12)C(=O)O
CHEMBL1408781,Cc1ccc(C)c(N2CCN(C(=O)C3CCCN(S(=O)(=O)c4c(C)noc4C)C3)CC2)c1
CHEMBL3613315,O=C(Nc1nnc(-c2ccncc2)s1)c1ccnc(-c2ccco2)c1
CHEMBL1784077,C#CCNc1ncnc2sc3c(=O)n(-c4ccc5occc5c4)cnc3c12
CHEMBL1083246,CC(C)[C@H](NC(=O)[C@H](C)NC(=O)[C@H](Cc1ccccc1)NC(=O)[C@H](CCC(N)=O)NC(=O)/C=C/C(=O)NCC(=O)NCC(=O)N[C@@H](Cc1ccccc1)C(=O)O)C(N)=O
CHEMBL1504571,CCCC(C)NNC(=O)c1cc2ccccc2[nH]1
CHEMBL4567393,CC(C)NC(=O)Cn1c(=O)oc2ccc(Cl)cc21
CHEMBL3694909,CC(=O)NC(C)Cc1ccc(C#Cc2cnc(OCCC(C)C)nc2)cc1
CHEMBL3301774,COc1ccc(-c2cs/c(=N\CCO)n2-c2ccccc2)cc1
CHEMBL1362400,COc1ccc(CCNC(=O)C2CCN(c3ncnc4c3nc3n4CCCCC3)CC2)c(OC)c1
CHEMBL74405,CCO/C(O)=C1\C(CSc2ccc(Cl)c(Cl)c2)=NC(C)=C(C#N)C1c1ccccc1C(F)(F)F
CHEMBL1416641,CCOc1cc(C2NC(=O)NC(C)=C2C(=O)OCc2ccccc2)ccc1O
CHEMBL564813,CCOC(=O)CC1C(C(=O)OCC)=C(N)Oc2c(-c3ccccc3)cccc21
CHEMBL1300119,CCC(C)(C)NC(=O)CN(Cc1ccco1)C(=O)CCC(=O)Nc1nccs1
CHEMBL2361640,O=C1c2ccccc2-n2nnc(-c3ccccc3)c2C2c3cc(Br)ccc3CCN12
CHEMBL1354633,CN1CCN(c2ccc(C(CC(N)=O)NC(=O)Cc3cccc4ccccc34)cc2[N+](=O)[O-])CC1
CHEMBL5180289,CCN1CCN(c2ccc(-c3cc(F)c4cn(C(C(=O)Nc5nccs5)c5ncn6c5CCC6)nc4c3)cc2)CC1
CHEMBL3220940,CNCCCN1c2ccccc2[S+]([O-])c2ccc(Cl)cc21
CHEMBL5431192,N#Cc1cc(F)cc([C@@H]2CCON2C(=O)C2CCN(c3cc(N)ncn3)CC2)c1
CHEMBL353315,CCC[C@H]1CCN(C(=O)[C@H](NC(=O)[C@H](NC(=O)c2cnccn2)C(C)C)C(C)C)[C@@H]1C(=O)N[C@@H](CCC)C(=O)C(=O)N[C@@H](Cc1ccccc1)C(=O)O
CHEMBL3442393,CO[C@@H]1CCN(S(=O)(=O)c2cn(C)cn2)[C@H]1Cc1ccccc1
CHEMBL1315055,CCOC(=O)c1cccc(-n2nnc3c(sc4nc(C)c(Br)c(C)c43)c2=O)c1
CHEMBL3741220,CC(C)[C@@H](C)[C@@]1(C)CC[C@]2(C)[C@H]3CC[C@@H]4[C@@]5(COC[C@@]4(C)[C@@H](OC[C@@](C)(C(C)C)N(C)C)[C@H](n4nnc(N)n4)C5)C3=CC[C@@]2(C)[C@@H]1C(=O)O
CHEMBL3675850,O=C(O)CCNC(=O)c1ccc(-c2cc(Cl)ccc2CNc2ccc(-c3ccc(F)cc3F)c(Cl)c2)cn1
CHEMBL3682334,C[C@@]1(CF)C[C@@H](NC(=O)Nc2ccc3c(c2)NC(=O)CC3)c2ccc(Cl)cc2O1
CHEMBL1290362,CCOC(=O)CSc1nc2c(c(=O)[nH]c(=O)n2C)n1Cc1cccc(C)c1
CHEMBL4636775,CN(C)c1cccc2c(S(=O)(=O)N3CCCC[C@H]3C(=O)N[C@@H](CCc3ccccc3)C(=O)N[C@@H](CCCNC(=N)N)C(=O)O)cccc12
CHEMBL4562904,C#CCN1CCC(/C=C\c2ccccc2F)CC1
CHEMBL372465,Brc1cnc(Nc2ccc3[nH]cnc3c2)nc1Nc1ccc2c(c1)OCO2
CHEMBL3671158,Cc1cc2[nH]c(=O)c3cnn([C@H]4CCN(C)C4)c3c2cc1C(=O)N1CCN(c2ccc(F)c(C)n2)[C@@H](C)C1
CHEMBL1402034,Fc1ccc(N2CCN(/C=C/c3nnnn3-c3ccccc3)CC2)cc1
CHEMBL4589808,COCC(=O)N(C)C1CCN(Cc2cc3nc(-c4cccc5[nH]ccc45)nc(N4CCOCC4)c3s2)C1
CHEMBL3753332,O=S(=O)([O-])SSSSS(=O)(=O)[O-].[K+].[K+]
CHEMBL4448055,COc1cc(-n2c3c(c4ncnc(N)c42)COC3)ccc1NC(=O)Cc1ccc(C(F)(F)F)nc1
CHEMBL3197440,C/C(CC(=O)NC1CCCC1)=N\NC(=O)Cc1csc(N)n1
CHEMBL1893045,COC(=O)c1cc2ccccc2c([N+](=O)[O-])c1O
CHEMBL1198678,CCCn1c(=O)c(C(=O)NCC[N+](CC)(CC)CC)c(O)c2ccccc21
CHEMBL2289459,COP(=O)(OC)C(OC(=O)COc1ccc(C(F)(F)F)cc1)c1cccs1
CHEMBL4991500,Cc1ccc2c(c1)CN(Cc1cn(CC(N)=O)nn1)CCO2
CHEMBL3741308,N=C(N)NCCC[C@H](NC(=O)C1CC1)C(=O)N[C@@H](CCCCN)C(=O)N[C@@H](C(N)=O)c1ccc(OCc2ccccc2)cc1
CHEMBL1341109,O=C(CN1CCCCC1)NN(Cc1ccccc1)c1ccccc1.O=C(O)C(=O)O
CHEMBL1403539,O=C(CSc1nnc(-c2ccccc2)n1Cc1ccco1)Nc1ccc(S(=O)(=O)N2CCCC2)cc1
CHEMBL1813300,COc1ccccc1/C=C(/C(=O)N[C@@H]1c2cc3c(cc2[C@@H](c2cc(OC)c(OC)c(OC)c2)[C@H]2C(=O)OC[C@@H]21)OCO3)c1ccc([N+](=O)[O-])cc1
CHEMBL531890,O=S(=O)(Nc1cccc(CCN2CCC(N3CCCCC3)CC2)c1)c1cccc(C(F)(F)F)c1
CHEMBL4445606,C[C@]12C(=O)C=CC=C1[C@H](O)[C@H]1O[C@]3([C@@H]4C[C@]5(C)C(=O)O[C@H]4C[C@@]5(C)O)CC[C@@]4(O3)[C@H]1[C@@H]2CC[C@]4(C)O
CHEMBL3622616,C=Cc1c(C)c2cc3nc(c4c5[nH]c(cc6nc(cc1[nH]2)C(C)=C6CC)c(C)c5C(=O)[C@@H]4C(=O)OC)[C@@H](CCC(=O)NCCN1C(=O)CC(SC[C@H](NC(=O)CC[C@H](N)C(=O)O)C(=O)NCC(=O)O)C1=O)[C@@H]3C
CHEMBL3558968,CCC(C)CNC(=O)[C@H](CC(C)C)NP(=O)(O)CNC(=O)OCc1ccccc1
CHEMBL3679757,COCCCOc1ccccc1C1C(C(=O)C(C)C)C(=O)C(=O)N1c1ccc(-c2noc(C)n2)cc1
CHEMBL280944,C[C@@H]1[C@@H](N)CN1c1c(F)cc2c(=O)c(C(=O)O)cn(-c3ccc(F)cc3)c2c1F
CHEMBL143363,CC1CCN(c2nc3sc4c(N5CCC(C)CC5)nnnc4c3cc2C#N)CC1
CHEMBL4444018,CCC(CC)O[C@@H]1C=C(C(=O)NCc2cn(Cc3ccccc3)nn2)C[C@H](N)[C@H]1NC(C)=O
CHEMBL593398,O=C(Nc1ccc(-n2ccc3nc(C(=O)NCc4ccccc4)ccc32)cc1)c1ccc(Cl)c(C(F)(F)F)c1
CHEMBL524021,N#Cc1ccc(-c2c(-c3ccncc3)[nH]c3ccc(C#N)nc23)cc1
CHEMBL3590618,CCCCN1C(=O)/C(=C/NCc2cccnc2)C(=O)c2cccc(C)c21
CHEMBL5290492,Cc1cc([C@@]2(C)CCCC2(C)C)ccc1O
CHEMBL291698,COc1ccc2c(c1)CC(=O)NN1C(c3ccccc3)=NOC21c1ccccc1
CHEMBL4207263,CS(=O)(=O)N1CCCCc2cc3c(-c4nnn[nH]4)c(-c4ccc(F)cc4)oc3cc21
CHEMBL1184721,C[C@H](Nc1nccc(-c2c(-c3ccc(F)cc3)c(=O)n(C3CCNCC3)n2C)n1)C(C)(C)O
CHEMBL2429897,COc1ccc(C2CC(=O)NC3CCCCC3N2Cc2ccccc2)cc1
CHEMBL4468165,Cc1ccc([C@@H]2C[C@@H](SCC(C)C)[C@H](C(=O)O)CN2S(=O)(=O)c2ccccc2C)cc1
CHEMBL52274,OCCC1CCCC(C(F)(F)F)N1
CHEMBL4289400,Cc1ccc(OCCOCCN[C@H](C)CO)c(C)c1
CHEMBL127540,CCCn1c2c(c3ccc(O)cc31)CCc1cc(O)ccc1-2
CHEMBL1577456,CCCCC(=O)NC(=O)NC(c1ccccc1)c1ccccc1
CHEMBL2409598,COc1cc(Nc2ncnc(Nc3cccc(NS(C)(=O)=O)c3)n2)cc(OC)c1OC
CHEMBL5279208,N=C(N)NCCC[C@@H](NC(=O)[C@@H](CCCNC(=N)N)NC(=O)[C@@H]1CCCN1C(=O)c1ccccc1)C(=O)N[C@@H](CO)C(=O)N[C@@H](CC1CCCCC1)C(=O)N[C@H]1CSSC[C@@H](C(N)=O)NC1=O
CHEMBL2007067,O=C(N/N=C(COc1ccc(Cl)cc1)\N=C\c1cccnc1)c1ccncc1
CHEMBL5421231,O=S(=O)(NCCc1ccc(S(=O)(=O)c2ccc(O)c(O)c2)cc1)c1cc(O)c(O)cc1-c1ccc(O)c(O)c1
CHEMBL257386,CC1(C)CC(NC(=S)NCCc2ccc(S(N)(=O)=O)cc2)CC(C)(C)N1[O]
CHEMBL3945062,COc1cccc(CC(=O)N2CCOC(COc3cc4ncnc(Nc5ccc(Cl)c(Cl)c5)c4cc3OC)C2)c1
CHEMBL4533944,CCS(=O)(=O)N1CCN(C2(CNC(=O)c3ccc(F)cc3Cl)CCC(F)(F)CC2)CC1.Cl
CHEMBL1163240,CC(C)=C[C@@H]1C[C@](O)([C@H]2CC[C@@H]3[C@@H]2CC[C@H]2[C@@]3(C)CC[C@H]3C(C)(C)[C@@H](OC(=O)c4ccc(C(=O)O)c([N+](=O)[O-])c4)CC[C@]23C)C(=O)O1
CHEMBL1715485,Cc1ccc(S(=O)(=O)NCCCNS(=O)(=O)c2ccc(C)cc2)cc1
CHEMBL218022,CC(C)=CCOc1cc(Nc2ncnc(Cl)n2)ccc1Cl
CHEMBL5421986,CCN1C[C@]2(OC(=O)c3ccccc3NS(=O)(=O)c3ccc(N(C)C)cc3)CC[C@H](OC)[C@]34C1[C@H](C[C@H]23)[C@@]1(O)C[C@H](OC)[C@H]2C[C@@H]4[C@]1(O)[C@H]2OC
CHEMBL1418485,Fc1cccc(CNc2ncnc3ccc(-c4cccc(Cl)c4)cc23)c1
CHEMBL342494,CCCc1cc(=O)oc2c3c(c4c(c12)OC(C)(C)C=C4)O[C@@H](C)[C@H](C)[C@@H]3F
CHEMBL4968295,c1ccc(O[C@H]2CCN(Cc3cnns3)C2)nc1
CHEMBL3104099,Cc1cc(O)cc(C)c1C[C@H](N)C(=O)N1CCN(CCC(c2ccccc2)c2ccccc2)CC1
CHEMBL168382,COc1cccc(-c2cn(C3CCCC3)c3ncnc(N)c23)c1
CHEMBL2289460,COP(=O)(OC)C(OC(=O)COc1ccccc1F)c1cccs1
CHEMBL4172020,COc1cc2c3c(c4cc(OC)c(OC)cc4c2cc1OC)C(c1ccc(Cl)cc1)C1=C(CC(C)(C)CC1=O)N3
CHEMBL4463457,COc1cc(C(=O)c2c[nH]c(-c3c[nH]c4c(OCc5ccccc5)cccc34)n2)cc(OC)c1OC
CHEMBL549287,CCN(CC)C(=O)c1cc(-c2ccc(F)cc2F)ccc1O
CHEMBL4892415,COc1c(Br)cc(Br)cc1CNCCNC(=O)C(C)C
CHEMBL1090681,Nc1sc2c(c1C(=O)c1ccc(Cl)c(Cl)c1)CCN(CCCOc1ccc(Nc3ncnc4c3ncn4[C@@H]3O[C@H](CO)[C@@H](O)[C@H]3O)cc1)C2
CHEMBL3642831,Cc1ccc(NC(=O)c2ccc(NS(=O)(=O)c3cnccc3Cl)cc2)cc1Nc1nccc(-c2cccnc2)n1
CHEMBL1626477,C#CCOC(=O)C[N+](C)(C)CC#Cc1ccccc1
CHEMBL3694129,CC(C)(C)c1cc(NC(=O)c2ccc(C(F)(F)F)c(Nc3ncnc4cnc(NCCN5CCOCC5)nc34)c2)no1
CHEMBL3596204,Cc1nn(-c2ccccc2)c(-n2ccnc2)c1C1CC(c2cccs2)=NN1C1=NC(=O)/C(=C/c2ccco2)S1
CHEMBL4113528,O=C(NS(=O)(=O)C1CC1)c1cc(C2CC2)c(O[C@H]2C3CC4CC2C[C@@](Cl)(C4)C3)cc1F
CHEMBL1179413,CN(CC(=O)N[C@@H](Cc1ccccc1)C(=O)C(=O)NCC(=O)NCCc1ccccc1)C(=O)[C@@H](CCCN=C(N)N)NS(=O)(=O)Cc1ccccc1
CHEMBL4468376,CCc1c2c(nc3ccc(OC(=O)OCCOCCOCCOCCOCCOCCOCCOCCOCCOCCOCCOCCOCCOCCOCCOCCOCCOCCOCCOCCOC)cc13)-c1cc3c(c(=O)n1C2)COC(=O)[C@]3(O)CC
CHEMBL3454795,CCCn1nc(C(=O)NCCc2nnc3n2CCC3)ccc1=O
CHEMBL1900198,Cc1cnc2ccccc2c1/C=C/c1ccc(N(C)C)cc1
CHEMBL3718515,CCCc1ccc(-c2ccc(N(C[C@@H](N)[C@@H](C)CC)C(=O)[C@@H]3C[C@H]3c3ncccc3F)cc2)cc1.O=C(O)C(F)(F)F.O=C(O)C(F)(F)F
CHEMBL3263801,CCCP(=O)(O)Oc1cc(Nc2cc(-c3ccccc3OC)ncn2)ccc1C
CHEMBL3302527,CCCN(CCc1ccc(O)c(O)c1)Cc1ccccc1
CHEMBL1728499,Cc1cc(=O)n(CC(=O)N2CCCc3ccccc32)c2c1c(C)nn2-c1cccc(F)c1
CHEMBL237805,O=C(O)C(C1CCN(C(=O)/C=C/c2cc(F)c(F)c(F)c2)CC1)N1CCC(c2c[nH]c3ccc(F)cc23)CC1
CHEMBL1869933,CN(Cc1nccs1)C(=O)C1CCC(=O)N(CCc2ccc(Cl)cc2)C1
CHEMBL4744933,COc1cccc(C2=NN(C(N)=O)C(c3cn(Cc4ccc(OCCN5CCCCC5)cc4)c4ccc(Br)cc34)C2)c1
CHEMBL3134205,CCCOc1ccc(CC(=O)O)cc1-c1cc(-c2ccccc2OCC)n(CCc2ccccc2)n1
CHEMBL4521697,COCCNC(=O)CN1CCC(C)CC1
CHEMBL4923199,Cc1cccc(NC(=O)CN2CCN(c3cccc(Cl)c3)C2=O)n1
CHEMBL93051,Brc1cccc(Nc2ncnc3cc4c(cc23)OCO4)c1
CHEMBL3486358,CCOc1ccc2[nH]c(=O)c(CN3CCC(O)CC3)cc2c1
CHEMBL5494014,CS(=O)(=O)Nc1nccnc1OC1CCN(CCc2ccccn2)CC1
CHEMBL4536769,CCCNS(=O)(=O)Nc1ncnc(OCCOc2ncc(OC)cn2)c1-c1ccc(Br)cc1
CHEMBL1860149,Cc1cc(Oc2ccc(/C(=N/O)N3CCCCCC3)cn2)cc(C(C)C)c1
CHEMBL4971148,Cc1nn(C)c(C)c1-c1cc(C(=O)NCCCN2CCCC2=O)n(C)n1
CHEMBL76868,O=C(O)C1CCCN(CCOC2(c3ccccc3)c3ccccc3-c3ccccc32)C1
CHEMBL1720235,CCN(C[C@H]1N[C@@](CC)(C(=O)OC)[C@H]2C(=O)N(C)C(=O)[C@@H]12)S(=O)(=O)c1ccc(OC)cc1.O=C(O)C(F)(F)F
CHEMBL3908164,Cn1cc(-c2ccccc2Cc2ccccc2)c2cc[nH]c2c1=O
CHEMBL1598373,Cc1ccc(-c2cc(C(F)F)n3ncc(C(=O)N4CCN(c5cccc(C)c5C)CC4)c3n2)cc1
CHEMBL4559020,C=CCN1C(=O)[C@@H](C)N(C2CCCC2)c2nc(Nc3ccc(C(=O)N4CCC(O)CC4)cc3OC)ccc21
CHEMBL1871210,CC1C(c2ccccc2)Oc2c(Cl)cccc2S(=O)(=O)N1Cc1cccc(F)c1
CHEMBL103729,COCCOC1CCN(c2ccc(-c3cc(-c4cccc(Br)c4)c4c(N)ncnc4n3)nn2)CC1
CHEMBL548625,Cc1cc(NCCC(=O)NCc2cccc(F)c2)nc(Nc2ccccc2)n1
CHEMBL487413,CC1(C)CC[C@]2(C=O)CC[C@]3(C)C(=CC[C@@H]4[C@@]5(C)CC[C@H](O)C(C)(C)[C@@H]5CC[C@]43C)[C@@H]2C1
CHEMBL98345,O=C(NO)c1ccc(NS(=O)(=O)c2ccccc2)cc1
CHEMBL222151,O=C(NC1CCCCC1)c1ccc2[nH]c(-c3ccc(NC(=O)C45CC6CC(CC(C6)C4)C5)cc3)nc2c1
CHEMBL1968072,COC(=O)C(CCCCN)NC(=O)C(CCCCN)NC(=O)C(CCCCN)NC(C)=O.Cc1ccc(C(=O)Nc2ccc(S(=O)(=O)O)c3cc(S(=O)(=O)O)cc(S(=O)(=O)O)c23)cc1NC(=O)c1cccc(NC(=O)Nc2cccc(C(=O)Nc3cc(C(=O)Nc4ccc(S(=O)(=O)O)c5cc(S(=O)(=O)O)cc(S(=O)(=O)O)c45)ccc3C)c2)c1
CHEMBL3814150,C=C(C)C(=O)Nc1cccc(-n2c(-c3nc(-c4cnn(C5CCN(C)CC5)c4)cnc3N)nc3ccccc32)c1
CHEMBL376389,CN(c1ccccc1)S(=O)(=O)c1ccc(N)cc1
CHEMBL4965498,COc1ccc(OC)c(-c2nc3c([nH]2)c(-c2cccnc2)nn3C)c1
CHEMBL564319,CC(=O)Oc1ccccc1C(=O)OCOC(=O)c1ccc(SCCCO[N+](=O)[O-])cc1
CHEMBL359617,COc1cc2nccc(Oc3ccc(NC(=O)Nc4ccc(Cl)c(Cl)c4)cc3)c2cc1OC
CHEMBL503500,CC(C)[C@H](NC(=O)[C@H](CCCNC(=N)N)NC(=O)[C@H](CCCCN)NC(=O)[C@H](CCCCN)NC(=O)[C@H](CCCNC(=N)N)NC(=O)[C@H](CCCNC(=N)N)NC(=O)[C@H](CCCNC(=N)N)NC(=O)[C@H](C)NC(=O)[C@H](CCCNC(=N)N)NC(=O)[C@@H]1CCCN1C(=O)[C@@H](N)[C@@H](C)O)C(N)=O
CHEMBL2338648,CCOP(=O)(OCC)[C@H]1C[C@H](C(=O)Nc2ccccc2[N+](=O)[O-])ON1C
CHEMBL4206116,CNC(=O)c1c(-c2ccc(F)cc2)oc2cc3c(cc12)[C@H](C)n1nncc1CN3S(C)(=O)=O
CHEMBL4563156,CCCCC[C@@H](C(=O)NCNC(=O)c1cncc(-c2ccc(P(=O)(O)O)c(OCC)c2)n1)[C@@H](CC)N(O)C=O
CHEMBL1199700,CN(C)C(=O)Nc1cccc(Cn2[nH]c(=O)c3[nH]c4cc(Cl)ccc4c(=O)c3c2=O)c1
CHEMBL550077,CC(=O)c1ccc(-c2ccc(/C=N/Nc3nc(N4CCCCC4)nc(N4CCCCC4)n3)o2)cc1
CHEMBL1084444,COc1cc2c(cc1OCCCCCN1CCN(C(=O)c3ccccc3NCc3coc4ccccc4c3=O)CC1)N=C[C@@H]1CCCN1C2=O
CHEMBL4846452,COc1ccc(COC(=O)[C@]2(C)CCC[C@@]3(C)[C@@H]4CC[C@@]5(C)C[C@]4(CC[C@@H]32)CC5=O)cc1
CHEMBL611765,O=C(NCCN1CCCCC1)c1ccc(-c2csc3nc(-c4ccc(OCc5ccccc5)cc4)nn23)cc1
CHEMBL106299,Cc1cccc(C)c1C(=O)N1CCC(C)(N2CCC(Cc3ccc(Cl)cc3)CC2)CC1
CHEMBL3956623,Nc1n[nH]c(CC2CN(c3ccc(N4CCOCC4)c(F)c3)C(=O)O2)n1
CHEMBL3939540,COc1ccc(/C=C2\CN(C(=O)Cn3cnnn3)Cc3c(C(=O)N[C@H](C)c4ccccc4)nn(-c4ccc(Cl)cc4Cl)c32)cc1
CHEMBL4290687,COc1ccccc1N1CCN(CCCCOc2ccc3ccccc3c2)CC1
CHEMBL3402617,O=C[C@H](Cc1c[nH]cn1)NC[C@@H]1C[C@H]2CCCC[C@@H]2CN1C(=O)c1ccccc1
CHEMBL3194741,COc1ccccc1N1CCN(/N=C/c2ccc(OC)c(OC)c2OC)CC1
CHEMBL1506289,Nc1nnc(-c2cccc(F)c2)s1
CHEMBL3099878,COc1cc(/C=C(/C#N)c2nc3ccccc3[nH]2)ccc1OCC(=O)N1CCOCC1
CHEMBL359221,COC1(C)C[C@@H](c2ccccc2)c2c(c3cc(O)ccc3oc2=O)O1
CHEMBL97714,COc1ccc2ncc(C#N)c(Nc3ccc(Oc4ccccc4)cc3)c2c1
CHEMBL4289455,CC(=O)OCC(COC(C)=O)c1ccc(NC(=O)c2nc(C#N)c[nH]2)c(C2=CCCCC2)c1.O=C(O)C(F)(F)F
CHEMBL1975612,O=C1C(Cl)C(c2ccc([N+](=O)[O-])cc2)N1n1cnc2ccccc2c1=O
CHEMBL3318442,CCc1ccc(SC2=C(O)CC(c3ccccc3)CC2=O)cc1
CHEMBL3329587,O=C(/C=C/c1cccc(NC(=S)Nc2ccccc2)c1)C[C@@H]1O[C@H](CO)[C@@H](O)[C@H](O)[C@H]1O
CHEMBL3701627,Cn1cnc2cc(-c3ccc(N4CCOCC4)nc3)nc(NCCCN)c2c1=O
CHEMBL3937668,CNCc1cccc(Cc2n[nH]c(=O)c3c2CCCC3)c1
CHEMBL5290661,Cc1[nH]c(C(=O)N[C@H]2CCc3nc(NC(=O)[C@H](C)NC(=O)c4cc(=O)c(O)c[nH]4)sc3C2)c(Cl)c1Cl
CHEMBL4281953,C=C1C[C@@H]2C/C=C/C(=O)C/C(C)=C\C=C\C(=O)O[C@H]([C@H](O)NC(=O)/C=C/C=C\C)C/C(C)=C/[C@H](C1)O2
CHEMBL587135,Cc1ccc2nc(-c3ccc(C(=O)NC4CCN(Cc5ccccc5)CC4)cc3)[nH]c2c1C
CHEMBL353146,CC(=O)C(=C/C=C(C)/C=C/C=C(C)/C=C/C1=C(C)CCCC1(C)C)C(C)=O
CHEMBL102610,O=C(NCc1ccc(Br)cc1)c1ccc2cnccc2n1
CHEMBL5191846,CC(C)[C@@H](C)/C=C/[C@@H](C)[C@H]1CC[C@H]2C3=CC[C@H]4CC(=O)CC[C@]4(C)[C@H]3CC[C@]12C
CHEMBL595658,CCCn1c(=O)c2c(nc(Cc3cccs3)n2C)n(Cc2ccco2)c1=O
CHEMBL99635,O=C(Nc1ccc(Oc2ccccc2)cc1)N1CCN(c2ncnc3ccc([N+](=O)[O-])cc23)CC1
CHEMBL1442030,Cc1nn(CCCC(=O)Nc2ccc(Br)cc2F)c(C)c1[N+](=O)[O-]
CHEMBL1506681,CCCn1c(O)nnc1SCC(=O)c1ccc2c(c1)OCCO2
CHEMBL4217982,COc1ccc(N2C(=O)CN(Cc3ccc(F)cc3Cl)C2=S)cc1Cl
CHEMBL3706728,CC(=O)OC1OCC[C@@H]1NC(=O)[C@H](CC(C)C)NC(=O)c1ccc2c(c1)Nc1ccccc1S2
CHEMBL1818596,O=C(O)CCC[C@@H]1[C@H]2CCCN3CCC[C@@H](CN1CCO)[C@@H]23
CHEMBL491658,CCCCCCC(C)(C)c1cc(O)cc(OCCCCCCCCCCC(=O)NCCO)c1
CHEMBL1320410,Cn1ccnc1SCC(=O)c1ccc(OC(F)F)cc1
CHEMBL1089163,Cc1ccc(Cn2nc(OC(C(=O)O)C(=O)O)c3ccccc32)cc1.N[C@@H](Cc1c[nH]cn1)C(=O)O
CHEMBL4100039,Cc1c(C(=O)N2CCN(C(=O)c3ccc(Br)cc3)[C@H](c3ccc(Cl)cc3)C2)cnn1-c1cccc(C#N)c1
CHEMBL3277041,O=C(Cc1ccncc1)N[C@@H]1C(=O)N2C(C(=O)O)=C(Cc3ccccc3)CS[C@H]12
CHEMBL159783,COC(=O)NC1=NCC(c2ccccc2)CN1
CHEMBL546850,c1ccc(CNCc2cccc(-c3cccc(-c4nc5ccccc5[nH]4)c3)c2)cc1
CHEMBL4924856,CCO[C@H]1C[C@@H](NC(=O)c2ccc(-c3nnc(C)[nH]3)cc2)C1
CHEMBL3633017,Cn1nc(-c2ccccc2)cc1C(=O)N[C@H](CC(=O)NC1CCCCCC1)C(=O)O
CHEMBL1477793,COc1ccc(-c2nn(-c3ccccc3)cc2CO)cc1
CHEMBL1897837,CC(Sc1nnc(COc2cccc(Br)c2)n1N)C(=O)NCC1CCCO1
CHEMBL3479877,N[C@H]1CC[C@@H](n2cc(C(=O)NC3CCc4ccccc4C3)nn2)CC1
CHEMBL2048398,O=C(O)c1cc(Cl)[n+]([O-])c2ccccc12
CHEMBL1797961,Oc1ccccc1/N=C/c1ccccc1F
CHEMBL2299353,COc1ccc(/C=C/C(=O)c2ccc[nH]2)c(OC)c1
CHEMBL1187464,CCOc1cc2cc3[n+](cc2cc1OC)CCc1cc2c(cc1-3)OCO2
CHEMBL573049,CC(C)C[C@H](NC(=O)/C=C/c1ccc(OP(=O)(O)O)cc1)C(=O)N1CCC[C@H]1C(=O)N[C@@H](C)CCC(N)=O
CHEMBL3729565,N#CC1(c2cc(-c3cnc(N)nc3)nc(N3CC4CC3C4)n2)CCC1
CHEMBL3654956,CC(C)(C)c1ccc(CN2CCc3cc(S(=O)(=O)Nc4ccc(CCCC5CCCC5)cc4F)ccc3C2)cn1
CHEMBL3092113,CCCCCCC1=C(Br)C(=O)c2ccccc2C1=O
CHEMBL3585721,COc1ccc(C2=C(C(=O)c3cc(Br)c(O)c(Br)c3)C(=O)O/C2=C\c2cc(Br)c(O)c(Br)c2)cc1
CHEMBL5077371,c1ccc(C2(Cn3cncn3)COC(c3cc4ccccc4o3)=N2)cc1
CHEMBL4910437,CNS(=O)(=O)CC(=O)N1CCC(c2ccsc2)CC1
CHEMBL149210,CCOC(=O)/C=C/c1c(O)c(O)nc2ccccc12
CHEMBL1193113,CCCN(CCC)C1CC1c1ccccc1C(F)(F)F
CHEMBL2000894,Cc1cc(O)ccc1-n1cc(C(=O)NN)c(=O)c2ccc(-c3ccncc3)cc21
CHEMBL3774875,CC(=O)O[C@H]1CC[C@@H](C)[C@]23OC(C)(C)[C@H]([C@H](OC(=O)CCc4ccccc4)[C@H](OC(=O)c4ccccc4)[C@]12C)[C@H]3O
CHEMBL4217423,COc1ccc2c(c1)sc1nc(O)c(Cc3ccccc3)c(=O)n12
CHEMBL5021096,CC(C)N1CCN(C(=O)c2cnn(-c3ncc4c(n3)-c3ccccc3CCC4)c2C2CC2)CC1
CHEMBL2386696,CC(CCCCCCCCC(=O)CCCCCCCCC[C@@H](O)CO)C(=O)C1=C(O)[C@H](Cc2ccc(O)cc2)NC1=O
CHEMBL4434679,C=CC(=O)Nc1cccc(Nc2nc(Nc3ccc(OCCSC(=S)N4CCN(C(=O)OC(C)(C)C)CC4)cc3)ncc2F)c1
CHEMBL3228842,Cc1cc(C(=O)O)nn1-c1ccc(S(=O)(=O)NC(=O)NC2CCCCC2)cc1
CHEMBL337887,O=C(NCc1ccncc1)[C@H](OCc1ccccc1)[C@H](O)[C@@H](O)[C@@H](OCc1ccccc1)C(=O)NCc1ccncc1
CHEMBL1492745,COc1ccc(CCNC(=O)CSc2nc(-c3ccco3)cc(C(F)(F)F)n2)cc1OC
CHEMBL1210702,O=C(Nc1ccc(F)cc1)c1cc(-c2ccccc2)c(N2CCOCC2)s1
CHEMBL4857280,CN(c1ccc(OC(F)(F)F)cc1)N1CCN(c2nc(=O)c3cc(C(F)(F)F)cc([N+](=O)[O-])c3s2)CC1
CHEMBL1910026,CCCCCCCCCCCCCCCCO[C@H](COC(=O)CCCCCCCCCCCCCCC)COP(=O)(O)O[C@@H]1[C@H](O[C@H]2O[C@H](CO)[C@@H](O)[C@H](O)[C@@H]2O)[C@H](O)[C@@H](O)[C@H](O)[C@H]1O[C@H]1O[C@H](CO)[C@@H](O)[C@H](O)[C@@H]1O
CHEMBL1309276,CS(=O)(=O)N1CCN(c2ccccc2NC(=O)c2cccc3ccccc23)CC1
CHEMBL3926319,CC(C)C[C@@H](C1=C(O)C(C)(C)C(=O)C(C)(C)C1=O)c1c(O)cc(O)c(C(=O)CCc2ccccc2)c1O
CHEMBL3040270,CC(C)[C@H](N)C(=O)N1CCC[C@H]1C(=O)N[C@H](C(=O)C(F)(F)C(F)(F)F)C(C)C
CHEMBL4170274,O=C(Nc1ccc(F)c(F)c1)c1cccc(S(=O)(=O)NC2CCCC2)c1
CHEMBL356869,O=C(OCc1ccc([N+](=O)[O-])cc1)c1ccccc1
CHEMBL1996176,O=C1Nc2ccccc2C1=Cc1ccc[nH]1
CHEMBL364341,COc1ccc(N2CCN(CCCCc3c[nH]c4ccc(OC5CCCC5)cc34)CC2)cc1
CHEMBL4552944,CC1(Nc2nc(-c3ccncn3)nc3cnccc23)CC1
CHEMBL4062033,Cc1c(OCCN(C)C)no[n+]1[O-].O=C(O)C(=O)O
CHEMBL4114922,C[C@@]1(O)CCN(c2ncc(C(=O)Nc3ccc(OC(F)(F)F)cc3)cc2-c2ccn[nH]2)C1
CHEMBL96040,CCC(C(=O)C(C)C(O)C(C)CCc1ccc(C)c(O)c1C(=O)O)C1OC(CC)(C2CCC(O)(CC)C(C)O2)CC1C
CHEMBL3763532,O=C(N[C@H](COC(=O)[C@H](Cc1ccccc1)NC(=O)c1cccs1)Cc1ccccc1)c1ccccc1
CHEMBL2252309,CC(C)(C)N1CC(=O)/C(=C(/O)c2ccc(Cl)cc2)C1=O
CHEMBL1783788,CCN(CC)CC(O)COc1cc(OC)ccc1-c1cc(-c2ccccc2)no1
CHEMBL5081449,C[C@H](CC(=O)N1CCC(O)(Cn2cc(C(=O)N(C)Cc3ccccc3)c(-c3ccccc3)cc2=O)CC1)c1ccccc1
CHEMBL2004422,Nn1c(-c2ccccc2)nn(C(=O)c2ccccc2)c1=O
CHEMBL1568970,O=C(c1cnccn1)N1CCC[C@@]2(CCN(Cc3nccs3)C2)C1
CHEMBL291726,N=C(N)Nc1ncc(Cl)cc1/C=C/C(=O)N1CCOCC1
CHEMBL3965762,O=C(c1ccco1)N1CCN(C(=O)c2cc(Cc3n[nH]c(=O)c4c3NCCC4)ccc2F)CC1
CHEMBL4943619,CCCCOc1cc(OCCC)ccc1C(=O)NC1CN(C(C)=O)C1
CHEMBL3114279,N#C/C(=C/c1csc2ccccc12)C(=O)NCc1cccc(CNC(=O)/C(C#N)=C\c2csc3ccccc23)c1
CHEMBL2159066,Cn1cccc1CNC(=O)CC12CC3CC(CC(C3)C1)C2
CHEMBL1506538,COc1ccc(NC(S)=NCCCN2CCCC2)cc1Cl
CHEMBL182659,Cc1ccc(S(=O)(=O)Nc2ccccc2)cc1
CHEMBL3960036,CCOC(=O)C1=C(C[Se]C(=O)c2cccc(C(=O)[Se]CC3=C(C(=O)OCC)C(c4ccccc4)NC(=O)N3)c2)NC(=O)NC1c1ccccc1
CHEMBL4796304,Clc1ccc2c(-n3cc(C4CC4)nn3)ccnc2c1
CHEMBL4754658,C=CC(=O)Nc1cccc(-c2c(-c3ccc(N4CCN(C)CC4)cc3)[nH]c3ncnc(Nc4ccc(NC(=O)C(c5ccccc5)N5Cc6ccccc6C5=O)cc4)c23)c1
CHEMBL251746,COc1cccc(-c2c(C3CCCCC3)c3ccc(-c4noc(=O)[nH]4)cc3n2CC(=O)N2CCC(N(C)C)CC2)c1
CHEMBL496618,CC#CCOc1ccc(S(=O)(=O)C2(C(=O)NO)CCN(Cc3ccc(Cl)c(Cl)c3)CC2)cc1
CHEMBL3251150,CCCCCCCCOC(=O)c1[nH]cnc1/N=N/N(C)C
CHEMBL3431183,CN(Cc1nc2ccccc2s1)C(=O)C=Cc1cc2ccccc2o1
CHEMBL3736391,COc1cc(Cn2ccc3cccc(OC)c3c2=O)cc(OC)c1OC
CHEMBL5405691,Cc1ccc(-n2cc3c(N4CCC[C@H](C(=O)NCc5c[nH]c6ccccc56)C4)ncnc3n2)cc1F
CHEMBL450405,Cc1ccccc1CCC1=NCCN1
CHEMBL3622246,CC(C)c1ccc2c(c1)C(=O)C[C@H]1[C@](C)(CN)CCC[C@]21C
CHEMBL497791,COc1ccccc1-c1ccc(Oc2cncc3sc(-c4nn[nH]n4)cc23)cc1
CHEMBL112955,CCc1ccccc1Nc1c(Cl)cccc1Cl
CHEMBL517839,C=C(CC)C(=O)c1ccc(OCC(=O)Nc2ccc3cc(C(=O)O)ccc3c2)c(Cl)c1Cl
CHEMBL4447485,CCOC(=O)c1cc(O)c(=O)c2c(O)c(O)ccc2c1
CHEMBL3968687,CC(=O)N[C@@H](Cc1ccccc1)C(=O)N[C@@H](CCC(N)=O)C(=O)N[C@@H](CO)C(=O)N[C@@H](CCCCN)C(=O)NCC(=O)N[C@@H](CC(N)=O)C(=O)N[C@H](C(=O)N[C@@H](Cc1ccccc1)C(=O)N[C@@H](CC(N)=O)C(=O)N[C@@H](CC(=O)O)C(=O)NCC(=O)N[C@@H](Cc1ccc(O)cc1)C(=O)N[C@@H](Cc1ccccc1)C(=O)N[C@@H](CCC(=O)O)C(=O)N[C@@H](CCCNC(=N)N)C(=O)N[C@@H](CC(C)C)C(=O)N[C@@H](CCCNC(=N)N)C(=O)N[C@@H](C)C(=O)N[C@@H](CCCCN)C(=O)N[C@@H](CC(C)C)C(N)=O)C(C)C
CHEMBL1386358,Cc1cc(C)n(-c2nc3c(c(=O)[nH]c(=O)n3C)n2Cc2ccc(F)cc2)n1
CHEMBL1078596,O=C1CCC(=O)N1c1ccc(Cl)c(Cl)c1
CHEMBL254371,CC[C@H](C)[C@@H]1NC(=O)[C@H](Cc2ccc(O)cc2)NC(=O)[C@H](N)CSSC[C@@H](C(=O)N2CCC[C@H]2C(=O)N[C@@H](CC(C)C)C(=O)NCC(=O)NC[C@H]2O[C@@H]3O[C@H]4[C@H](O)[C@@H](O)[C@@H](O[C@H]5[C@H](O)[C@@H](O)[C@@H](O[C@H]6[C@H](O)[C@@H](O)[C@@H](O[C@H]7[C@H](O)[C@@H](O)[C@@H](O[C@H]8[C@H](O)[C@@H](O)[C@@H](O[C@H]9[C@H](O)[C@@H](O)[C@@H](O[C@H]2[C@H](O)[C@H]3O)O[C@@H]9CO)O[C@@H]8CO)O[C@@H]7CO)O[C@@H]6CO)O[C@@H]5CO)O[C@@H]4CO)NC(=O)[C@H](CC(N)=O)NC(=O)[C@H](CCC(N)=O)NC1=O
CHEMBL1684011,O=C(NNC(=O)c1ccc2[nH]c(-c3ccc([N+](=O)[O-])o3)nc2c1)c1cccc(Oc2ccccc2)c1
CHEMBL116342,O=C(O)c1ccc2c(c1)/C(=C/Cn1cnc3ccc([N+](=O)[O-])cc31)c1ccccc1CO2
CHEMBL4104875,O=S(=O)(Nc1ccccn1)c1ccc(Nc2ncnc3ccc(NC(=S)NCc4ccccc4)cc23)cc1
CHEMBL3504325,Cn1ccnc1CN1C[C@H](N2CCOCC2)[C@@H]2OCCC[C@@H]21.O=C(O)C(F)(F)F.O=C(O)C(F)(F)F.O=C(O)C(F)(F)F
CHEMBL381784,CC(C)(C)c1ccc(COc2ccc(-c3nc4cc(C(=O)O)ccc4n3C3CCCC3)cc2)cc1
CHEMBL310676,Cc1ccc(S(=O)(=O)c2ccc(N)cc2)c(C)c1
CHEMBL2424880,COc1ccc2nccc(C(O)C[C@@H]3CC[C@@H](NCc4cc5c(cn4)OCCO5)CO3)c2n1
CHEMBL600269,O/N=C/c1cccc[n+]1-c1cc(-[n+]2ccccc2/C=N/O)on1.[Br-].[Br-]
CHEMBL3218036,COc1cc2ccccc2nc1COc1ccc(-c2nn(C)cc2-c2ccncc2)cc1
CHEMBL1885413,Cc1cccnc1C(NC(=O)C1CCN(Cc2ccc(Oc3ccccc3)cc2)CC1)c1ccccc1
CHEMBL3897043,CCOc1cc(CC(=O)O)ccc1-c1ccc(F)c2c1CN(C(=O)CC1COCc3ccccc31)CC2
CHEMBL1969511,COc1cc2oc(-c3ccc4c(c3)OCO4)c(OC)c(=O)c2c(OC)c1OC
CHEMBL4939371,O=C(NCCc1ccc2c(c1)OCO2)C1CC2CCC1C2
CHEMBL5079837,Cc1cc(C)n(-c2cc(Nc3ccc(Cl)cc3F)nc(N)n2)n1
CHEMBL4558677,COc1cc(NCc2cc3cc(Cl)ccc3[nH]c2=O)ccc1-n1cnnn1
CHEMBL4963940,O=C(CCC(F)(F)F)N1CCN(C(=O)c2ccc3[nH]cnc3c2)CC1
CHEMBL5436036,COc1cc2ccccc2cc1C(=O)NC(=S)Nc1ccc(-c2nc3ccccc3o2)cc1
CHEMBL3287644,O=C(N[C@@H]1CCCC[C@@H]1NC(=O)c1c[nH]c2ccccc12)c1ccc(F)cc1
CHEMBL4794096,CCN(CC)CCNC(=O)c1c(C)[nH]c(/C=C2\C(=O)Nc3ccc(C#N)cc32)c1C
CHEMBL573525,COc1cc2c(cc1OC(C)C)CCn1cc(-c3ccc(Cl)cc3)c(-c3cc(OC)c(OC)c(OC)c3)c1-2
CHEMBL3746148,C=C[C@H]1CN2CC[C@H]1C[C@H]2[C@@H](NC(=S)Nc1cc(C(F)(F)F)cc(C(F)(F)F)c1)c1ccnc2ccc(OC)cc12
CHEMBL264379,CC(C)C[C@H](NC(=O)[C@@H](N)CCC(=O)O)C(=O)N[C@@H](CC(=O)O)C(=O)N[C@@H](CC(C)C)[C@@H](O)C[C@@H](C)C(=O)N[C@H](C(=O)N[C@@H](CCC(=O)O)C(=O)NC(Cc1ccccc1)C(=O)O)C(C)C
CHEMBL1092391,O=C(Nc1ccc(-c2nc(N3C4CCC3COC4)nc(N3C4CCC3COC4)n2)cc1)Nc1ccc(N2CCNCC2)cc1
CHEMBL1222387,CN[C@@H](CC(C)C)C(=O)N[C@@H](CC(C)C)C(=O)O
CHEMBL4955706,CC(C)CC(=O)N1CCC2(CC1)C[C@@H](N(C(=O)c1ccccc1)C1CC1)CCO2
CHEMBL1607197,COc1ccccc1NC(=O)CC1COc2ccccc2O1
CHEMBL435582,CC(CNS(=O)(=O)C(C)C)c1ccc(-c2ccc(C#N)cc2)cc1
CHEMBL4936634,O=C(CCCn1cccn1)N1CCCN(c2nc3ccccc3s2)CC1
CHEMBL1578135,Cc1cc2oc(=O)c(CC(=O)O)c(C)c2c2occ(C(C)(C)C)c12
CHEMBL3264610,CC(C)[C@](O)(c1ccc2cc(OC(F)F)c(OC(F)F)cc2c1)c1c[nH]nn1
CHEMBL5171811,CCC(C)Oc1cc(NC(=O)/C(C#N)=C(/C)O)c(F)cc1-c1ccccc1
CHEMBL4858049,Cc1ccc(N2CCN(Cc3ccc(C(=O)Nc4nc(C)nc(Nc5nccc(-c6nccs6)n5)n4)cc3)CC2)cc1
CHEMBL1626837,Cc1cccc2n1cc(COc1ccc(/C=N/NC3=NCCCN3)cc1)[n+]2C
CHEMBL500352,C[C@H]1[C@H](C)CC[C@]2(C(=O)O[C@@H]3O[C@H](CO)[C@@H](O)[C@H](O)[C@H]3O)CC[C@]3(C)C(=CC[C@@H]4[C@@]5(C)C[C@@H](O)[C@H](O)[C@@](C)(CO)[C@@H]5CC[C@]43C)[C@H]12
CHEMBL3892333,CC(C)(C)C(NC(=O)c1ccc(C2CC2)c(OCC2CC2)n1)C(N)=O
CHEMBL1822861,CCOC(=O)c1ccc(-c2ccc(OCCCN3CCCCC3)cc2)cc1
CHEMBL2153119,Cc1ccc(-n2cnc([N+](=O)[O-])c2)cc1
CHEMBL4208829,C=CC(=O)N[C@@H]1CN(c2nc(Nc3cn(C)nc3OC)c3ncn(C(C)(C)C)c3n2)C[C@H]1F
CHEMBL4096254,CC(C)C1=C2[C@H]3CC[C@@H]4[C@@]5(C)CC[C@H](OC(=O)CC(C)(C)C(=O)O)C(C)(C)[C@@H]5CC[C@@]4(C)[C@]3(C)CC[C@@]2(C(=O)C(=O)NCc2ccncc2)CC1=O
CHEMBL1718133,CCCCNc1nc2c(c(=O)[nH]c(=O)n2C)n1CCOc1ccccc1
CHEMBL16493,CN(C)c1ccc(CNc2ccc(C3=NNC(=O)CC3)cc2)cc1
CHEMBL1957337,C=C1C(=O)O[C@@]23CC[C@H]4[C@@](C)(CCC[C@@]4(C)C(=O)OCCC)[C@@H]2CC[C@@]1(O)C3
CHEMBL4444196,CC(C)(C)c1ccn(CC(=O)Nc2ccc(-n3c4c(c5ncnc(N)c53)COC4)cc2)n1
CHEMBL4550354,CC(=O)Nc1nc(CS(=O)(=O)Cc2cc(C)on2)cs1
CHEMBL2436238,COc1ccccc1C(=O)C(=O)c1cn(Cc2ccccc2)nn1
CHEMBL1477973,Cc1cc(NS(=O)(=O)c2ccc(NC(=O)COc3ccc(Br)cc3)cc2)nc(C)n1
CHEMBL55007,COc1cccc([S+]([O-])c2cccc(N)c2C#N)c1
CHEMBL5399809,C=CS(=O)(=O)Nc1cccc(Nc2nc(Nc3ccc(N4CCN(C)CC4)cc3)nc3ccc(Cl)cc23)c1
CHEMBL1405583,COc1ccccc1N1CCN(C(=O)CSc2ncccc2-c2nc3ccccc3[nH]2)CC1
CHEMBL4922207,Cc1ccc(OCC(=O)N2CCC(c3nc4ccccc4o3)CC2)cc1C
CHEMBL1097491,COc1ccc(NCc2nc3ccccc3[nH]2)cc1
CHEMBL454116,Cc1cc(I)ccc1Nc1c(C(=O)NOCC2CCCCC2)cc(Br)c(F)c1F
CHEMBL3475807,O=c1cc(N2CCCCC2)cnn1CC(O)C(F)(F)F
CHEMBL4214794,COc1ccc(C2=NN(c3ccccc3)[C@]3(C(=O)Nc4cc(Cl)ccc43)[C@H]2c2cccc(Cl)c2)cc1
CHEMBL4535853,COc1ccc(Nc2nccc3nc(-c4cccc(OC(F)(F)F)c4)[nH]c23)cc1OC
CHEMBL3112919,CCCOC(=O)c1ccc(NC(c2cccnc2)c2ccc3cccnc3c2O)cc1
CHEMBL1391620,Cc1ccc(C)c(N(C)C(=O)c2ccc3c(=O)n4c(nc3c2)CCCCC4)c1
CHEMBL563027,CN1CCN(c2ccc(Nc3ncc4c(n3)-c3c(c(C(N)=O)nn3C)C(C)(C)C4)cc2)CC1.Cl
CHEMBL440002,CN1C2C=C(c3ccc(Cl)cn3)CC1CC2.O=C(O)/C=C\C(=O)O
CHEMBL4535055,O=C(Cn1cc(-c2ccccc2Cl)nn1)Nc1nccs1
CHEMBL1504163,CC(CN1CCCC1)C(=O)NN
CHEMBL3941376,O=C(c1ccccc1-n1nccn1)N1CCC(F)(F)C(Oc2ccc(C(F)(F)F)cn2)C1
CHEMBL1592714,COc1ccc(Cc2nc3ccc(C(=O)NCc4ccccc4Cl)cc3o2)cc1
CHEMBL5287374,Oc1nc2nonc2cc1Nc1cc(F)c(F)c(F)c1
CHEMBL43681,CC(C)C[C@H](NC(=O)OCc1ccccc1)C(=O)NC(CCC(=O)O)C(=O)N[C@H](C(=O)NN(CC(=O)O)C(=O)[C@H]1O[C@@H]1C(=O)NCCc1ccccc1)[C@@H](C)O
CHEMBL1581885,CS(=O)(=O)N(CC(=O)NCCSCc1ccccc1)c1ccccc1
CHEMBL205711,CS(=O)(=O)c1ccc(CNc2ccc(-c3c(N)nc(N)nc3CCC(=O)NCc3cccc(Cl)c3)cc2)cc1
CHEMBL4792753,CN1CCN(CC2Cc3cc(Cl)ccc3O2)CC1
CHEMBL1519507,Cc1ccccc1NC(=O)CSc1nc(N)c2c3c(sc2n1)CSC(C)(C)C3
CHEMBL4281518,Cc1ccc2oc(-c3ccc(OCCOCCOCCn4cc(CCN5C(=O)c6ccccc6C5=O)nn4)cc3)cc(=O)c2c1
CHEMBL605395,COc1ccc(-n2c(=S)[nH]c3cc(C(=O)Nc4cccc(C)c4)ccc3c2=O)cc1OC
CHEMBL561675,CCCc1cc(=O)oc2cc(-c3cccc4c3Sc3ccccc3S4)cc(O)c12
CHEMBL2004192,O=C1C(=Cc2ccc([N+](=O)[O-])o2)C(=O)N(CCc2ccccc2)S(=O)(=O)N1CCc1ccccc1
CHEMBL4996133,COC(=O)c1c(-c2cccc(Cl)c2)noc1Nc1ccc(C)c(Cl)c1
CHEMBL1698870,Cn1nc(C(C)(C)C)c([N+](=O)[O-])c1C(=O)NCCO
CHEMBL1077532,CCCCCCCN(C(=O)c1c(F)cccc1F)[C@H]1CC[C@H]2[C@@H]3CC[C@H]4N(C)C(=O)CC[C@]4(C)[C@H]3CC[C@]12C
CHEMBL3264501,CC(=O)O[C@H]1C[C@H]2[C@@H]([C@H](OC(C)=O)C[C@@H]3C[C@H](N)CC[C@@]32C)[C@@H]2CC[C@H]([C@H](C)CCCN(C)CCNc3ccnc4cc(Cl)ccc34)[C@@]12C
CHEMBL322812,Cc1cccc(CC(CS)C(=O)O)c1
CHEMBL4060251,N#Cc1c(-c2ccc(C(F)(F)F)cc2)cc(NC2CCNCC2)n2c1nc1cc(Cl)cc(Cl)c12
CHEMBL3494277,CC(C)c1n[nH]c(C2CN(C(=O)c3cccc4cn[nH]c34)CCO2)n1
CHEMBL4127234,O=C(N[C@@H](Cn1ccnc1)c1ccc(Cl)cc1Cl)c1ccc(-c2nnc(-c3ccc(-c4ccccn4)cc3)o2)cc1
CHEMBL1504312,COc1ccc(Cn2nnnc2C(c2cccs2)N2CCCCCC2)cc1
CHEMBL1344628,O=c1c2ccccc2nc(-c2ccco2)n1-c1nc2ccccc2s1
CHEMBL1344126,CC(=O)C(=[N+]=[N-])C(=O)NCc1ccccc1
CHEMBL4465836,COc1cc(C(=O)N[C@@H]2CCN(C#N)C2)ccc1-c1ccnc(C)c1
CHEMBL2370692,CC(C)[C@H](NC(=O)OCc1ccccc1)C(=O)N[C@@H](C)C(=O)N[C@@H](CC(=O)O)C(=O)CCl
CHEMBL3698868,O=C(O)N1CCN(c2nc3ccccc3n([C@H]3C[C@H]4CC[C@@H](C3)N4C3CCCCCCC3)c2=O)CC1=O
CHEMBL1906727,CC(C)[C@@H](CN1CCC2(CC1)C(=O)NCN2c1ccccc1)NC(=O)c1cnc2ccccc2c1
CHEMBL1609957,Cc1cc(C)n(-c2nc(SCC(=O)Nc3nccs3)c3c4c(sc3n2)COC(C)(C)C4)n1
CHEMBL3039351,CCOc1ccc2ccccc2c1NC(=O)[C@@H]1C(=O)N2C(C(=O)O)C(C)(C)S[C@H]12
CHEMBL315017,O=C(/C=C/c1ccco1)c1ccco1
CHEMBL4527482,Cc1ccc(SC2=C[C@]34C[C@H]5C[C@H](O[C@@]5(C)C3)[C@H]4[C@](C)(CCC(=O)Nc3c(O)ccc(C(=O)O)c3O)C2=O)cc1
CHEMBL439382,CC(=O)Nc1ccc(OP(=O)(Oc2ccc(NC(C)=O)cc2)C2CCCN2C(=O)C2CCCN2)cc1
CHEMBL3438538,O=C(c1nc(Cc2c[nH]c3ccccc23)no1)N1CCCCC1
CHEMBL3936063,Cc1cc(C(=O)Nc2cccc(C(F)(F)F)c2)c(C)n1CCCN1CCOCC1
CHEMBL5269499,CCCCOc1nc(N)c2[nH]c(=O)n(CC3CCOCC3)c2n1
CHEMBL507222,Cc1ccc(NC(=O)Nc2ccc3ncnc(Nc4ccccc4)c3c2)cc1Cl
CHEMBL3455310,Cn1cc(C(C)(O)CNc2ccc(Cl)c(C#N)n2)cn1
CHEMBL1480484,O=C(O)c1ccc(CNC(=O)C23CC4CC(CC(C4)C2)C3)cc1
CHEMBL558287,O=C(O)c1cn(CCO)c2ccc(Cc3cccc(Cl)c3Cl)c(F)c2c1=O
CHEMBL4545122,COc1cc(/C=C/C(=O)c2ccc(C3CCCCC3)cc2)cc(Br)c1OCC(=O)N(C)C
CHEMBL4951531,O=C1CCCN1CCN1C[C@H]2C[C@H](c3ccccc3)CC[C@@]2(C(=O)O)C1
CHEMBL1180992,CCOCC[N+](C)(C)CC(=O)c1ccc(-c2ccc(-c3ccc(C(=O)C[N+](C)(C)CCOCC)cc3)cc2)cc1
CHEMBL202399,COc1ccccc1CNC(=O)c1ccc(Oc2nc(Oc3cccc(C(=N)N)c3)c(F)c(N(C(C)C)C(C)C)c2F)c(C(=O)O)c1.O=C(O)C(F)(F)F
CHEMBL3191543,O=C(N/N=C/c1ccoc1)c1cc(Br)ccc1O
CHEMBL5305373,CC(=O)N1c2ccc(S(=O)(=O)N3CCOCC3)cc2CC1C(=O)NCCN1CCCCCC1
CHEMBL525652,CS(=O)(=O)c1ccc(-n2nc(C(F)(F)F)cc2-c2ccc(C=NOCC(=O)O)o2)cc1
CHEMBL1419507,COc1ccc(N(CC(=O)NCc2ccco2)C(=O)CNS(=O)(=O)c2ccc(Cl)cc2)cc1
CHEMBL1356409,CCOc1cc(C(=O)N(CC)CC(=O)Nc2c(F)cccc2F)ccc1OCC(=O)N1CCCCC1
CHEMBL4212763,CCOC(=O)C1=C(C)NC(SCc2nnc(-c3ccccc3)o2)=NC1c1ccc(Cl)cc1
CHEMBL3190024,CC(/C=N/N1CCN(Cc2ccccc2)CC1)=C\c1ccccc1
CHEMBL5400492,CC(C(=O)N1c2ccccc2C(Nc2ccccc2)CC1C)N1C(=O)C2CCCCC2C1=O
CHEMBL3794656,Oc1ccc(CC[C@H]2CCC[C@@H](CCc3ccc(OCCF)cc3)N2)cc1
CHEMBL425220,O=C(O)C[C@H]1CC[C@@](c2cc(F)ccc2F)(S(=O)(=O)c2ccc(Cl)cc2)CC1
CHEMBL1354187,Nc1nn(-c2ccccc2)c2ccc([N+](=O)[O-])cc12
CHEMBL5018946,O=C(Cc1ccccc1F)N1CC[C@H](OCc2ccccc2)C1
CHEMBL2142724,CC(C)Oc1ccc(CN2CCC2(C)C(=O)Nc2cnc3ccccc3c2)cc1
CHEMBL152786,N=C(N)c1ccc(C(=O)Nc2ccc3c(c2)CN(CC(=O)O)C(=O)NC3)cc1
CHEMBL21109,CO/N=C(/C(=O)NC1C(=O)N2C(C(=O)O)=C(C)/C(=C/C(=O)OC)SC12)c1csc(N)n1
CHEMBL4792449,CC(C)(CO)CNC1=NC(=O)/C(=C/c2csc(-c3cccc(OC(F)(F)F)c3O)n2)S1
CHEMBL90114,COc1ccc(C(=O)NC(C(=O)NO)C(C)C)cc1OC1CCCC1
CHEMBL4924052,O=C(CNC(=O)c1cccs1)Nc1cccc(-n2cnnc2)c1
CHEMBL4093327,NC1(c2ccccc2)CCN(c2ccc(-c3nc(CO)no3)nn2)CC1
CHEMBL1338152,Cc1nn(C(C)C(=O)NCCCN2CCCCCC2)c(=O)c2cc3sccc3n12
CHEMBL3330016,COC(=O)C[C@@H](C)[C@H]1CC[C@H]2[C@@H]3[C@@H](O)C[C@@H]4C[C@H](O)CC[C@]4(C)[C@H]3CC[C@]12C
CHEMBL116937,Cc1ccc(-c2cccc(-c3nc4c(ccc5cc(S(=O)(=O)O)cc(O)c54)[nH]3)c2O)cc1C
CHEMBL589820,CCN(NC(=O)c1cc(OC)no1)C(=O)NCc1ncc(-c2cc(Cl)cc(F)c2-c2noc(C)n2)cc1F
CHEMBL4291063,C/C(=N\NC(=S)N1CCOCC1)c1ccccc1O
CHEMBL5177160,CC(=O)OCC(=O)O[C@@H]1C[C@]2(C(C)C)O[C@@]1(C)[C@@H]1CC[C@@H](C)[C@H]1[C@@H]2OC(=O)/C=C/c1ccccc1
CHEMBL5417799,CCOC(=O)C[C@H](N)c1cc([N+](=O)[O-])ccc1O.Cl
CHEMBL152559,COc1ccc(-c2ccc(S(=O)(=O)NCCc3ccc4ccccc4c3C(=O)NO)cc2)cc1
CHEMBL358143,Cc1ccc(Cc2ccnc3c2NC(=O)c2cccnc2N3C2CC2)c(O)c1
CHEMBL4926106,Cc1ccc(C)c(CN2CCCN(c3ccc(C)cc3NC(=O)c3cccs3)C2=O)c1
CHEMBL344578,O=C(CCc1ccccc1)N[C@@H](Cc1ccccc1)C(=O)NC(CCS)C(=O)O
CHEMBL3940941,COc1c(F)cccc1-c1cccc(C(CC(=O)O)c2nccs2)c1
CHEMBL513093,O=C(/C=C/C=C/c1ccc2c(c1)OCO2)Nc1ccc(CO)cc1
CHEMBL4594622,COc1ccc2cc(-c3ccc(C4(OCCCO[N+](=O)[O-])CN(C)CCO4)cc3)ccc2c1
CHEMBL3751933,CC[C@H](C)[C@H](NC(=O)[C@H](CC1CCCCC1)NC(=O)c1ccno1)C(=O)NCc1ccccc1Cl
CHEMBL1578739,O=C(CCCNS(=O)(=O)c1cccs1)N1CCN(c2ccc(F)cc2)CC1
CHEMBL298557,CCCN(CCC)c1c([N+](=O)[O-])cc(S(=O)(=O)Nc2ccc(Cl)cc2)cc1[N+](=O)[O-]
CHEMBL1389418,CCOc1ccc(N(CC(=O)Nc2ccc(C)c(C)c2)S(=O)(=O)c2c(C)noc2C)cc1
CHEMBL1715031,CSc1ncc(Cl)c(C(=O)O)n1.NCCc1ccccc1
CHEMBL3933575,Cc1cc(Nc2nccc(C(F)(F)F)n2)cc(-c2cccc(NS(C)(=O)=O)c2)c1
CHEMBL265043,COc1ccc(CCC(=O)c2c(O)cc(OC(C(=O)[O-])C(=O)[O-])cc2O)cc1O.[Na+].[Na+]
CHEMBL4997989,CCS(=O)(=O)N(CCc1cccs1)Cc1cc(C)on1
CHEMBL3457630,CC(C)Nc1cccc(C(=O)NCC(O)c2ccc(F)cc2F)c1
CHEMBL2137782,Cc1cccc([N+](=O)[O-])c1NC(=O)COC(=O)C1CC2CCCC(C1)C2=O
CHEMBL4786850,Fc1ccc(-c2nc3c(N4CCN(c5ccccc5)CC4)nccc3[nH]2)cc1F
CHEMBL353769,CCC(=O)N(c1ccccc1)C1(C(=O)OC)CCN(CCn2cncn2)CC1
CHEMBL1309519,Cc1ccc(Cl)cc1NC(=O)COC(=O)c1ccc(COc2ccc3c(C)cc(=O)oc3c2)cc1
CHEMBL4928492,CCCCc1nc(CN2CCC[C@H](C(=O)c3cccc(OC(C)C)c3)C2)c[nH]1
CHEMBL4455967,COc1ccc(O)c(C(=O)NNC(=O)c2cc3ccccc3oc2=O)c1
CHEMBL1472714,CCCCOc1ccc(C(=O)NCC(=O)N2CCN(Cc3ccc4c(c3)OCO4)CC2)cc1
CHEMBL196945,O=C(O)C1(c2ccc(-c3ccc(Cl)c(Cl)c3)c(F)c2)CC1
CHEMBL4905994,CN1CCN(S(=O)(=O)c2cccc3nsnc23)C[C@@H]1CO
CHEMBL1585497,COc1c(C)cc(C(=O)C2CCCN(C(=O)c3ccoc3)C2)cc1C
CHEMBL1332675,Cl.O=C(CN1CCCCCC1)Nc1cccc(Br)c1
CHEMBL3261342,CCOC(=O)c1cccc(NC(=O)c2sc3nc4ccc(OC)cc4cc3c2N)c1
CHEMBL57729,CCCCCCCCC[n+]1cccc(C)c1.[I-]
CHEMBL2407659,C[C@H](c1ccccc1)N1C(=O)O[C@](Cc2ccccc2)(C(=O)N2CCc3ccccc3C2)C1=O
CHEMBL3304648,COc1cc(NC(C)CCCN)c2nc(OCc3cccc(C(F)(F)F)c3)ccc2c1
CHEMBL1186978,Oc1cc2c(c(-c3ccc4ccccc4c3)c1O)CCNCC2c1ccccc1
CHEMBL5309155,CN(C)c1nccc(N2C[C@@H](F)C[C@H]2CNCc2cnc3cnccn23)n1
CHEMBL3793023,O=C(Nc1cnc(-c2cc[nH]n2)nc1)c1ccccc1
CHEMBL1911859,C1=NCC2(CN3CCC2CC3)NC=C1c1ccccc1
CHEMBL291429,CN1CCN=C1c1ccc(C(=O)N2CCN(S(=O)(=O)c3cc4cc(Cl)ccc4[nH]3)CC2CC(=O)N2CCCCC2)cc1
CHEMBL4537819,Cc1nc(C)c(CC(=O)NCC2CNCCO2)s1
CHEMBL1712244,Cc1ccc(CN(CC(=O)NC2CC2)S(=O)(=O)c2ccccc2)cc1
CHEMBL1872451,O=C(NCc1ccccc1Cl)C1CCCN(C(=O)Nc2ccc(F)cc2)C1
CHEMBL1084497,CCN(C[C@@H]1CCC[C@@]2(S(=O)(=O)c3ccc(Cl)cc3)c3c(F)ccc(F)c3OC[C@@H]12)S(=O)(=O)C1CC1
CHEMBL2036102,Cn1nc(-c2nnc(SCCOc3ccccc3F)o2)cc1-c1ccc(C(F)(F)F)cc1
CHEMBL3427266,N#Cc1c(Cn2c(=O)n(C3CC3)c3ccncc32)nc2cc(Cl)ccn12
CHEMBL5402839,Cc1ccc(CNC(=O)c2cc(/C=C/C(=O)O)cc(-c3ccc(CN4CCOCC4)c(F)c3)c2)cc1
CHEMBL1278054,O=C1Cc2ccccc2N1C1CC2CC(C1)N(Cc1ccccc1)C2
CHEMBL1793878,CC(C)CCNC(C)[C@H]1CC[C@H]2[C@@H]3CCC4CC(=O)CC[C@]4(C)[C@H]3CC[C@]12C
CHEMBL140717,O=C1CCC2CN(S(=O)(=O)c3ccc(F)cc3)CCN12
CHEMBL5191848,O=C(Cn1sc2cc(C(F)(F)F)ccc2c1=O)Nc1ccccc1
CHEMBL266634,CC(=O)O.CC[C@]1(O)C[C@@H]2CN(CCc3c([nH]c4ccccc34)[C@@](C(=O)OC)(c3cc4c(cc3OC)N(C)C3C45CCN4CC=C[C@](CC)(C45)[C@@H](OC(=O)[C@@H]4CCCN4C(=O)[C@@H](CO)NC(=O)[C@H](CO)NC(=O)[C@H](CCC(N)=O)NC(=O)C(NC(=O)[C@H](CO)NC(=O)[C@H](CO)NC(=O)[C@H]4CC(O)CN4C(C)=O)C4CCCCC4)[C@]3(O)C(=O)OC)C2)C1
CHEMBL5077661,NC(=O)c1sc2nccc(N3CCCC(C(=O)O)C3)c2c1N
CHEMBL4913504,CC(C)Cn1ncc2[nH]c(-c3cccs3)nc21
CHEMBL3040967,COc1ccc2cc3[n+](cc2c1OCCN(CCn1cncc1[N+](=O)[O-])Cc1cccc(Cl)c1)CCc1cc2c(cc1-3)OCO2
CHEMBL25398,COCc1nc2ccccc2c(-c2ccccc2)c1C(=O)N(C)Cc1cc(C(F)(F)F)cc(C(F)(F)F)c1
CHEMBL1289553,CC(C)(F)C[C@H](N[C@@H](c1ccc(-c2ccc(S(C)(=O)=O)cc2)cc1)C(F)(F)F)C(=O)N[C@H](C#N)CC(F)(F)F
CHEMBL4904558,CC(C)Cc1nnc(NC(=O)C2CC3C=CC2C3)s1
CHEMBL4966312,C[C@@H](CCNC(=O)c1cc(-c2ccsc2)n[nH]1)n1ccnc1
CHEMBL1726434,CCOC(=O)N1CCN(S(=O)(=O)c2ccc(C(=O)Nc3sc4c(c3C(N)=O)CC(C)(C)NC4(C)C)cc2)CC1
CHEMBL106658,CCCCN1CCC=C(c2csc(N)n2)C1
CHEMBL1966616,O=C1NC(=O)C2C1c1[nH]c3ccccc3c1C1CCCC12
CHEMBL1868820,CCN(CC)C(=O)C1=C(C)N(Cc2ccc(C(C)(C)C)cc2)C(=O)C(CC(=O)NCC2CCCCC2)C1
CHEMBL5270520,COc1cc(C(=O)c2c(CBr)cc(OC)c(OC)c2Br)c(Br)c(Br)c1OC
CHEMBL3959856,CCC1CC(=O)NN=C1c1ccc2nc(-c3ccc(OC(C)CN4CCOCC4)cc3)oc2c1
CHEMBL93316,N=C(N)c1cccc(Cn2c(C(=O)NCc3cccc(C(=O)O)c3)cc3c(O)cccc32)c1
CHEMBL3971045,CN(C)Cc1cc2c(nc1C=O)N(C(=O)Nc1ccc(C#N)cn1)CCC2
CHEMBL5206388,C#CCN(C)Cc1ccc(NS(=O)(=O)c2ccc(/C=C/C(=O)NO)cc2)cc1
CHEMBL454466,CC(=O)OC1[C@@H]2[C@@]3(C)C=C[C@@H](O)[C@](C)(OC(C)=O)[C@@H]3C[C@@H](OC(C)=O)[C@@]2(C)[C@]23O[C@@H]2C[C@@H](c2ccoc2)[C@]3(C)[C@H]1OC(=O)C(C)C
CHEMBL1466667,O=C([O-])c1cc([N+](=O)[O-])ccc1Nc1ccccc1.[Na+]
CHEMBL1869484,C[C@@H]1COC(=O)[C@@H](Cc2ccc(F)cc2)C/C=C\C[C@@H](CC(=O)NCCO)C(=O)N1
CHEMBL1874442,Cc1cc(C)n2nc(NCc3ccccc3Cl)nc2n1
CHEMBL66319,CCOC(=O)CCOC(=O)CCCNC(=O)NC12CC3CC(CC(C3)C1)C2
CHEMBL1301669,COc1ccc(-c2nc(C[S+]([O-])CC(=O)NC3CCCC3)c(C)o2)cc1OC
CHEMBL4449536,O=C(NC12CC3CC(CC(C3)C1)C2)c1cc2cccnc2n1CCN1CCOCC1
CHEMBL4748622,CC(C)C[C@H](NC(=O)[C@H](CC(=O)O)NC(=O)[C@H](C)NC(=O)[C@H](Cc1ccc(O)cc1)NC(=O)[C@H](Cc1ccc(O)cc1)NC(=O)[C@H](CCCNC(=N)N)NC(=O)[C@H](CC(N)=O)NC(=O)[C@@H]1CSCC(=O)NCCN(C(=O)CCC(=O)NCCOCCOCCC(=O)NCCOCCOCCC(=O)NCCCC[C@H](NC(=O)CCCCCCCCCCCCCCCCC(=O)O)C(=O)O)CCNC(=O)CSC[C@H](NC(=O)CNC(=O)[C@@H]2CCCN2C(=O)[C@H](C)NC(=O)[C@H](CCC(=O)O)NC(=O)[C@@H]2CCCN2C(=O)[C@H](CCCCN)NC(=O)[C@@H]2CCCN2)C(=O)N[C@@H](CC(=O)O)C(=O)N[C@@H](C)C(=O)N[C@@H](CO)C(=O)N2CCCC2C(=O)N[C@@H](CCC(=O)O)C(=O)N[C@@H](CCC(=O)O)C(=O)N1)C(=O)N[C@@H](CCCNC(=N)N)C(=O)N[C@@H](Cc1cnc[nH]1)C(=O)N[C@@H](Cc1ccc(O)cc1)C(=O)N[C@@H](CC(C)C)C(=O)N[C@@H](CC(N)=O)C(=O)N[C@@H](Cc1c[nH]c2ccccc12)C(=O)N[C@@H](CC(C)C)C(=O)N[C@H](C(=O)N[C@@H](CCCNC(=N)N)C(=O)N[C@@H](CCC(N)=O)C(=O)N[C@@H](CCCNC(=N)N)C(=O)N[C@@H](Cc1ccc(O)cc1)C(N)=O)[C@@H](C)O
CHEMBL2204116,Cn1nnnc1SCC(=O)N/N=C/c1ccccc1Br
CHEMBL1209940,COc1ccc(/C=N/Nc2cc(C(F)(F)F)nc3c(C(F)(F)F)cccc23)cc1O
CHEMBL3463758,CN(Cc1ccc2c(c1)OCCO2)Cc1nnnn1-c1ccccc1
CHEMBL3785311,COc1ccc(-c2sc(NC(=O)C3CCCC3)nc2C)cc1S(=O)(=O)Nc1ccc(O)cc1
CHEMBL3325519,CCOC(=O)c1[nH]c2ccc(Cl)cc2c1C(OC)c1cc(C)cc(C)c1
CHEMBL585348,O=[N+]([O-])c1cn2c(n1)OC[C@@H](OCc1ccc(-c3ccc(-c4ccccc4)cc3)cc1)C2
CHEMBL5399424,O=C(CCc1cn(CCOCCOCCO[C@@H]2O[C@H](CO)[C@@H](O[C@@H]3O[C@H](CO)[C@H](O)[C@H](O)[C@H]3O)[C@H](O)[C@H]2O)nn1)NC[C@H]1O[C@@H]2O[C@H]3[C@H](O)[C@@H](O)[C@@H](O[C@H]4[C@H](O)[C@@H](O)[C@@H](O[C@H]5[C@H](O)[C@@H](O)[C@@H](O[C@H]6[C@H](O)[C@@H](O)[C@@H](O[C@H]7[C@H](O)[C@@H](O)[C@@H](O[C@H]8[C@H](O)[C@@H](O)[C@@H](O[C@H]1[C@H](O)[C@H]2O)O[C@@H]8CNC(=O)CCc1cn(CCOCCOCCO[C@@H]2O[C@H](CO)[C@@H](O[C@@H]8O[C@H](CO)[C@H](O)[C@H](O)[C@H]8O)[C@H](O)[C@H]2O)nn1)O[C@@H]7CNC(=O)CCc1cn(CCOCCOCCO[C@@H]2O[C@H](CO)[C@@H](O[C@@H]7O[C@H](CO)[C@H](O)[C@H](O)[C@H]7O)[C@H](O)[C@H]2O)nn1)O[C@@H]6CNC(=O)CCc1cn(CCOCCOCCO[C@@H]2O[C@H](CO)[C@@H](O[C@@H]6O[C@H](CO)[C@H](O)[C@H](O)[C@H]6O)[C@H](O)[C@H]2O)nn1)O[C@@H]5CNC(=O)CCc1cn(CCOCCOCCO[C@@H]2O[C@H](CO)[C@@H](O[C@@H]5O[C@H](CO)[C@H](O)[C@H](O)[C@H]5O)[C@H](O)[C@H]2O)nn1)O[C@@H]4CNC(=O)CCc1cn(CCOCCOCCO[C@@H]2O[C@H](CO)[C@@H](O[C@@H]4O[C@H](CO)[C@H](O)[C@H](O)[C@H]4O)[C@H](O)[C@H]2O)nn1)O[C@@H]3CNC(=O)CCc1cn(CCOCCOCCO[C@@H]2O[C@H](CO)[C@@H](O[C@@H]3O[C@H](CO)[C@H](O)[C@H](O)[C@H]3O)[C@H](O)[C@H]2O)nn1
CHEMBL5269114,C[C@@H]1CC[C@@H]2[C@]34OO[C@@](C)(CC[C@@H]13)O[C@H]4OC(Nc1cccc(F)c1)[C@@]2(C)Br
CHEMBL4960683,Cc1ccn(CC(=O)N2CCCC[C@@]2(C)c2noc(-c3ccc(F)cc3)n2)n1
CHEMBL1603046,CC(Oc1ccc(-c2ccccc2)cc1)C(=O)N1CCOCC1
CHEMBL481996,Nc1ccccc1NC(=O)c1ccc(CNc2cccc(-c3cccnc3)n2)cc1
CHEMBL3764057,Cn1c(=O)n(CC(C)(C)C)c2ccc(-c3ccccc3C#N)nc21
CHEMBL4571767,Cn1cc(Br)c(=O)c(NC(=O)c2cccc(C#N)c2)c1
CHEMBL4212547,CCCSc1nc(NCCNC(=S)Nc2ccccc2)c2nnn(CCc3ccccc3)c2n1
CHEMBL4972421,O=C(c1ccccc1)N1C[C@H]2CCCC(=O)N(Cc3cccc(F)c3)[C@H]2C1
CHEMBL1869074,O=C(OCC(=O)N1CCCC1=O)c1ccc(Cl)cc1[N+](=O)[O-]
CHEMBL4166635,CCCCCCCNC(=O)c1c(O)cc(C)oc1=O
CHEMBL254066,Cc1cccc(C[C@H](NC(=O)c2ccc(C(F)(F)F)cc2)C(=O)N[C@H](/C=C/S(=O)(=O)c2ccccc2)CCc2ccccc2)c1
CHEMBL4950893,Cc1c[nH]c([C@H](C)NC(=O)c2n[nH]c(=O)c3ccccc23)n1
CHEMBL3479808,COc1ccc(Cc2c(O)nc(SC)n(-c3ccccc3)c2=O)cc1
CHEMBL3972223,N#CCC1(n2cc(C(N)=O)c(Nc3ccnc(F)c3)n2)CCN(Cc2ccco2)CC1
CHEMBL4911487,C=CCN1CCN(C(=O)c2csc(-c3ccc(OCc4ccc(Cl)cc4)cc3Cl)n2)CC1
CHEMBL4986941,O=c1c2cnn(-c3ccccc3)c2nnn1Cc1nnsc1Cl
CHEMBL150528,CC(NC(=O)Cc1ccc(S(=O)(=O)NC(=O)NC2CCCCC2)cc1)c1ccccc1N1CCCCC1
CHEMBL4852609,Cc1cc(C(F)(F)F)ccc1OCc1cccc(C(=O)O)c1F
CHEMBL1814133,CC(C)COc1cc(NC(=N)c2c[nH]cn2)ccc1-c1ccc(-c2ccc(NC(=N)c3c[nH]cn3)cc2OCC(C)C)o1
CHEMBL3683606,O=C(c1nn([C@H]2CCCN(CC3CCOCC3)C2)c2c1CS(=O)(=O)c1ncccc1-2)N1CCOCC1
CHEMBL3121365,CCCN(CCC)C(=O)CSc1nc2ccc3c(c2[nH]1)C(=O)c1ccccc1C3=O
CHEMBL225039,c1ccc(COC[C@@H]2OO[C@H](COCc3ccccc3)[C@H]3O[C@H]32)cc1
CHEMBL3654191,CC(=O)N1C[C@@H](C)N(c2nc3cc(-c4noc(=O)[nH]4)nc(-c4cncc(Cl)c4)c3n2C[C@H]2CC[C@H](C)CC2)[C@H](C)C1
CHEMBL3462231,O=C(CCCn1cncn1)N1CCCCC1c1nccs1
CHEMBL1590935,CCc1ccc(CN2CCc3nc(Nc4ccccc4)ncc3C2)cc1
CHEMBL4172985,CCCCCOc1ccc2c(c1)CN1C(=S)N(c3ccc(C#N)c(C(F)(F)F)c3)C(=O)C1C2
CHEMBL5189089,CC(C)[C@H](NC(=O)CNC(=O)[C@H](CO)NC(=O)[C@@H]1CCCN1C(=O)[C@H](CO)NC(=O)[C@H](CC(N)=O)NC(=O)[C@H](CC(N)=O)NC(=O)[C@@H](N)[C@@H](C)O)C(=O)N[C@@H](Cc1ccccc1)C(=O)N[C@H](C(=O)N[C@@H](Cc1ccccc1)C(=O)NCC(=O)N[C@@H](C)C(=O)N[C@@H](CC(N)=O)C(=O)N[C@@H](CO)C(=O)N[C@@H](CO)C(=O)N[C@H](C(=O)O)[C@@H](C)O)[C@@H](C)O
CHEMBL1198502,Cc1ccc2c(c1)C=C/C(=C\c1cccc[n+]1C)N2C
CHEMBL1438520,O=C(N=Nc1c(O)[nH]c2ccc([N+](=O)[O-])cc12)c1ccccc1Cl
CHEMBL3486623,COCCN(C)C[C@@H]1CN(C(=O)c2ccoc2)C[C@@H]1CO
CHEMBL1567848,COC(=O)C1=C(C)N(CC2CC2)C(NCCN2CCOCC2)=N[C@H]1c1ccccc1
CHEMBL1791270,CC[C@@H](C)[C@H](NC(=O)C1CCN1C(=O)[C@H](Cc1c[nH]cn1)NC(=O)[C@@H](NC(=O)[C@H](Cc1ccc(O)cc1)NC(=O)[C@@H](NC(=O)[C@H](CCCN=C(N)N)NC(=O)CNC)C(C)C)[C@@H](C)CC)C(=O)O
CHEMBL228644,Cc1c(N)cc(-n2c(C)ccc2-c2cc(C(F)(F)F)ccc2OCc2ccc(F)cc2)cc1C(=O)O
CHEMBL2409479,O=C([C@H]1C[C@@H]1F)N1CC2CNCC2C1
CHEMBL5403434,COc1cc2c(N)c3c(c(-c4ccc5c(c4)OCO5)c2cc1OC)C(=O)OC3
CHEMBL286782,CNC(=O)Cc1c(C(=O)O)[nH]c2cc(Cl)ccc12
CHEMBL4906370,CN(C)[C@@H](CNC(=O)C(=O)Nc1ccon1)c1cccn1C
CHEMBL1182203,N[C@H]1[C@@H](O[C@H]2[C@H](O)[C@@H](O[C@H]3O[C@@H](CO)[C@H](O)[C@@H]3O)[C@H](N)C[C@@H]2N)O[C@H](CO)[C@@H](O)[C@@H]1O
CHEMBL5421975,N[C@H]1CC[C@H](Nc2cc(NC3CCC(S(=O)(=O)N4CCCC4)CC3)c3ncc(C4=CCCCC4)n3n2)CC1
CHEMBL5173321,COc1cc(CCNC2COc3ccccc32)c(OC)cc1C#N
CHEMBL3347691,CS(=O)(=O)c1ccc(-c2ccc3c(c2)sc2c(N)ncnc23)cc1
CHEMBL4961016,O=C1C2CCCCC2C(=O)N1CC(O)c1ccc(Cl)cc1
CHEMBL1208104,O=C(CP(=O)(O)O)NCCCCc1cccc(Oc2ccccc2)c1
CHEMBL4129286,CC(C)OC(=O)[C@H](C)N[P@](=O)(OC[C@@]1(F)O[C@@H](n2ccc(=O)[nH]c2=O)[C@](C)(O)[C@@H]1O)Oc1ccccc1
CHEMBL2407662,O=C1O[C@@](Cc2ccccc2)(C(=O)NCc2ccccc2)C(=O)N1Cc1ccccc1
CHEMBL3645019,Cc1ccc(-n2cc(-c3cccn4nc(Nc5ccc(C6CCN(C(=O)OC(C)(C)C)CC6)cc5)nc34)cn2)cc1
CHEMBL573834,CC(C)=CCCC(C)C/C=N/NC(=O)c1ccncc1
CHEMBL1308381,CCOC(=O)Cc1csc(SCc2nc(O)c3ccccc3n2)n1
CHEMBL4534307,CC(=O)C1=C(O)[C@@H]2Oc3c(O)ccc4c3[C@@]23CCN(CC2CC2)[C@H](C4)[C@]3(O)C1
CHEMBL3273727,Cl.c1cc2sc3ccc(OCCCN4CCCCC4)cc3c2cc1OCCCN1CCCCC1
CHEMBL3697604,Cc1cc(Oc2nccc(C)c2Cl)ccc1-c1c(C)ncc(=O)n1C
CHEMBL3113399,Cc1ccccc1CN1CCc2ccccc2C1
CHEMBL1649811,CCCCCCCCCCCCCn1c(-c2ccc(Cl)cc2)cnc1N
CHEMBL192969,CCOC(=O)c1cn(-c2ccc(Cl)cc2Cl)c(-c2ccc(C)cc2)n1
CHEMBL153717,O=C(NCC/C=C/c1ccccc1)c1ccccc1CN1CCc2ccc(O)cc2C1
CHEMBL1354493,O=C(c1cc2ccccc2oc1=O)N1CCN(c2ccc(F)cc2)CC1
CHEMBL5077919,C=C1/C=C/COC[C@@H](C(=O)N[C@@H](CC(C)C)C(N)=O)NC(=O)[C@H]([C@@H](C)CC)NC(=O)[C@@H]2CCCN2C(=O)CNC(=O)CC1
CHEMBL4475497,COc1ccccc1N1CCN(c2nc3c(c(=O)[nH]2)CC(F)(F)CC3)CC1
CHEMBL1542247,C=CCn1c(=O)c(C(=O)Nc2ncccc2O)c(O)c2ccccc21
CHEMBL352017,COc1cc(N)c(Cl)cc1C(=O)NCC1CN(Cc2ccc(Br)cc2)CCO1
CHEMBL1872711,C=CCN1c2ccccc2C(=O)C(C)S1(=O)=O
CHEMBL5407598,C=C(C)C(=O)CC/C(C)=C/C[C@@]12OC(C)(C)[C@H](Cl)C[C@]1(Cl)C(=O)c1c(O)cc(O)cc1C2=O
CHEMBL550375,COc1cc(O[C@@H]2O[C@H](CO[C@@H]3O[C@H](CO)[C@@H](O)[C@H](O)[C@H]3O)[C@@H](O)[C@H](O)[C@H]2O)ccc1O
CHEMBL2408034,C[C@]12C(=O)C=CCC1=C[C@@H](O)[C@@H]1[C@@H]2CC[C@@]2(O)C(=O)O[C@@]3(C)[C@H]4C[C@]5(C)[C@@H](CO[C@@]16O[C@]23[C@H]5C6=O)C(=O)O4
CHEMBL3466527,O=C(Nc1ccc(F)cc1)N(CCC(F)(F)F)C[C@H](O)CO
CHEMBL316488,CN(C)C(=O)[C@H](O)[C@H](CC1CCCCC1)NC(=O)c1cc2cc(Cl)ccc2[nH]1
CHEMBL340593,Nc1cc(Cl)nc(SCc2cccc(Br)c2)n1
CHEMBL5417229,Cc1cc2nc3c(=O)[nH]c(=O)nc-3n(CCCCCCO)c2cc1C
CHEMBL3902257,N=C(N)NCCCC1CSC2CN(Cc3ccc4ccccc4c3)C(=O)[C@H](CCCNC(=N)N)N2C1=O
CHEMBL3184232,CC1(C(=O)NS(=O)(=O)c2ccc(F)cc2F)CCN1C(=O)CCc1ccc(Cl)cc1Cl
CHEMBL4171765,COc1ccc(/C=N/Nc2ccc([N+](=O)[O-])cc2[N+](=O)[O-])cc1O
CHEMBL355294,O=C(NOCc1ccccc1)c1cc(NCc2cc(O)ccc2O)ccc1O
CHEMBL5494842,Cc1cc(-c2ccccc2)nc(SCC(=O)Nc2nnc(C)s2)n1
CHEMBL72388,Cc1cn([C@@H]2O[C@H](COP(=O)(O)O)[C@@H](O)[C@H]2O)c(=O)nc1N
CHEMBL3924307,N[C@H]1CC(N2Cc3c[nH]nc3C2)c2ccccc2[C@@H]1c1cc(F)ccc1F
CHEMBL3441522,O=S(=O)(c1ccccc1)N1C[C@@H]2COC[C@]2(COCC2CC2)C1
CHEMBL553437,Cc1c(Cl)ccc(O)c1CN.Cl
CHEMBL1783321,CC(C)(C)C(=O)OC[C@H]1O[C@H](OCC2CC2)C=CC1=O
CHEMBL3883459,CCCC(C)COc1ccc([C@@H](NC(=O)Cc2c(C)cc(C)cc2C)C(=O)OC)cc1
CHEMBL5204467,NNC(=O)c1cc2c(cc1Nc1ccc3c(c1)OCO3)OCCO2
CHEMBL1093487,Nc1sc2c(c1C(=O)c1ccc(Cl)c(Cl)c1)CCN(CCCOc1ccc([N+](=O)[O-])cc1)C2
CHEMBL2000336,COc1ccc2nc3ccc(OC)cc3c(S(=O)(=O)Cc3ccc([N+](=O)[O-])cc3)c2c1
CHEMBL4872881,N#Cc1cc(-c2ccc(-c3nn([C@@H]4O[C@H](CO)[C@@H](O)[C@H]4O)c4ncnc(N)c34)cc2C#N)ccc1Cl
CHEMBL1321457,Cc1ccc(C(=O)NCC(=O)OCC(=O)NCCc2ccccc2)s1
CHEMBL1683067,CO[C@@H]1COCC[C@@H]1N[C@@H]1CC[C@@](C(=O)N2CCN(c3cccc(C(F)(F)F)c3)CC2)(C(C)C)C1
CHEMBL1491100,O=C(CN1C(=O)COc2ccccc21)c1ccc(Cl)cc1
CHEMBL303559,CN(CCNC(=O)c1cc2c3c(cccc3n1)C(=O)c1ccccc1-2)CCN(C)CCNC(=O)c1cc2c3c(cccc3n1)C(=O)c1ccccc1-2
CHEMBL136624,CCCCC(C(=O)Nc1ccc(O)cc1C)C(=O)Nc1ccc(O)cc1C
CHEMBL284902,C=C(c1cc(Cl)cc(Cl)c1OCc1ccc(Cl)cc1)n1ccnc1
CHEMBL3542253,NC1=NC(c2cccc(-c3cncn3O[C@@H]3O[C@H](C(=O)O)[C@@H](O)[C@H](O)[C@H]3O)c2)(c2ccnc(C(F)F)c2)c2cccc(F)c21
CHEMBL5415824,CCOC(=O)c1cnc(Nc2c(C)cccc2C)nc1NCCCNC(=S)NCCC(=O)O
CHEMBL3263103,O=C(O)c1ccc(/C=C2/SC(=S)N([C@@H](Cc3ccccc3)C(=O)O)C2=O)cc1
CHEMBL3427383,CCOC(=O)c1oc2c(OCC)cccc2c1Nc1cc(OC)c(OC)c(OC)c1
CHEMBL516855,CC1(C)C=Cc2c(cc(O)c3c2OCC(c2cc4c(cc2O)OCO4)C3=O)O1
CHEMBL1482490,Cc1c(Cl)cccc1-n1ncc(C(=O)NC2CCCC2)c1C1CCN(C(=O)OC(C)(C)C)CC1
CHEMBL4953171,C[C@@H]1Oc2ccc(N)cc2CN(CC2CCCCC2)C1=O
CHEMBL5085179,CNc1ccc2ccc(OC[C@H]3O[C@@H](n4cc(-c5cccnc5)c5c(N)ncnc54)[C@@H](F)[C@@H]3O)cc2n1
CHEMBL3656602,COc1cc(N2CCN(C)CC2)ccc1Nc1ncc2c(n1)-c1c(nn(C)c1-c1ccco1)CC2
CHEMBL5268639,Cc1c(O)c(O)c(C=O)c(COCc2ccc(F)cc2)c1-c1ccccc1
CHEMBL1395746,Cc1ccc(Cl)cc1Nc1sc(C(=O)c2ccccc2)c(N)c1S(=O)(=O)c1ccccc1
CHEMBL5439055,CCCCCCCCCCc1nc(-c2ccc(-n3cc[n+](C)c3)cc2)no1.[I-]
CHEMBL3990575,CC(C)(C)c1cc(C(=O)NCc2ccc(C(=O)NCCNC(=N)N)cc2)cc(C(C)(C)C)c1
CHEMBL3456009,COC1CCN(c2ccc(F)cc2CN(C)C(C)C(N)=O)CC1
CHEMBL3504063,O=C(O)C(F)(F)F.O=C(O)C(F)(F)F.c1cncc(-c2nnn3c2COCC(CNC2CCOCC2)C3)c1
CHEMBL3477737,CCc1cn[nH]c1C1CCCN(C(=O)c2cc(C(C)C)on2)C1
CHEMBL56626,O=C(NNCc1ccc(Cl)cc1)NC(Cc1c[nH]c2ccccc12)C(=O)NCCc1ccccc1
CHEMBL1586437,COc1ccc(C2NC(c3ccc(OC)cc3OC)C(C)C(=O)C2C)c(OC)c1.O=C(O)C(=O)O
CHEMBL4579203,C[C@@H](N)C(=O)N[C@H](C)C(=O)NCCc1ccc(NC(=O)CN(CCN(Cc2ccccn2)Cc2ccccn2)Cc2ccccn2)cc1.Cl
CHEMBL371330,FC(F)(CNc1cccc2oc(CCc3cccc(Cl)c3)nc12)c1ccccn1
CHEMBL597301,COc1cccc(/C=C/C(=O)/C=C/c2cc(OC)c(OC)c(OC)c2)c1
CHEMBL1276361,CCCCCCCCCCCCCCc1ccc(O)c(O)c1O
CHEMBL1582965,COc1ccc(OC)c(Nc2cc(C)nc3nc(C)nn23)c1
CHEMBL4460542,Fc1ccc(N/N=C/c2ccc(-c3cccc(/C=N/Nc4ccc(F)cc4F)c3)cc2)c(F)c1
CHEMBL5432664,C[C@@H]1NC(=O)[C@H](Cc2c[nH]c3ccccc23)NC(=O)[C@H](CCCNC(=N)N)NC(=O)[C@@H](Cc2ccccc2)NC(=O)[C@H](Cc2c[nH]cn2)NC(=O)c2cc([N+](=O)[O-])ccc2SC[C@@H](C(N)=O)NC1=O
CHEMBL355912,O=C(OC1COc2cc(O)cc(O)c2C1)c1ccc(O)c(O)c1
CHEMBL1702827,CCCc1cc(=O)oc2cc(OC(C)C(=O)NC[C@H]3CC[C@H](C(=O)O)CC3)c(Cl)cc12
CHEMBL136316,O=C(O)C(=O)Nc1sc2c(c1C(=O)O)CCN(Cc1ccc3ccccc3n1)C2
CHEMBL1453486,Cc1cnc(C(=O)OC(C)C(=O)Nc2ccc(Oc3ccccc3)cc2)cn1
CHEMBL5311073,CN1CCN(c2ccc(CNc3ccn(-c4ccccc4)n3)cc2)CC1
CHEMBL4115271,COCCOc1cnc(C(=O)Nc2ccc(F)c([C@@]3(C)N=C(N)OCC3(F)F)n2)c(N)n1
CHEMBL5009166,COc1ccc(OC)c(NC(=O)N(C)[C@H]2COC[C@@H]2O)c1
CHEMBL469774,NC(=O)c1ccc(NC(=O)c2ccc(Oc3ccc([N+](=O)[O-])cc3Cl)cc2)cc1
CHEMBL5011289,COc1cncc(C(NC(=O)NC(C)(C)CC(C)(C)C)[C@H]2C[C@H](O)C2)c1
CHEMBL2011592,Cc1c(N2CCN(C)CC2)nc2ccccc2c1C(=O)NCCOCCOCCNC(=O)NC[13C](=O)O
CHEMBL5190321,O=C1CC(c2ccccc2F)=NN1c1ccccn1
CHEMBL4435800,CCOc1nc(CC)c(CNC(=O)[C@@H](S)CC(C)C)n1Cc1ccc(-c2ccccc2C(=O)O)cc1F
CHEMBL170732,CC(C)(C)Nc1ccnc(-c2ccncc2)n1
CHEMBL1498096,Cc1ccc(S(=O)(=O)Nc2ccc(NC(=O)Nc3ccc(F)cc3F)cc2)cc1
CHEMBL2369829,CC[C@@H]1NC(=O)[C@H](Cc2ccccc2)NC(=O)[C@H](Cc2ccc(O)cc2)NC(=O)CCSSC[C@@H](C(=O)N2CCC[C@H]2C(=O)N[C@@H](CCCN=C(N)N)C(=O)NCC(N)=O)NC(=O)[C@H](CC(N)=O)NC1=O
CHEMBL54404,O=C([O-])C1=CC(=O)C2C(CCC(O)CCC3=CC=CC4OC(C(=O)[O-])=CC(=O)C34)=CC=CC2O1.[Na+].[Na+]
CHEMBL1289802,CO/N=C1\CN(c2c(F)cc3c(=O)c(C(=O)O)cn4c3c2OC[C@@H]4C)CC1/C(N)=N\O
CHEMBL125484,CC(C)CCN1CCc2c(Br)cc3nc(O)c(O)nc3c2C1
CHEMBL4788003,CO[C@@]12CC[C@@H](N[C@@H](Cc3c[nH]c4ccccc34)C(=O)O)[C@@H]3Oc4c(O)ccc5c4[C@@]31CCN(C)[C@@H]2C5
CHEMBL1622445,O=S(=O)(c1cccc(Cl)c1Cl)N1CCN(C(=S)NCCCN2CCOCC2)CC1
CHEMBL1651676,CCCNc1nc(NCc2ccc(C3CCCCC3)cc2)nc2c1ncn2CC(=O)O
CHEMBL1610853,C/C=C(/C)C(=O)O[C@@H]1c2c(ccc3ccc(=O)oc23)OC(C)(C)[C@@H]1OC(=O)/C(C)=C\C
CHEMBL4752707,CN1CCN(c2ccc(Nc3ncc4nc(Nc5ccccc5)n([C@H]5CCN(C(=O)OC(C)(C)C)C5)c4n3)cc2)CC1
CHEMBL120337,N.Nc1nc(O)c2ncn(C[C@@H]3CO[C@H](P(=O)(O)O)O3)c2n1
CHEMBL351378,CCCN1CCc2ccc(Cl)c(Cl)c2C1
CHEMBL3234887,NC(=O)c1cc(-c2ccccc2)sc1Nc1ccc(F)cn1
CHEMBL68478,N[C@@H](Cc1ccc(OCc2ccccc2)cc1)[C@H](O)C(=O)OCc1ccccc1
CHEMBL152169,CO[C@@]12O[C@H]3[C@H](O[C@@]1(OC)c1ccccc1-c1ccccc12)[C@@H](COCC(C)C)OC(OCC(=O)O)[C@H]3OCCO
CHEMBL1982359,Cc1ccccc1NC(=O)C(=O)CC(=O)c1sc(-n2nc(-c3ccccc3)cc2-c2ccccc2)nc1C
CHEMBL35698,NS(=O)(=O)c1ccc(NNC(=O)CN(CCOCCOCCN(CC(=O)O)CC(=O)NNc2ccc(S(N)(=O)=O)cc2)CC(=O)O)cc1
CHEMBL440301,CC1C2Cc3ccc(O)cc3[C@]1(C)CCN2CCc1ccccc1
CHEMBL4103707,Cc1cccc(NC(=O)c2cc(Oc3cncnc3)cc(C)n2)n1
CHEMBL248488,COc1ccc2c(c1OC)[C@@H]1[C@H]3Cc4ccccc4CN3C(C#N)[C@H](C2)N1C
CHEMBL389880,O=C(O)C1CN(Cc2ccc(OCc3cc(-c4ccccc4)c(C(F)(F)F)s3)c(F)c2)C1
CHEMBL1598897,O=C(NCc1ccc(Cl)cc1)C1CCC(CNc2c(N3CCCCC3)c(=O)c2=O)CC1
CHEMBL4281149,C[C@H](CC(=O)O)CC(=O)c1c([C@@H](O)CCCCCc2ccccc2)n(C)c2ccc(Cl)cc12
CHEMBL4159116,COP(=O)(OC)Oc1ccc(OC(=O)c2c(C)oc3c2C(=O)c2ncccc2C3=O)cc1
CHEMBL2134054,CCc1nc2ccc(C(=O)NCCc3ccccn3)cn2c1N(CCC(C)C)CCN(C)C
CHEMBL5289281,COc1ccc2nc(O)c(/C=C/C(=O)c3ccc(C)cc3)cc2c1
CHEMBL3326416,COC(=O)c1cn(-c2c(F)c(F)c(S(N)(=O)=O)c(F)c2F)nn1
CHEMBL48508,CCOC(=O)C1(Cc2cscn2)CCCN(C(=O)[C@@H](Cc2c[nH]c3ccccc23)NC(=O)C(C)(C)N)C1
CHEMBL1939753,CCN(C)C(=O)c1ccc([C@H](c2cccnc2)N2CCN(Cc3ccccn3)CC2)cc1
CHEMBL4439604,O=C(c1ccc(-c2cccc(NS(=O)(=O)C3CC3)c2)s1)c1cc(F)c(F)c(O)c1F
CHEMBL242352,FC(F)(F)Oc1ccc(Nc2nc(Nc3ccccc3)nc(N3CCOCC3)n2)cc1
CHEMBL4218211,CCCCc1ccc(C(=O)N2CCCCc3ccccc32)cc1
CHEMBL4739894,CCNc1cc(F)cc2c1[nH]c1ncc(-c3cncc(C#N)c3)c(-n3cnc(C(F)(F)F)c3)c12
CHEMBL3327160,CSc1nc2ncnc(NCC(P(=O)(O)O)P(=O)(O)O)c2cc1-c1ccsc1
CHEMBL569309,CC[C@H](C)[C@H](NC(=O)[C@@H](NC(=O)[C@H](CCCCN)NC(=O)[C@H](CC(N)=O)NC(=O)[C@@H](N)CCSC)C(C)C)C(=O)O
CHEMBL2334793,COC(=O)c1cccc(CN2C(=O)CC(c3ccccc3)Sc3ccccc32)c1
CHEMBL1427408,O=C(CSc1ccc(Cl)cc1)Nc1ccccc1N1CCN(C(=O)c2ccc(Cl)cc2)CC1
CHEMBL510124,CCc1cc(OC)c(OC)cc1CCc1cnc(N)nc1N
CHEMBL1898658,Cc1cccc(NC2=NC(N)=NC(C)(C)N2)c1C
CHEMBL1272302,COc1cccc(C2NC(c3cccc(OC)c3)C3CCCC2C32SC(NC(C)=O)=NN2C(C)=O)c1
CHEMBL591636,O=C(O)c1ccc(/N=N/c2cc3c(O)c(c2)Cc2cc(/N=N/c4ccc(C(=O)O)cc4)cc(c2O)Cc2cc(/N=N/c4ccc(C(=O)O)cc4)cc(c2O)Cc2cc(/N=N/c4ccc(C(=O)O)cc4)cc(c2O)C3)cc1
CHEMBL3654791,COC[C@@H](NC(=O)Nc1cc2[nH]nc(C3CC3(F)F)c2cn1)c1ccccc1
CHEMBL1461715,CCOC(=O)N1CCN(C(=O)CS(=O)(=O)c2cn(Cc3ccccc3C)c3ccccc23)CC1
CHEMBL5179348,COc1ccc2c(c1)[C@@H](NC(C)=O)[C@H](C)[C@@H](c1ccccc1)N2C(=O)Nc1ccc(C(F)(F)F)cc1
CHEMBL3416724,CCCC[C@H](N)C(=O)Nc1ccc(C(=O)N[C@H](C(=O)O)C(C)C)cc1N
CHEMBL1311080,O=C(O)c1cc(S(=O)(=O)NCCN2CCNC2=O)ccc1O
CHEMBL592079,CN(C)CCCNC(=O)CCNC(=O)c1cc(NC(=O)c2cc(NC(=O)c3cc(NC(=O)c4cc(NC(=O)[C@H](CCNC(=O)CCCc5ccc(N(CCCl)CCCl)cc5)NC(=O)c5nc(NC(=O)CCNC(=O)c6nc(NC(=O)c7nccn7C)cn6C)cn5C)cn4C)cn3C)cn2C)cn1C
CHEMBL2093750,CCSc1nnc2ccc(-c3ccc(CC)cc3)nn12
CHEMBL1593406,CCN(CC)C(=O)c1sc2c(c1C)c(=O)n(Cc1ccccc1)c(=O)n2CC(=O)Nc1ccc(OC)cc1
CHEMBL2398135,CC(C)C[C@@H]1NC(=O)[C@H](CCCCN)NC(=O)[C@H](CC(C)C)NC(=O)[C@@](C)(NC(=O)[C@H](Cc2ccccc2)NC(=O)[C@H](Cc2ccc(O)cc2)NC(=O)[C@H](C)NC(=O)[C@@H](N)[C@@H](C)O)CCCC/C=C/CCCC[C@@](C)(C(=O)NCC(=O)N[C@@H](CCCNC(=N)N)C(=O)N[C@@H](Cc2c[nH]c3ccccc23)C(=O)O)NC1=O
CHEMBL2165267,CC(C)C[C@H](NC(=O)[C@H](CCC(N)=O)NC(=O)[C@@H]1CCCN1C(=O)[C@H](CC(N)=O)NC(=O)[C@@H](N)CCCCN)C(=O)N[C@@H](CCCNC(=N)N)C(=O)O
CHEMBL3651325,CCc1cc(Oc2ccccc2)ccc1-c1nc(C2CCC2)n2ccnc(N)c12
CHEMBL2023993,COc1cc(Nc2nccc(N3CCC[C@H](C(=O)NCc4ccc(Cl)cc4)C3)n2)cc(OC)c1OC
CHEMBL4074906,CC(=O)OC[C@]12CC[C@H]3[C@@H](C[C@H]4O[C@]45CC=CC(=O)[C@]35C)[C@]1(O)[C@@H](OC(C)=O)C[C@@]2(O)[C@@](C)(O)[C@H]1CC(C)=C(C)C(=O)O1
CHEMBL3926088,COc1cc(CN(C)C)cc(N(CC2CC2)c2ccc3ncc(-c4cnn(C)c4)nc3c2)c1
CHEMBL555429,CC(C)[C@H](NC(=O)[C@H](CC(=O)O)NC(=O)CNC(=O)[C@H](CCCNC(=N)N)NC(=O)CCC(=O)O[C@H]1CC[C@H]2[C@@H]3CCc4cc(OCC(=O)N[C@@H](CCCNC(=N)N)C(=O)NCC(=O)N[C@@H](CC(=O)O)C(=O)N[C@H](C(=O)O)C(C)C)ccc4[C@H]3CC[C@]12C)C(=O)O
CHEMBL567075,CCN1CCN(c2cccc3c2CN([C@H](CCCNC(=O)c2cccs2)c2ccc(OC)c(OC)c2)C3=O)CC1
CHEMBL4065136,C[C@@H](O)CN1C(=O)c2c3c(c(O)c(=O)n2[C@@]12CC[C@H]1C[C@H]12)C(=O)N(Cc1ccc(F)c(Cl)c1)CC3
CHEMBL256595,O=c1[nH]cc(F)c(=O)n1C1CNc2ccccc2CO1
CHEMBL1313352,N#CC(C#N)=NNc1ccc(S(=O)(=O)N2CCCC2)cc1
CHEMBL4576266,Cn1c(=O)c2cc3cc(Cl)ccc3nc2c2c(=O)n(-c3ccccc3)c(=O)n(-c3ccccc3)c21
CHEMBL3977508,N[C@]1(C(=O)O)[C@@H]2[C@@H](C(=O)O)[C@@H]2[C@H](Sc2ncc[nH]2)[C@H]1OCc1ccc(Cl)c(Cl)c1
CHEMBL1521461,CCn1c(/C=C/c2c(C)n(CC)c3ccccc23)nc2ccccc2c1=O
CHEMBL14899,CNc1nc(Cl)c(Sc2ccccc2)c(N2CCN(C)CC2)n1
CHEMBL4961233,Oc1nc(-c2cccc(C(F)(F)F)c2)sc1-c1ccccc1
CHEMBL314483,CCO[C@@H](Cc1ccc(OCC=C(c2ccccc2)c2ccccc2)cc1)C(=O)O
CHEMBL5094231,C[C@@H](Nc1nc2c(cnn2C2CCCC2)c(=O)[nH]1)C(=O)N1CCN(C)CC1
CHEMBL1565371,Cl.Nc1nonc1C(=O)NCCNCc1cc(Br)ccc1OCc1ccccc1F
CHEMBL1907431,CCCOC(=O)NCCCN(C)C
CHEMBL5219888,O=C(NCc1cn(CCNc2nonc2/C(=N/O)NCc2cccc(Br)c2)nn1)c1ccccn1
CHEMBL3191129,CO/C(O)=C1\C(C)=Nc2c(c(=O)n(C)c(=O)n2C)C1c1ccncc1
CHEMBL1172466,CC(C)c1ccccc1-c1cc2cccc(NC(=O)Nc3ccc(C(C)(C)C)cc3)c2o1
CHEMBL4576136,O=C(O)c1cc(C2CC2)nc2c1c(C1CCCC1)nn2-c1ccc(Cl)cc1
CHEMBL3982788,CN(C)c1cccc(Oc2ccc(-c3nc4cc(C(N)=O)ccc4[nH]3)cc2)c1
CHEMBL1323773,Cc1ccc(NC(=O)Cc2nnc(SCC(=O)NC3CCCC3)n2C)cc1C
CHEMBL92203,O=C(N/C(C(=O)N1CCCCC1)=C(/Br)c1ccccc1)c1ccc(Cl)cc1
CHEMBL1865206,Cc1ccc(C(=O)NCC(=O)NCC(c2cccs2)N2CCOCC2)cc1
CHEMBL4114475,CC(C)(O)CCNC(=O)[C@@H]1C[C@H]2C[C@H]2N1C(=O)Cn1nc(C(N)=O)c2ccncc21
CHEMBL5281401,NCCCCCCN[C@H]1CS(=O)(=O)C[C@@H]1S(=O)(=O)c1ccc(Cl)c(Cl)c1
CHEMBL4992067,CCn1nc(C)c(-c2c[nH]c([C@H]3CC(=O)N(C4CCCC4)C3)n2)c1C
CHEMBL1859790,Clc1ccc(-c2nc(CN(Cc3ccccn3)Cc3ccccn3)co2)c(Cl)c1
CHEMBL319864,COc1cc(NS(C)(=O)=O)ccc1Nc1c2ccccc2nc2ccc([N+](=O)[O-])cc12
CHEMBL3741559,NCc1ccc(-c2nc3cc(Cl)ccc3c3c2CCCN3)cc1
CHEMBL361429,CC(C)C[C@@]1(C(=O)O)C[C@H](C(=O)O)[C@H](c2cccs2)N1C(=O)c1ccc(Cl)cc1
CHEMBL255060,CC(C)C[C@@H]1NC(=O)[C@H](CC(C)C)NC(=O)[C@@H]2Cc3ccccc3CN2C(=O)[C@H](CC(C)C)NC(=O)[C@H](C(C)C)NC1=O
CHEMBL4281077,CCCCn1c(=O)c2c(nc3n2CCCN3CCc2ccc(OCC(=O)NCCCNCC)cc2)n(CCCC)c1=O
CHEMBL454954,CCC(O)c1ccc2ccccc2c1
CHEMBL2172666,Cc1ncsc1C(OCCOCCO[N+](=O)[O-])c1ccccc1
CHEMBL4776435,CC(=O)c1sc(/N=C2\NC(=O)/C(=C/c3cccc([N+](=O)[O-])c3)S2)nc1C
CHEMBL5398597,C#CC(O)C#Cc1cccc(CCCCCC)c1
CHEMBL7993,CC1=C/C(=C\C#CCCO)C(=O)C(C)(O)C12CC2
CHEMBL1187855,CN(C)c1ccc2c(-c3ccc(C(N)=O)s3)c3ccc(=[N+](C)C)cc-3sc2c1
CHEMBL3108901,CC(N[C@H]1C[C@@H]1c1ccccc1)c1ccc2c(c1)OCCO2
CHEMBL3212885,Cc1cccc(/C=N/NC(=O)c2ccc(Br)cc2)c1
CHEMBL1904073,COc1ccc(OC)c(C(=O)COC(=O)CN2C(=O)NC3(CCCCC3C)C2=O)c1
CHEMBL4092164,COC(=O)Nc1ccc2c(c1)NC(=O)C/C=C/C[C@H](NC(=O)/C=C/c1cc(Cl)ccc1-n1cnnn1)c1nc-2c[nH]1
CHEMBL2235159,Oc1ccc(Nc2ccnc3cc(Cl)ccc23)cc1CN1CCOCC1
CHEMBL4964480,Cc1noc(C)c1C(=O)N[C@@H](CC(C)C)c1nnc2ccccn12
CHEMBL5005995,CC[C@H]1CC[C@H](NC(=O)c2cnc3ccccn23)CC1
CHEMBL602912,CCCCNCC(O)c1cc(C(F)(F)F)nc2c(C(F)(F)F)cccc12
CHEMBL83590,Oc1c(Cl)cc(Cl)cc1/C=N/Nc1ccccn1
CHEMBL4574649,COc1ccc(-n2ccc(O[C@H](C)COc3ccccc3)cc2=O)cc1
CHEMBL1536814,COC(=O)c1sc2nc(N3CCCCC3)c3c(c2c1N)CCCC3
CHEMBL1433697,COc1ccc(-c2nc3sc(CCNC(=O)C(=O)Nc4c(C)cccc4C)c(C)n3n2)cc1
CHEMBL1563677,Cc1ccc(Nc2nc3c(c(=O)[nH]c(=O)n3C)n2Cc2ccc(F)cc2)cc1
CHEMBL4975145,O=C(Nc1ccc(F)c(Cl)c1)C1=CCN(Cc2ccccc2F)CC1
CHEMBL3142634,O=c1nc(-n2cncn2)c(/C=C/Br)cn1[C@H]1C[C@H](O)[C@@H](CO)O1
CHEMBL3964313,O=S(=O)(Nc1ccc(F)c(Nc2ncccc2-c2ncnc3[nH]cnc23)c1F)c1cccc(C(F)(F)F)c1
CHEMBL370799,Cc1c(CCOc2ccc(C(=O)O)cc2)c2ccc(Cl)cc2n1C(c1ccccc1)c1ccccc1
CHEMBL1899252,CC1(C(=O)NS(=O)(=O)c2ccc(Cl)s2)CCN1C(=O)CCc1ccccc1
CHEMBL3264186,CC(=O)O[C@H]1C[C@H]2[C@@H]([C@H](OC(C)=O)C[C@@H]3C[C@H](NS(C)(=O)=O)CC[C@@]32C)[C@@H]2CC[C@H]([C@H](C)CCCNCCNc3ccnc4cc(Cl)ccc34)[C@@]12C
CHEMBL1890670,CC(C)CCNc1nc(N)c([N+](=O)[O-])c(NC2CCCCC2)n1
CHEMBL321048,Cc1nc(CN(C)N[C@H](C(=O)N[C@@H](Cc2ccccc2)C[C@H](O)[C@H](Cc2ccccc2)NC(=O)O[C@@H]2COC3OCCC32)C(C)C)cs1
CHEMBL216054,COc1cc(-n2nnc3cc(Oc4ccccc4)ccc3c2=O)ccc1OCCN1CCCC1
CHEMBL4519337,CN(CCCC1CCCO1)C(=O)c1cccc(N)n1
CHEMBL1501753,O=C(O)CCCNS(=O)(=O)c1ccc2ccccc2c1
CHEMBL1456739,Cc1ccccc1NC(=O)C1CCCN(C(=O)NCc2ccccc2)C1
CHEMBL2237475,Nc1ccccc1CN1C(=O)C2C3C=CC(CC3)C2C1=O
CHEMBL2000410,CN(C)c1ccc(/C=N/N=C2\C(=O)Nc3c(Cl)cc(Cl)cc32)cc1
CHEMBL1893287,Cc1ccc(-c2ccc(CN3C(CC(C)C)C(=O)N(Cc4cn(Cc5ccco5)nn4)CCS3(=O)=O)cc2)cc1
CHEMBL1504310,CC1(C)CC(=O)c2c(O)cc(OCc3ccc(Br)cc3)cc2O1
CHEMBL3799963,N#Cc1cccc(-c2csc(CCNC(=O)c3ccccc3)n2)c1
CHEMBL2109982,C[C@@H](C(=O)OC1CC2CCC(C1)N2C)c1ccccc1
CHEMBL1699777,O=C(NCc1ccc(F)cc1)C1CCC(CNc2c(N3CCCCC3)c(=O)c2=O)CC1
CHEMBL1760926,O=C(CCCCN1CCN(C(=O)c2ccccc2)CC1)NO
CHEMBL4557976,CC(=O)c1cccc(Nc2ccnc(SCC(=O)c3ccc(C(F)(F)F)cc3)n2)c1
CHEMBL1824627,Cc1c(F)cccc1Cc1c(C(=O)N2CCNCC2)c2cc(O)cnc2n1-c1ccccc1
CHEMBL1538201,Cc1cc(C(=O)CSc2nnc(-c3ccc(OC(F)F)cc3)o2)c(C)n1Cc1cccs1
CHEMBL4649532,CCOC(=O)Cn1nnc(-c2cc(C(C)C)c(O)cc2O)c1-c1cccc(NS(C)(=O)=O)c1
CHEMBL4783615,O=C1NC(=O)C(c2ccc(N3CCOCC3)cc2)=C1NCc1ccccn1
CHEMBL1864731,CN1CCN(c2cc(C(F)(F)F)nc3ccc(F)cc23)CC1
CHEMBL400169,C=CC(C)(C)c1[nH]c2ccc(C[C@@H](O)C(C)(C)Cl)cc2c1/C=C1\NC(=O)[C@H](C)NC1=O
CHEMBL481317,OC[C@H]1O[C@@H](n2cc(I)c3c(SCc4ccccc4)ncnc32)[C@H](O)[C@@H]1O
CHEMBL1886671,CS(=O)(=O)N(Cc1ccccc1)c1ccc(C(=O)NCC2CCCO2)cc1
CHEMBL4953583,CC(Oc1ccccc1Br)C(=O)N1CC2OCCN(C)C2C1
CHEMBL355818,CN(C)c1ccc(-c2nc3cc[nH]cc-3n2)cc1
CHEMBL3643427,CCC(=O)N1CC[C@H](Nc2ncnc3c2CN(c2cnc(OC)c(C)c2)CC3)C1
CHEMBL3623470,CCCSc1nc(N/N=C/c2ccccc2OC)c2nnn([C@@H]3C[C@H](O)[C@@H](O)[C@H]3O)c2n1
CHEMBL2409681,C[C@]1(CS(=O)(=O)N2CCC(Oc3ccc(Cc4ccncc4)cc3)CC2)NC(=O)NC1=O
CHEMBL57841,O=C(O)COc1ccc(CC2=C(n3ccc4ccccc43)c3ccccc3C(=O)C2=O)cc1
CHEMBL3484729,O=C1NC[C@@]2(C(=O)O)CN(Cc3cccc(Oc4ccccc4)c3)C[C@@H]12
CHEMBL3306384,O=S(=O)(O)CO
CHEMBL187439,NCCC(=O)N[C@H](Cc1ccc(Cl)cc1Cl)C(=O)N1CCN(C2(CNC(=O)Nc3ccc(Cl)cc3)CCCCC2)CC1
CHEMBL3410698,O=C(NC1CCCCC1)c1cc2cccc(OCC3CC3)c2oc1=O
CHEMBL3715954,COc1ccc(C(=O)NC(C)CCc2ccccc2)cc1C
CHEMBL4176805,C/C(=N\NC(=O)C1=C(O)c2ccccc2S(=O)(=O)N1Cc1ccccc1)c1ccc(Cl)cc1
CHEMBL407797,O=C(O)CN(CCOCCOCCN1CC23C4=c5c6c7c8c9c%10c%11c%12c%13c9c9c%14c%15c%16c%17c%18c%19c%20c%21c%22c%23c%24c(c-%11c(c2c%24c2c%11c%24c%25c(c5c5c6c(c8%14)c%15c6c%17c(c%25c56)c5c%18c%21c(c%232)c%245)C%113C1)C4C%107)C%12C%22C%201CN(CCOCCOCCN(CC(=O)O)CC(=O)O)CC%131C9C%19%16)CC(=O)O
CHEMBL462026,COc1ccccc1Sc1ccc(C#N)c(C(F)(F)F)c1
CHEMBL2380557,O=C(O)c1ccc(OCCCCCCCCCCCOc2ccc(C(=O)O)cc2)cc1
CHEMBL1091370,C=CCOc1ccc2ccccc2c1-c1c(OCC(=O)N[C@H](CC(C)C)C(=O)N[C@H](CCCNC(=N)N)C(=O)N[C@@H](C)C(=O)OCc2ccccc2)ccc2ccccc12.Cl
CHEMBL1535058,C=Cn1c(C(=O)O)cc(CC)c1-c1ccccc1
CHEMBL1096559,CC(C)C[C@H](CN)CC(=O)N[C@H]1C(O)O[C@H](CO)[C@@H](O)[C@@H]1O
CHEMBL2009818,COc1ccc(/C=C\c2cc(OC)c(OC)c(OC)c2)cc1OC(=O)NCCN(C)C
CHEMBL1484831,c1ccc(OCc2noc(CN3CC[C@@H]4CCCC[C@H]4C3)n2)cc1
CHEMBL421501,c1ccc2c(NCCCCCCNc3c4c(nc5ccccc35)CCC4)c3c(nc2c1)CCC3
CHEMBL3415282,Cc1ccc(Cn2cc(/C=N/NC(=O)Nc3nc4ccc(CN5CCC(C)CC5)cc4s3)c3ccccc32)cc1
CHEMBL3690391,O=C(NCC(F)(F)F)Nc1cccc(-c2cnc3cc(C#CCO)ccn23)c1
CHEMBL1705767,COc1ccc(NC(=O)CN(C)S(=O)(=O)c2ccc3nc(C)sc3c2)cc1Cl
CHEMBL4091518,[2H]C([2H])([2H])Oc1ccc2c(c1)C(=O)N1CCC[C@H]1c1c(C(=O)OCC(C)C)ncn1-2
CHEMBL4987313,Cc1ccc([C@H](C)NCC2(CS(C)(=O)=O)CC2)o1
CHEMBL4203527,Nc1ncnc2c1c(-c1ccc(Oc3ccccc3)cc1)cn2[C@H]1CC[C@@H](N[C@H](CO)C(=O)O)CC1
CHEMBL2381874,O=C1Nc2ccc(Cl)cc2/C1=N/NC(=S)N1CCN(c2ccc(Cl)cc2)CC1
CHEMBL1441025,Cc1nc2sc(C(c3ccc(Cl)cc3)N3CCN(CCO)CC3)c(O)n2n1
CHEMBL217429,CC(C)c1cccc2c(O)c(C(=O)O)cnc12
CHEMBL139759,CCOC(=O)CC1=Nc2c(C)nn(C)c2C2=NC(C)CN12
CHEMBL1890914,Cc1c(NC(=O)C(C)Oc2cccc(Cl)c2)c(=O)n(-c2ccccc2)n1C
CHEMBL171294,COC(=O)c1cccc2c1c(C(=O)CN1CCC(n3c(C)nc4cnccc43)CC1)cn2C(=O)N(C)C
CHEMBL3552389,CC(C)N1CCC2(CC1)CC(CC(N)=O)c1ccc(F)cc12
CHEMBL291591,CC(C)C(=O)N[C@@H](Cc1ccccc1)C(=O)N[C@@H](Cc1c[nH]cn1)C(=O)N[C@@H](CC1CCCCC1)[C@@H](O)[C@@H](O)CN=[N+]=[N-]
CHEMBL1092787,CN1C(=O)C(c2ccncc2)(c2cccc(-c3cc(F)ccc3F)c2)N=C1N
CHEMBL5268235,N=C(N)NCCC[C@H](NC(=O)[C@@H]1CCC(=O)N1)C(=O)N[C@H](CCCNC(=N)N)C(=O)N[C@@H](CCC(N)=O)C(=O)N[C@@H](CC1CCCCC1)C(=O)N[C@H]1CSSC[C@@H](C(N)=O)NC1=O
CHEMBL1461269,O=C(Cn1c(COc2ccc(Cl)cc2)nc2ccccc21)NCC(F)(F)F
CHEMBL545310,CCc1cccc(NC(=N)Nc2ccccc2Cl)c1.Cl
CHEMBL122836,CC(C(=O)NO)N(Cc1ccc([N+](=O)[O-])cc1)S(=O)(=O)C(F)(F)C(F)(F)C(F)(F)C(F)(F)F
CHEMBL4075067,CC1=C(CN2CC(C(=O)O)C2)CCc2cc(OCc3ccc(CC(C)C)cc3Cl)ccc21
CHEMBL3991375,CN(C)S(=O)(=O)N(CCN1[C@@H]2CC[C@H]1C[C@@H](c1cccc(C(N)=O)c1)C2)Cc1ccc(C(F)(F)F)cc1
CHEMBL209924,COc1cc(Br)c(CN2CCN(C(c3ccc(F)cc3)c3ccc(F)cc3)CC2)cc1OC
CHEMBL2171349,O=C(O)/C=C/c1cc2c(o1)C(=O)c1ccccc1C2=O
CHEMBL131933,Cc1cc(SCCN(C)C)c2cc3c(SCCN(C)C)cc(C)nc3c(C)c2n1
CHEMBL1307199,O=C(CSC1=Nc2ccccc2C2=NC(CC(=O)N3CCN(c4ccccc4)CC3)C(=O)N12)NCC1CCCO1
CHEMBL2332568,Cc1cc(-c2cscc2-c2cc(C)c(O)c(C)c2)cc(C)c1O
CHEMBL4440018,O=C1/C(=C/c2ccc(F)cc2)CN(c2nc(-c3ccccc3)cs2)C/C1=C\c1ccc(F)cc1
CHEMBL1420945,COc1ccc(-c2nc(-c3cc([N+](=O)[O-])ccc3C)c(-c3ccccc3)[nH]2)cc1O
CHEMBL1951288,Cc1nn(C)c(C)c1NS(=O)(=O)c1ccc(NCCN2CCN(Cc3ccccc3)CC2)nc1
CHEMBL4783738,O=C(Nc1ccc(Cl)cc1)N1CCC[C@H]1c1nc(-c2ccc(O)cc2)no1
CHEMBL3679171,CCCC(=O)c1cnc2ccc(-c3cc(F)c(O)c(Cl)c3)cc2c1N[C@H]1CC[C@H](N)CC1
CHEMBL4946227,Cn1cc(C(=O)Nc2ccc3c(c2)nc(C(C)(C)C)n3C)ccc1=O
CHEMBL1333711,CCCn1c(-c2ccc(F)cc2)nc2c(N3CCC(N(C)C)C3)nc(C)nc21
CHEMBL2431473,C[C@@]12COC(=O)[C@]1(C)[C@@H](O)[C@@]13CC(=O)O[C@@]21CC=C3CO[C@@H]1O[C@H](CO)[C@@H](O)[C@H](O)[C@H]1O
CHEMBL4529346,Cc1c(C)c(C)n(-c2ccccc2C(=O)O)c1C
CHEMBL2218938,Oc1n[nH]c2nnc(-c3c(-c4ccccc4)nn4ccccc34)cc12
CHEMBL2311934,O=[N+]([O-])c1ccccc1Nc1cc(F)cc(Cl)c1
CHEMBL396699,N#CCSc1nc2sc3c(c2c(=O)n1-c1ccc2c(c1)OCO2)CCCC3
CHEMBL4160711,COc1cccc2c(-c3ccc4c(c3O)[C@@H](C)N[C@H](C)C4)cc(-c3c(C)c(-c4ccc5c(c4O)[C@@H](C)N[C@H](C)C5)c4cccc(OC)c4c3O)c(O)c12
CHEMBL512134,O=C(OCc1ccccc1)N1CCN2C(=O)OC(c3ccccc3)(c3ccccc3)C2C1
CHEMBL540999,COc1ccc(COc2ccc3cc(CN4CCN(CC(=O)Nc5ccc6c(c5)OCC(=O)N6)CC4)ccc3c2)cc1
CHEMBL189325,COc1cc(OC)cc(-c2cc3cnc(N(CCCCOCc4ccccc4)C(C)=O)cc3nc2NC(=O)NC(C)(C)C)c1
CHEMBL3479784,Cc1nc2c(N(CCC(N)=O)CCc3ccccc3)ncnc2o1
CHEMBL1724457,CC1(C)c2[nH]c3ccccc3c2C[C@@H]2C(=O)N(Cc3ccccc3)C(=O)N21
CHEMBL3553068,Cc1cccc(CN2CC[C@@H]3[C@@H]2CCN3C(=O)c2ccoc2C)n1
CHEMBL1458538,O=C(CSc1nnnn1-c1ccc(O)cc1)c1cc2ccccc2o1
CHEMBL365869,FC(F)(F)Oc1ccccc1-c1cccc(-n2nnc(-c3ccccn3)n2)c1
CHEMBL2398033,CCn1c(-c2ccc(N3CCNS3(=O)=O)cc2)c(C#N)c2ccc(OC)cc21
CHEMBL276380,CCCCC[C@@H]1/C=C\C2C(=O)CC(O)[C@@H]2C/C=C\CCCC(=O)O1
CHEMBL484370,CCOc1ccc(C(=O)N(CCN(C)C)c2ccnc3cc4c(cc23)OCO4)cc1OCC
CHEMBL1382394,O=C(OCC(F)(F)C(F)F)c1ccccc1C(=O)Oc1ccc(F)cc1F
CHEMBL4530125,COC(=O)[C@H](CCC(=O)O)NC(=O)[C@H](CC(=O)O)NC(=O)[C@H](Cc1ccc2ccccc2c1)NC(=O)Cc1nc2cc(Cl)ccc2s1
CHEMBL3590473,Cn1cc(NC(=O)c2cnn3ccc(N[C@H]4CCCC[C@H]4N)nc23)c(C(N)=O)n1
CHEMBL1477220,Cc1noc(C)c1C(=O)OCC(=O)Nc1c(F)cccc1F
CHEMBL3609534,O=C1c2ccccc2C(=O)N1CCSC(=S)N1CCCCCC1
CHEMBL3400263,CCCc1ccc(-c2ccc(N(C[C@@H](N)[C@@H](C)CC)C(=O)[C@@H]3C[C@H]3c3ccccc3)cc2)cc1
CHEMBL1377832,COc1cccc(C2Nc3c(F)cc(Br)cc3C3C=CCC32)c1OC
CHEMBL1310534,COC(=O)C1CCN(C(=O)CCCOc2ccccc2)CC1
CHEMBL492266,Cc1ccc(C(=O)NC2CC2)cc1-c1ccc2c(OC(C)C)cncc2c1
CHEMBL4919487,CCOCCCNC(=O)Nc1nnc(N(C)Cc2ccccc2)s1
CHEMBL294867,CCn1c(NC2CCN(CCC(C#N)(c3ccccc3)c3ccccc3)CC2)nc2ccccc21
CHEMBL4785148,CC[C@H](C)[C@@H]1NC(=O)[C@H](CCC(=O)O)NC(=O)[C@@H]2CCCN2C(=O)[C@H](Cc2cnc[nH]2)NC(=O)[C@H](CC(=O)O)NC(=O)[C@H](C(C)C)NC(=O)[C@H](CC(N)=O)NC(=O)[C@@H]2CSSC[C@H](NC(=O)CN)C(=O)N[C@@H](CSSC[C@@H](C(N)=O)NC1=O)C(=O)N[C@@H](C)C(=O)N[C@@H](Cc1cnc[nH]1)C(=O)N1CCC[C@H]1C(=O)N[C@@H](C)C(=O)N2
CHEMBL1317242,COc1cccc(N2CCN(S(=O)(=O)c3cc(Br)cc4c3N(C(=O)C3CC3)CC4)CC2)c1
CHEMBL1626805,NCCC[n+]1ccc(SCC2=C(C(=O)O)N3C(=O)[C@@H](NC(=O)CSc4cc(Cl)ccc4Cl)[C@H]3SC2)cc1
CHEMBL3212720,Cc1sc(/N=C/c2c(O)ccc3ccccc23)c(C#N)c1C
CHEMBL4955804,N#Cc1ccc(COCC2CCN(CC(=O)NCc3ccc(F)cc3)CC2)cc1
CHEMBL59579,CC(C)C[C@H](NC(=O)[C@@H](NC(=O)c1cccc(OCc2ccccc2)c1)C(C)C)C(=O)N[C@@H](CO)C(=O)O
CHEMBL3436655,N#Cc1c(F)cccc1N1CCC(NS(=O)(=O)c2cccs2)CC1
CHEMBL5179856,CC(C)C[C@H](NC(=O)[C@H](CC(N)=O)NC(=O)[C@H](CC(C)C)NC(=O)[C@@H](NC(=O)[C@@H](NC(=O)[C@@H]1CCCN1C(=O)[C@H](CCCNC(=N)N)NC(=O)[C@H](CCCCN)NC(=O)[C@@H]1CCCN1)[C@@H](C)O)[C@@H](C)O)C(=O)N[C@@H](Cc1ccccc1)C(=O)N[C@@H](CCCNC(=N)N)C(=O)N[C@@H](CCCNC(=N)N)C(=O)N[C@@H](CCCNC(=N)N)C(=O)N[C@@H](CCC(N)=O)C(=O)N[C@@H](CCCNC(=N)N)C(=O)N[C@@H](CCCNC(=N)N)C(=O)N[C@@H](CCCCN)C(=O)N[C@@H](CCCCN)C(=O)N[C@@H](CCCNC(=N)N)C(=O)NCC(=O)O
CHEMBL1413576,Nc1ccccc1SC1CC(=O)N(c2ccc3c(c2)OCCO3)C1=O
CHEMBL1546648,COc1cc(OC)c(NS(=O)(=O)c2cc3nc(O)c(O)nc3cc2C)cc1Cl
CHEMBL3451215,O=C(Cc1cccnc1)NC1COc2ccccc2C1=O
CHEMBL3278458,O=C(O)/C=C/c1cnn(-c2cccc(Br)c2)n1
CHEMBL1950622,O=C(OCC1CCCN(CCc2ccccc2)C1)c1ccccc1N1C(=O)CC(Cc2ccccc2)C1=O
CHEMBL1733895,CCCN(CC(=O)Nc1ccccc1OC)C(=O)c1ccc(O)nc1
CHEMBL4906595,CCc1cc(O)nc(CN(C)Cc2csc([C@H](C)OC)n2)n1
CHEMBL3198880,Nc1nnn(CC(=O)N/N=C/c2cccc3ccccc23)n1
CHEMBL1619578,CCCCCCSc1ccc([C@H]2N[C@@](C)(C(=O)OC)[C@H]3C(=O)N(CC)C(=O)[C@@H]23)cc1
CHEMBL4099752,Cc1ccccc1C(=O)Nc1ccc(CCC(=O)O)cc1
CHEMBL2260499,C(=N/Cc1cccnc1)\c1c[nH]c2ccccc12
CHEMBL4592355,COc1ccc(/C=C/C(=O)c2cc(C)nc3ccccc23)cc1N
CHEMBL3481977,CC(=O)N1CCc2c(nc(N(C)C)nc2NCCc2cccs2)C1
CHEMBL5277662,Cn1cc(Nc2cnccc2C(=O)O)c2cccnc21
CHEMBL3675558,NC(=O)[C@H](CCC(=O)O)NC(=O)[C@H](CCC(=O)O)NC(=O)CCc1ccc(-c2cccc(C(=O)O)c2)cc1
CHEMBL274097,CCCC(=O)C(O)(Cn1cncn1)c1ccccc1Cl
CHEMBL225068,COc1cccc(Cn2c(=O)[nH]c3cc(C(=O)NCCCN4CCCCC4C)ccc3c2=O)c1
CHEMBL3477393,O=C(O)CC1COCCN1C(=O)C1(c2ccc(Cl)cc2)CCC1
CHEMBL564450,COc1cc(C2=C(c3cn(CCN4CCN(C)CC4)c4ccccc34)C(=O)NC2=O)c2occc2c1
CHEMBL1198130,CC[C@@H](N)C(=O)N1CCC[C@H]1C(=O)NCc1cccc(Cl)c1
CHEMBL3360507,O=C(O)c1cccc(Sc2ccc([N+](=O)[O-])c3nonc23)c1
CHEMBL1198094,c1ccc2c(C3CN4CCSC4=N3)csc2c1
CHEMBL1093659,CCCCCCOC(=O)CC(=O)O[C@@H]1CC[C@]2(C)[C@H]3CC[C@@H]4[C@@H]([C@]5(C)CC[C@H](C(C)(C)O)O5)CC[C@@]4(C)[C@]3(C)CC[C@H]2C1(C)C
CHEMBL3822910,CC(C)(C)C1=CC(=O)C(NCCc2ccccc2)=CC1=O
CHEMBL1364336,O=C(O)c1nn(CC(=O)N(C2CCCCC2)C2CCCCC2)c(=O)c2ccccc12
CHEMBL4963714,COC(=O)[C@@H]1C[C@H](O)CCN1C(=O)OC(C)(C)C
CHEMBL234195,N#CCCCn1c(Cn2c(=O)n(Cc3ccc(C#N)cc3)c3ccncc32)nc2ccccc21
CHEMBL3732008,O=C(NCC(c1ccccc1)N1CCOCC1)[C@H]1[C@H](C(=O)Nc2ccc(Br)cc2)[C@@H]2C=C[C@H]1C21CC1
CHEMBL1625854,N#Cc1ccc(OCC(=O)NN2Cc3ccccc3C2=N)cc1
CHEMBL376322,CC(C)(C)C1CCC(N(Cc2ccc(C(=O)NCC(=O)NO)cc2)C(=O)Nc2ccc(OC(F)(F)F)cc2)CC1
CHEMBL2018238,COc1ccc(N2C(=O)O/C(=C\c3ccc(O)c(Br)c3)C2=O)cn1
CHEMBL1997200,N#CC(NNC(=O)c1ccccc1O)c1ccc(O)cc1
CHEMBL3128292,C=CC(=O)Nc1cc(N)nc(Sc2c(OC)nc(N3CCN(CCOCCOCCOCCOC(=O)CCCC[C@@H]4SC[C@@H]5NC(=O)N[C@@H]54)CC3)nc2OC)n1
CHEMBL1342672,CCOC(=O)C1C(=O)CC(C)(O)C(C(=O)OCC)C1c1ccc(Br)cc1
CHEMBL353760,CN[C@H](CC1CCCCC1)C(=O)N1CCC[C@H]1C(=O)N[C@@H](CCCN=C(N)N)C(=O)c1nc2ccccc2s1
CHEMBL494939,COCCN1C(=O)/C(=C\c2ccc(-c3ccc(Cl)cc3)o2)S/C1=N/c1ccccc1
CHEMBL1089179,O=C(CCCCCCC(=O)Nc1cccc(Cl)c1)NO
CHEMBL410672,CC(=O)N[C@@H](Cc1ccc(O)cc1)C(=O)N[C@@H](CCCN=C(N)N)C(=O)N[C@@H]1CSSC[C@H](C(N)=O)NC(=O)[C@@H](Cc2c[nH]c3ccccc23)NC(=O)[C@H](CCCN=C(N)N)NC(=O)[C@@H](Cc2ccccc2)NC(=O)[C@H](Cc2c[nH]cn2)NC(=O)[C@@H](CCC(=O)O)NC1=O
CHEMBL4581594,CC(C)(C)c1ccccc1NCc1cc([N+](=O)[O-])ccc1O
CHEMBL16736,CCN1CCN(C2=Nc3ccc(C(C)C)cc3CC=C2c2ccccc2)CC1.O=C(O)/C=C/C(=O)O
CHEMBL138083,c1ccc(CN2CCC3(CC2)OCCc2ccccc23)cc1
CHEMBL5199074,Cc1ccc(C(=O)NCCOCCN(C)C(=O)C[C@@H]2N=C(c3ccc(Cl)cc3)c3c(sc(C)c3C)-n3c(C)nnc32)cc1N1CCC(=O)NC1=O
CHEMBL582560,CCc1cn(CCS(C)(=O)=O)c2ccc(C(=O)N[C@@H](Cc3ccccc3)[C@H](O)CNC(C)(C)CCCC(C)C)cc12.O=CO
CHEMBL5314105,CN1CCN(C(=O)c2ccc(CNc3cc(-n4cccn4)nc(N)n3)cc2)CC1
CHEMBL2269904,CC1=C2C3=CC[C@@H]4[C@@]5(C)CC[C@H](O)[C@@](C)(CO)[C@@H]5CC[C@@]4(C)[C@]3(C)CC[C@@]2(C(=O)O[C@@H]2O[C@H](CO)[C@@H](O)[C@H](O)[C@H]2O)CC[C@H]1C
CHEMBL524993,CN(C)CCOc1cccc2c1ccc1c(C#N)cc(C(=O)c3ccccc3)n12
CHEMBL5177508,FC(F)(F)c1nccc(O[C@H]2CC[C@@H](Nc3ccc4nnc(Cl)n4n3)CC2)n1
CHEMBL582376,CC1CN(c2cnn(Cc3cccc(NC(=O)Nc4ccc(F)cc4[N+](=O)[O-])c3)c(=O)c2Cl)CC(C)N1.O=C(O)C(F)(F)F
CHEMBL5395235,O=C(O)c1ccc2c(c1)c(C(=O)O)cn2CCc1cn(Cc2ccc(Cl)cc2Cl)c2ccccc12
CHEMBL3618030,Cc1nc2c(cnn2-c2ccccc2)c(=O)n1-c1ccc(F)cc1
CHEMBL248326,CC(Oc1cccc(CCN(CCCOc2ccccc2)c2nc3ccccc3o2)c1)C(=O)O
CHEMBL6859,CCCOc1noc2c1CNCC2.Cl
CHEMBL3905032,COc1ccc(Nc2cc(NC3CC3)n3ncc(/C=C4\NC(=O)NC4=O)c3n2)cc1Cl
CHEMBL4100443,COc1ccc(C2CCCN(c3cc(-c4ccccn4)nc4ncnn34)C2)cc1
CHEMBL598277,CC1=C(C(=O)OC(C)C)C(c2ccc([N+](=O)[O-])cc2)C2=C(CC(C)(C)CC2=O)N1
CHEMBL120304,NC(=O)Nc1ccc(S(=O)(=O)Nc2ccc(S(N)(=O)=O)cc2)cc1
CHEMBL1467934,COc1ccc(N2C(=O)/C(=C/N(C)C)NC2=S)cc1
CHEMBL1984408,Cc1cccc(N2C(=O)C(=O)C(c3nc4ccccc4s3)/C(=N/NC(=S)NN)C2=O)c1C
CHEMBL5205624,CC[C@H](NC(=O)[C@H](C)NC(=O)[C@@H](NC(=O)[C@@H](NC(=O)[C@H](CCCCN)NC(C)=O)[C@@H](C)CC)[C@@H](C)O)C(=O)C(=O)NC1CC1.Cl
CHEMBL298356,CS(=O)(=O)c1ccc(C2=C(c3ccc(F)cc3)C(=O)N(c3ccccc3)C2)cc1
CHEMBL2010952,CCCN(c1ccc(C(=O)O)cc1)S(=O)(=O)c1ccc(C)cc1
CHEMBL4649550,Cc1noc(N2C[C@H]3CC[C@@H](C2)[C@@H]3Nc2nc3c(OCC(F)(F)F)ccc(C(F)(F)F)n3n2)n1
CHEMBL433083,CN(C)CC1OCc2c1ccc(O)c2O
CHEMBL2153728,CC[C@H](C)[C@@H]1NC(=O)[C@H](Cc2ccc(O)cc2)NC(=O)[C@H](CC(=O)O)NC(=O)CCc2cccc3c2oc2c(cccc23)CCNC(=O)[C@H](CC(=O)O)NC(=O)[C@H](CC(=O)O)NC(=O)[C@H](CCCCN)NC1=O
CHEMBL1591,CN(C)[C@@H]1C(O)=C(C(N)=O)C(=O)[C@@]2(O)C(O)=C3C(=O)c4c(O)ccc(Cl)c4[C@@H](O)[C@H]3C[C@@H]12
CHEMBL4906738,COCc1nc(C2CC2)nn1-c1ccc(Cl)cc1C
CHEMBL4743911,CC1(C(=O)N2CCC[C@@H](c3nc(-c4ccc(C(=O)Nc5cc(OC(F)(F)Cl)ccn5)cc4F)c4c(N)nccn34)C2)COC1
CHEMBL1572535,Cc1ccc(N2CCN(CC(O)COc3cccc(C)c3)CC2)cc1
CHEMBL3198339,COc1ccc(-n2c(C)cc(/C=N/Nc3nnc(C)n3N)c2C)cc1.Cl
CHEMBL1080401,N=C(N)NCCC[C@H](NC(=O)OCc1ccccc1)C(=O)c1nccs1
CHEMBL2063262,CCOC(=O)c1[nH]c2ccc(Cl)cc2c1C1(c2ccccc2)CC1
CHEMBL478683,CCOC(=O)N1CCC(N(Cc2cccc([N+](=O)[O-])c2)C(=O)N(C)C)CC1
CHEMBL3436680,COc1ccccc1OCCNc1snc(Cl)c1C#N
CHEMBL1081651,Cc1cc(C#N)cc(C(=O)c2c(C(C)C)c(=O)[nH]c(=O)n2Cc2cc(N)nc(F)c2)c1
CHEMBL5409872,CCN(c1ccc(OCCCCC(=O)N[C@H](C(=O)N2C[C@H](O)C[C@H]2C(=O)N[C@@H](C)c2ccc(-c3scnc3C)cc2)C(C)(C)C)cc1)S(=O)(=O)C1CC2OC1C(c1ccc(O)cc1)=C2c1ccc(O)cc1
CHEMBL3609888,CC(=O)OC[C@@]12[C@@H](OC(C)=O)CC[C@@H](C)[C@@]13C[C@@H]([C@H](OC(C)=O)[C@H]2OC(=O)c1ccccc1)C(C)(C)O3
CHEMBL4165757,Cn1cnc(S(=O)(=O)N2C[C@H](C(=O)Nc3cccc(OC(F)(F)F)c3)[C@@H](c3ccc(F)cc3)C2)c1
CHEMBL3810462,NCCCn1c2c(c3ncccc3c1=O)C(=O)c1ccccc1-2
CHEMBL4540504,c1ccc(C(c2ccccc2)N2CCN(Cc3ccc4c(c3)OCCO4)CC2)cc1
CHEMBL1098701,Fc1cccc(O/N=C2\C=C(C#Cc3ccccn3)CCC2)n1
CHEMBL1728301,CCN(CC)c1ccc(CN(C(=O)c2cc(=O)c3ccccc3o2)C2CCS(=O)(=O)C2)cc1
CHEMBL1164827,COc1ccc(C(=O)c2ccc(/N=C/c3ccc(C(F)(F)F)cc3)cc2)c(OC)c1
CHEMBL3884732,Clc1ccc2c(N3CCN(CCN4CCCCCC4)CC3)ccnc2c1
CHEMBL1699393,Cc1ccc(CNC(=O)c2cc(-c3ccccc3C)nn2CC2CC(c3cccnc3)=NO2)cc1
CHEMBL3103371,O=C(N1CCCCC1)N1c2ccccc2C=Cc2ccccc21
CHEMBL3414594,COc1ccccc1-c1cc2c(NCc3ccccn3)ncnc2s1
CHEMBL335828,c1cc2c(cn1)C1N3CCCC1(CC3)C2
CHEMBL2012033,CS(=O)(=O)c1ccc(Oc2ccc(Nc3nccc(N)n3)cc2)cc1
CHEMBL576271,CN(C)CCOc1ccc2[nH]c(C(=O)N3CC(CCl)c4c3cc([N+](=O)[O-])c3cccc([N+](=O)[O-])c43)cc2c1
CHEMBL1452906,CCCN=C(S)Nc1ccc(Cl)cc1C
CHEMBL155660,CCN(CC)c1ccccc1C[S+]([O-])c1nc2c(n1-c1ccccn1)CCC2
CHEMBL1802879,O=c1c2c([nH]c3cc(C(F)(F)F)ccc13)CCCC2
CHEMBL489065,O=C(NCCc1ccccc1)C(c1ccc(O)cc1)(c1ccc(O)cc1)c1ccc(O)cc1
CHEMBL1767423,CNc1nc(=O)ccn1[C@@H]1O[C@H](COP(=O)(O)O)[C@@H](O)[C@H]1O
CHEMBL1550668,CCOc1ccc(C(=O)NCC(=O)OCC(=O)Nc2ccccc2OCC)cc1
CHEMBL445027,CCc1ccc(S(=O)(=O)N[C@@H]2c3cc(NC(=O)[C@H]4CCCN4Cc4ccc(C(F)(F)F)cc4)ccc3CC[C@H]2O)cc1
CHEMBL3805141,CSCC[C@@H](C#N)NC(=O)[C@H](Cc1ccccc1)NC(=O)OC(C)(C)C
CHEMBL5428123,Oc1cc(OCc2ccccc2)ccc1CNc1ccccc1
CHEMBL321215,O=C(NC(c1ccccc1)c1ccccc1)[C@@H]1CCCN1/C(S)=N/Cc1ccccc1[N+](=O)[O-]
CHEMBL5288090,O=C(NN1C(=O)C(Cl)C1c1ccccc1Cl)c1cc(O)c(O)c(O)c1
CHEMBL4214915,CC[C@@H](C(=O)[C@@H](C)[C@@H](O)[C@H](C)[C@@H]1O[C@@H]([C@@H](CC)C(=O)[O-])CC[C@@H]1C)[C@H]1O[C@]2(C=C[C@H](NC(=O)/C=C/c3ccccc3)[C@]3(CC[C@@](C)([C@H]4CC[C@](O)(CC)[C@H](C)O4)O3)O2)[C@H](C)C[C@@H]1C.[Na+]
CHEMBL535108,O=C(NCCCN1CCC(Cc2ccccc2)CC1)c1cc2c(Cl)nc3ccccc3c2s1
CHEMBL2146725,CC(C)(C)c1ccc(-c2cc(CC(=O)O)ccc2C(c2ccc(F)cc2)N2CCC(C(F)(F)F)CC2)cc1
CHEMBL4285102,COc1ccc(-c2nc(SC)ncc2C(=O)Nc2c(Cl)cncc2Cl)cc1OC
CHEMBL4167510,CC(C)(C)OC(=O)NCCOc1cc(C(=O)NCC(=O)O)ccc1NC(=O)c1cc(Br)c(Br)[nH]1
CHEMBL3926610,COc1ccc(-c2cnc(N)nc2-c2ccccc2)cc1OC
CHEMBL4914562,NC(=O)Cn1cc2c(n1)[C@@H](NS(=O)(=O)c1ccccc1Cl)CCC2
CHEMBL300344,Cc1ccnc(NS(=O)(=O)c2ccc(F)cc2)n1
CHEMBL2372308,CCC1(CC)CC(=O)N[C@@H](Cc2ccc(OC)cc2)C(=O)N[C@@H](Cc2ccccc2)C(=O)N[C@@H](CCC(N)=O)C(=O)N[C@@H](CC(N)=O)C(=O)N[C@H](C(=O)N2CCC[C@H]2C(=O)N[C@@H](CCCN=C(N)N)C(=O)NCC(N)=O)CSS1
CHEMBL2086928,CCCCOC(=O)NS(=O)(=O)c1sc(CC(C)C)cc1-c1cccc(CN(Cc2cccnc2)C(=O)c2ccccc2)c1
CHEMBL2152432,N=C(N)c1ccc(CNC(=O)[C@@H]2CCCN2C(=O)[C@H](Cc2ccccc2)NCCc2ccccc2)cc1
CHEMBL99985,Cc1cn2c(/C=N/N=C(N)N)c(Cl)nc2s1
CHEMBL1907802,CC1=C(C(=O)O)N2C(=O)C(NC(=O)[C@@H](N)c3cc4c(Cl)cccc4s3)C2SC1
CHEMBL64203,CCCCCCCCCCCCCCCCCC(=O)NCC(COP(=O)([O-])OCC[N+](C)(C)C)OCCCCCCCCCCCCCC
CHEMBL1229068,COC(=O)[C@@H](N)[C@@H](C)O
CHEMBL2071222,FC(F)(F)C(F)(F)C(F)(F)C(F)(F)C(F)(F)C(F)(F)C(F)(F)C(F)(F)CCn1cc(COc2ccccc2-c2nc3ccccc3s2)nn1
CHEMBL4295080,O=C(N1CCN(c2ncnc3ccccc23)CC1)C1(c2ccc(Cl)cc2)CCNCC1
CHEMBL3601761,O=C1NC(=S)NC(=O)C1=CNc1cc([N+](=O)[O-])ccc1C(=O)O
CHEMBL4104325,COc1ccccc1CCNC1CCc2c(sc3ncn(Cc4cccc(-c5ccccc5)c4)c(=O)c23)C1
CHEMBL2408676,COc1ccc([C@@H]2c3c(OC)cc(OC)cc3C(C(O)c3ccc(Cl)cc3)[C@H]2c2cc(OC)cc(OC)c2)cc1
CHEMBL319894,COc1cc2ncnc(N3CCN(/C(S)=N\Cc4ccccc4)CC3)c2cc1OC
CHEMBL2136132,O=C(CC1CCC1)Nc1cccc2c([N+](=O)[O-])cccc12
CHEMBL4129472,Cn1cc(C2c3ccc(Cl)cc3C=Cc3sc(N4CCCCC4)nc32)c(=S)[nH]c1=O
CHEMBL221019,Cc1ccc(C(=O)Nc2cccc(C(F)(F)F)c2)cc1C#Cc1cnc2ccccc2n1
CHEMBL1522030,COC(=O)[C@@H]1C[C@@H]2CC[C@@H](O)C[C@@H]2N1Cc1ccc(N2CCOCC2)cc1
CHEMBL550544,Nc1ccccc1-c1ccc(C(=O)NC2CCCC2)[nH]1
CHEMBL519715,COc1cc(Nc2ncc3c(C)nc(-c4ccccc4)n3n2)cc(OC)c1OC
CHEMBL5308813,COC1CN(C(=O)c2cc(-c3ccccc3)nn2C)CC1Cc1cc(C)no1
CHEMBL5440666,CCCOc1ccc(NS(=O)(=O)c2cccc3ccccc23)c(C(=O)NCc2ccccc2)c1
CHEMBL1372286,O=C(Nc1ccc(F)cc1)Nc1ccc(Cl)cn1
CHEMBL464277,CCCCCCCC(=O)O[C@]12C=CC(O)C[C@H]1OCC2
CHEMBL2047868,CCCS(=O)(=O)Nc1ccc(F)c(NC(=O)Nc2cc(NC)ncn2)c1F
CHEMBL1605912,COc1ccc(-c2noc(C3CCCN(C(=O)c4ccc(F)cc4)C3)n2)cc1
CHEMBL446254,COC(=O)C1=CO[C@@H](O[C@@H]2O[C@H](CO)[C@@H](O)[C@H](O)[C@H]2O)[C@H]2[C@@H]1C=C[C@@]21C=C(C(=O)c2ccc(O)c(OC)c2)C(=O)O1
CHEMBL2111857,O=C(Cc1ccc(Cl)c(Cl)c1)N1CCCC[C@@H]1CN1CCCC1
CHEMBL3322009,CC[C@H](C)[C@H](N)C(=O)N[C@@H](CCCCN)C(=O)N1CCC[C@H]1C(=O)O
CHEMBL1424052,CCOC(=O)N1CCN(C(=O)C2CCN(S(=O)(=O)CC)CC2)CC1
CHEMBL279684,CC(NC(=O)c1ccccc1)c1ccc(N)cc1
CHEMBL1699107,CCN(CC(=O)Nc1c(F)cccc1F)C(=O)c1cc(S(=O)(=O)N(CC)CC)ccc1N1CCCCC1
CHEMBL88360,O=c1[nH]c(=O)n([C@H]2CS[C@@H](CO)O2)cc1F
CHEMBL5436694,O=C(Nc1ccc(Cl)cc1)N1CCN(CCN2C(=O)c3cccc4cccc(c34)C2=O)CC1
CHEMBL4945503,Cc1ccc(-n2nc3c(N4CCN(C(=O)Nc5ccc(C)c(F)c5)CC4)nnc(C)c3c2C)cc1
CHEMBL2008970,Cc1nc(=O)n2c(c1C(=O)Nc1ccc(Cl)cc1)NCCC2
CHEMBL3397509,C=CCCn1c2c(n3ccnc3c1=O)Cc1c(-c3cccnc3)cccc1-2
CHEMBL1892739,COc1ccc(NS(=O)(=O)c2cc(C(=O)NNC(=O)c3ccncc3)ccc2OC)c(OC)c1
CHEMBL1180046,C[S+](C)CCC(=O)Nc1ccc(O)cc1
CHEMBL4750173,CCN(CC)CCNc1nc(/C=C/c2ccc([N+](=O)[O-])cc2)nc2ccc(Cl)cc12
CHEMBL5207652,CCOc1ccc(C(=O)NNc2ccc(Br)cc2)cc1
CHEMBL547092,CC(=O)Nc1sc(C)c(C)c1CN1CCc2ccccc2C1
CHEMBL3109472,CCOC(=O)CC[C@@]1(C)[C@H]([C@@](C)(O)CO)CC[C@]2(C)[C@@H]1CC[C@@H]1[C@@H]([C@]3(C)CC[C@H](C(C)(C)O)O3)CC[C@]12C
CHEMBL3735904,C[C@@]12CCO[C@@H]1OO[C@@](C)(C1CCCC1)C2
CHEMBL3958630,CC(=O)c1c(C)c2cnc(Nc3ccc(N4CCN(C(=O)OCC(C)C)CC4)cn3)nc2n(C2CCCC2)c1=O
CHEMBL4435048,N#C/C(=C\c1cc(O)c(O)c([N+](=O)[O-])c1)C(=O)N1CCCOC1
CHEMBL1970173,CCCCCC(O)(CCCCC)CCCCCCCCC1=C(O)C(=O)c2ccccc2C1=O
CHEMBL1741633,NCC[C@@H](N)CSP(=O)(O)O
CHEMBL129528,CC(C)c1nc2ccccc2n1Cc1ccc(-c2ccccc2-c2nn[nH]n2)cc1
CHEMBL481669,N#Cc1ccc(N2C[C@@H]3[C@H](C2)[C@H]3NCC(=O)N2C[C@@H](F)C[C@H]2C#N)c(Cl)c1
CHEMBL91127,CCOC(=O)CCc1ccc2[nH]c3nc(O)nc-3cc2c1
CHEMBL351381,COc1cccc(F)c1C1OC(=O)NC1=O
CHEMBL16824,Cc1c(Sc2cccc([N+](=O)[O-])c2)n(COCCO)c(=O)[nH]c1=O
CHEMBL205462,CCN(CCCCO)C(=O)N(CC)c1ccc(C(O)(C(F)(F)F)C(F)(F)F)cc1
CHEMBL2440401,Cc1ccc(S(=O)(=O)N/N=C/c2cn(CC(=O)Nc3ccc(C)c(C)c3)c3ccccc23)cc1
CHEMBL3286525,Clc1ccc(Nc2nc(-c3ccccc3)c3ccccc3n2)cc1
CHEMBL3946882,CC(=O)N1CCN(c2cc(Cl)ccc2CN2CCN(C(=O)OC(C(F)(F)F)C(F)(F)F)CC2)CC1
CHEMBL1462743,CCC(Sc1nc(C)cc(C)n1)C(=O)O
CHEMBL1188778,COc1cccc2c1CC[C@H](N1CCCC1)[C@H]2N(C)C(=O)Cc1ccc(Br)cc1
CHEMBL573454,Cc1cccc(Nc2nc(Cc3cc[n+]([O-])cc3)cs2)c1
CHEMBL3691620,CN(C)C(=O)c1cc2cnc(Nc3ccc(N4C[C@H]5CNC[C@H]5C4=O)cn3)nc2n1C1CCCCCC1
CHEMBL1964562,CC1(C)C=C(N2CCN(C3=CC(C)(C)NC(C)(C)C3)CC2)CC(C)(C)N1
CHEMBL604066,Cc1nn(C)c2ncc3c(c12)C(=O)N(c1ccc([N+](=O)[O-])cc1)C3=O
CHEMBL1542628,COC(=O)c1cn(C(=O)c2cc(OC)cc(OC)c2)c2ccccc12
CHEMBL5084072,CCOc1cccc(-c2ccc3c(-c4cccc(CC)c4)n[nH]c3c2)c1
CHEMBL1315530,O=c1c(-c2ccccc2)nc2cnc(N3CCOCC3)nc2n1-c1ccccc1
CHEMBL1096887,O=C(NCCNC(=O)c1nc(NCC(c2ccccc2)c2ccccc2)c2ncn([C@@H]3O[C@H](CO)[C@@H](O)[C@H]3O)c2n1)NCCN1CCCCC1
CHEMBL3585949,Cc1ccc(NC(=O)[C@@H]2C[C@@]2(COc2cnc(C)nc2C)c2ccccc2)nc1
CHEMBL2094025,CC[C@@H](N)Cc1cc(OC)c(C)cc1OC.Cl
CHEMBL4168700,COc1cccc(Cn2cc(CNC(=O)[C@@H](C)CC[C@H]3O[C@H]4C[C@H]5[C@@H]6CC[C@@H]7C[C@@H](OCc8ccccc8)CC[C@]7(C)[C@H]6CC[C@]5(C)[C@H]4[C@@H]3C)nn2)c1
CHEMBL572597,CN(c1ccc(NC(=O)C2CCCCC2)cc1OCc1cc(Cl)ccc1Cl)S(C)(=O)=O
CHEMBL314863,COc1ccc(-c2cc3c(OC)cc(OC)cc3n(CC#N)c2=O)cc1
CHEMBL403323,O=C(/C=C/c1ccc(CN(CCO)CCc2cc3ccccc3[nH]2)cc1)NO
CHEMBL5307160,O=S(=O)(NC1CC1)c1ccc(S(=O)(=O)N2CCc3ccccc3C2)cc1
CHEMBL527316,CC(C)NCc1ccc(-c2cccc(-c3nc4cc(F)ccc4[nH]3)c2)cc1
CHEMBL1977810,CN(C)CCNC(=O)c1cccc2c1nc(-c1cccnc1)c1ccccc12.Cl
CHEMBL63377,CC(C)N1C(=O)Nc2ccccc2C12NC(=O)NC2=O
CHEMBL4214550,COC(=O)c1ccc(OCCCCCCCCCCCCC[P+](c2ccccc2)(c2ccccc2)c2ccccc2)cc1C.[Br-]
CHEMBL338956,CO[C@H]1[C@@H](N(C)C(=O)c2ccccc2)C[C@@H]2O[C@@]1(C)n1c3ccccc3c3c4c(c5c6ccccc6n2c5c31)C(=O)N[C@@H]4O
CHEMBL575104,COc1cc(C)cc(-c2nn(CC#N)cc2-c2ccnc(-c3ccccc3C(C)=O)c2)c1
CHEMBL384425,CNc1nc(N=[N+]=[N-])nc2c1ncn2[C@@H]1O[C@H](CO)[C@@H](O)[C@H]1O
CHEMBL277103,CC1(c2ccc(C(=N)N)cc2)NC(=O)N(CC(=O)N[C@@H](CC(=O)O)C(=O)N[C@H](C(=O)O)c2ccccc2)C1=O
CHEMBL3593804,CC(=O)Nc1ccccc1COc1ccc(-c2ccc(-c3nc4c(C(=O)O)cc(C)cc4[nH]3)cc2)cc1
CHEMBL3329954,C[C@]1(CO)[C@H]2CC[C@@]3(CO3)[C@@H](C/C=C3/C(=O)OC[C@H]3OC(=O)CCl)[C@]2(C)CC[C@H]1O
CHEMBL4282508,CC[C@H](C)[C@H](NC(=O)[C@H](CSCC[P+](C)(C)C)NC(=O)[C@@H](NC(=O)[C@@H](NC(=O)[C@H](CSCC[P+](C)(C)C)NC(=O)[C@@H](NC(=O)[C@@H](NC(=O)[C@@H](N)CSCC[P+](C)(C)C)[C@@H](C)CC)[C@@H](C)CC)[C@@H](C)CC)[C@@H](C)CC)C(=O)N[C@H](C(=O)N[C@@H](CSCC[P+](C)(C)C)C(N)=O)[C@@H](C)CC.O=C([O-])C(F)(F)F.O=C([O-])C(F)(F)F.O=C([O-])C(F)(F)F.O=C([O-])C(F)(F)F
CHEMBL5440719,CCCSc1nnnn1C
CHEMBL4463872,CCOC(=O)N1CCC2(CC1)C[C@H](NC(=O)c1cccc3cn[nH]c13)c1ccccc1O2
CHEMBL48003,COc1ccc2c(c1)CC[C@H](c1ccccc1)[C@@H]2NC(=O)C(c1ccccc1)c1ccccc1
CHEMBL1710879,Cn1cc(/C=C(\NC(=O)c2ccccc2)C(=O)N2CCOCC2)c2ccccc21
CHEMBL4746146,CNC(=O)C[C@@H](NC(=O)[C@@H](CCc1ccccc1)NC(=O)c1c(C)noc1-c1snnc1C)c1ccc(C(F)(F)F)cc1
CHEMBL3233786,O=C(/C=C/CN1CCC(F)CC1)Nc1cc2c(Nc3ccc(F)c(Cl)c3)ncnc2s1
CHEMBL1883762,Cc1ccc(/C=C/C(=O)OCC(=O)NCc2cccs2)o1
CHEMBL4637811,CC(C)CN(C[C@@H](O)[C@H](Cc1ccccc1)NC(=O)N1CCOCC1)S(=O)(=O)c1ccc(N)cc1
CHEMBL522748,CCc1c(C)nc(N2C(=O)CSC2c2c(Cl)cccc2Cl)nc1C
CHEMBL1208421,Nc1ccn([C@@H]2O[C@H](COP(=O)(O)NCCCC(C(=O)O)C(=O)O)C[C@H]2O)c(=O)n1
CHEMBL1408077,CC(C)(C)P(=O)(CO)c1ccccc1
CHEMBL1312802,Cc1nc2cc(NN=C3C(=O)CCCC3=O)ccc2s1
CHEMBL3234871,N#Cc1ccc(CCNC(=O)[C@@H]2CCN2c2cc(-c3ccc([C@H]4CC[C@H](C(=O)O)CC4)cc3)nc(C(F)(F)F)n2)cc1
CHEMBL1379465,CCCC(=O)OCC(=O)Nc1ccc2c(c1)OCO2
CHEMBL5289874,CC1(C)OC[C@@H](C(=O)N[C@@H](Cc2c[nH]c3ccccc23)C(=O)NCC(N)=O)N1C(=O)[C@H](Cc1ccccc1)NC(=O)[C@@H](N)Cc1ccccc1
CHEMBL1171262,COc1c2c(c(O)c3c4c(c(C)cc13)[C@@H]1O[C@@]3(C(OC)OC)O[C@@H]1[C@@](O[C@H]1C[C@@H](O)[C@@](O)(C(C)=O)[C@H](C)O1)(O4)[C@@]31CO1)C(=O)[C@@H](O)C[C@@H]2O[C@H]1C[C@@](C)(O)[C@H](O)[C@H](C)O1
CHEMBL1330296,COc1ncc2nc(-c3cccc(C#N)c3)c(=O)n(CCC#N)c2n1
CHEMBL4916980,O=C(CCC(F)(F)F)N[C@H]1CCCN(C2CCCCCC2)C1
CHEMBL3287766,COc1cc(C2=NN(C(C)=O)C(c3cc(OC)c(OC)c(OC)c3)C2)cc(OC)c1OC
CHEMBL3479415,CC(C)N1CC2(CCCN(c3ccnc4ccccc34)C2)CCC1=O
CHEMBL383055,COc1ccc2c(c1)c(=O)c(C(=O)O)cn2COCCO
CHEMBL3230621,CC[n+]1cccc2cc(NC(=O)c3ccc(NC(=O)c4ccc(C(=O)Nc5ccc6c(ccc[n+]6CC)c5)cc4)cc3)ccc21.Cc1ccc(S(=O)(=O)[O-])cc1.Cc1ccc(S(=O)(=O)[O-])cc1
CHEMBL3427793,CC(C)C[C@@H]1NC(=O)[C@H](Cc2ccc(O)cc2)N(C)C(=O)[C@H]2CCCN2C(=O)[C@H](CC(C)C)NC(=O)[C@H](CC(C)C)N(C)C(=O)[C@@H](CC(C)C)NC1=O
CHEMBL5193321,COc1ccc(CCc2nc3cc(-c4c(C)noc4C)ccc3n2[C@H]2CC[C@H](OC)CC2)cc1Cl
CHEMBL173322,CC[C@H](NC(=O)[C@@H](N)CC(=O)O)C(=O)OC
CHEMBL1096145,N#C/C(=C\c1ccc(O)cc1)C(=O)NCCCNC(=O)/C(C#N)=C/c1ccc(O)c(O)c1
CHEMBL518893,Cc1ccccc1N1CCN(Cc2ccc3oc(=O)cc(N4CCN(c5ccccc5C)CC4)c3c2)CC1
CHEMBL1191986,CN1CCN(c2nnc(-c3ccccc3)c3ccccc23)CC1
CHEMBL80939,O=C(O)[C@@H]1C=CCn2c(=O)n(CS)c(=O)n21
CHEMBL175228,Cc1[nH]c([C@@H](Cc2cn(C)c3ccccc23)NC(=O)[C@H](CC(C)C)OC(=O)NC2CCCCC2)nc1C(=O)O
CHEMBL40074,C/C(=C(\F)C(=O)Nc1ccc(-c2ccccc2S(N)(=O)=O)cc1)c1ccc(F)c(C(=N)N)c1
CHEMBL4524566,CCCCC/C=C/C1=C(CO)C(=O)[C@H]2O[C@@]2(C/C=C(\C)C(=O)O)C1=O
CHEMBL1910335,Clc1cc(-c2cn3cc(Cl)sc3n2)c(Cl)s1
CHEMBL4466922,Cc1cccn2c(=O)c3cc(C(=O)NCCCN4CCOCC4)c(=N)n(CCOc4ccccc4)c3nc12
CHEMBL3085924,CN(Cc1ccccc1)C(=O)C1CCN(C(=O)c2cc3ccccc3n2Cc2ccc([N+](=O)[O-])cc2)CC1
CHEMBL3586364,CC(C)CC(=O)C[C@@H](C)[C@H]1CC[C@H]2C3=C[C@H]4OC[C@H]5O[C@@H](O[C@H]6[C@@H](OC[C@H](O)[C@@H]6O)O[C@H]6[C@H](O[C@H]7CC[C@@](C)([C@@H]4C7)[C@H]3CC[C@]12C)O[C@H](C(=O)O)[C@@H](O)[C@@H]6O)[C@H](O)[C@@H](O)[C@@H]5O
CHEMBL59387,NC(=O)N(O)Cc1ccoc1
CHEMBL4551391,N=C(N)NC(=O)c1nc(-c2ccc3c(c2)CCO3)c(N)nc1N
CHEMBL5422656,O=C(NC1CCN(c2cnc(-c3ccccc3)c(-c3ccccc3)n2)CC1)c1ccccc1
CHEMBL1309323,Cc1cccc(OCCn2c(=O)n(C)c3ccccc32)c1
CHEMBL164538,CC(C)C[C@H](NC(=O)[C@H](CC(=O)O)NC(=O)OC(C)(C)C)C(=O)N[C@@H](CC(F)F)C(=O)C(=O)O
CHEMBL1933981,CC[C@H](CO)NC(=O)c1ccc2ccccc2c1
CHEMBL5313629,CCc1ccc(NC(=O)C2CC3(C2)CS(=O)(=O)C3)cc1C
CHEMBL4944353,CN1CCN(c2nc(CS(=O)(=O)c3ccccc3)cs2)CC1
CHEMBL2338650,CCOP(=O)(OCC)[C@H]1C[C@H](C(=O)Nc2ccc(C(C)=O)cc2)ON1C
CHEMBL2386548,N=C(N)NCCC[C@H](NC(=O)[C@H](Cc1c[nH]c2ccccc12)NC(=O)CCCC(=O)Nc1cccc(CN(Cc2ccccn2)Cc2ccccn2)n1)C(=O)N[C@@H](Cc1c[nH]c2ccccc12)C(=O)N[C@@H](CCCNC(=N)N)C(=O)OCc1ccccc1
CHEMBL2283284,CC1=C(C(=O)Nc2ccccc2)C(c2ccc([N+](=O)[O-])cc2)n2c(o/c(=C\c3ccc(Cl)cc3)c2=O)=N1
CHEMBL337004,OC(c1ccc(Cl)cc1)c1ccc(C2=NCCN2)cc1
CHEMBL3918348,CCCCC[C@H](C)NC[C@@H](O)c1cc(O)cc(O)c1
CHEMBL1834406,CCn1ccc(=O)c2cc(F)c(N3CCN(C=O)CC3)cc21
CHEMBL3103939,O=C1NC(=O)C(C(=O)c2ccccc2)C(=O)N1
CHEMBL3339174,N#Cc1ccc(-c2cccc(S(=O)(=O)N3CCC(N4CCCCC4)CC3)n2)cc1
CHEMBL1946993,COc1cccc(OC)c1/C=C/C(=O)c1ccc2ccccc2c1
CHEMBL3489033,COc1ccc(C(O)CNC(=O)NCc2nc(C)cs2)cc1
CHEMBL1309903,Cc1cc(C)c2c(c1)-c1cc(C)nn1C(c1cccnc1)N2
CHEMBL1529101,CCCCSc1nnc2nc(O)cc(N)n12
CHEMBL4573961,CC(C)(C)OC(=O)N1Cc2cn[nH]c2C1
CHEMBL365503,CCC1=NN2C/C(=C/c3ccc(OCCOc4c(C)cccc4C)c(OC)c3)C(=O)N=C2S1
CHEMBL1199340,CCN1C2CCC1CC(OC(=O)C(CO)c1ccccc1)C2
CHEMBL2442491,Cc1cc(-c2ccccc2)nn1-c1nc(C(=O)O)cs1
CHEMBL36063,CC(=O)NC(CC(=O)[O-])C[N+](C)(C)C
CHEMBL4524302,Cc1ccc(Oc2nccn3c(=O)n(CC(=O)Nc4ccc5c(c4)OCO5)nc23)cc1
CHEMBL28059,O=C1NC(c2ccccc2)C2(CCN(CCc3c[nH]c4ccccc34)CC2)O1
CHEMBL1915136,CCCCCCCCCCCCC/C=C/[C@@H](O)[C@@H]1COC(=O)N1C(=O)c1cccc2ccccc12
CHEMBL5071861,CCOP(=O)(Cn1ccc(NC(=O)c2cc(Oc3ccc(S(C)(=O)=O)cc3)cc(O[C@@H](C)COC)c2)n1)OCC
CHEMBL3302144,Cc1ncc2c(n1)-c1ccccc1CC2
CHEMBL358420,Cc1cccc(NC(=O)NC2N=C(c3ccccc3)c3ccccc3N(CC(=O)C3CCC3)C2=O)c1
CHEMBL3322043,CCCCC(=O)N(C)c1ccc(C(O)(C(F)(F)F)C(F)(F)F)cc1
CHEMBL2430077,CCc1n(Cc2cc3ccccc3o2)cc[n+]1CC(=O)c1ccc(Br)cc1.[Br-]
CHEMBL1256524,OC[C@@H]1[C@@H](O)[C@@H](O)CN1CCc1c[nH]c2ccccc12
CHEMBL2115202,CO[C@H]1C(=O)N2C(C(=O)OC(C)(C)C)=C(COC(C)=O)C[S@+]([O-])[C@H]12
CHEMBL1406444,CN(C)CCCOC(=O)c1ccc(Cl)cc1
CHEMBL337695,CCOP(=O)(COC(=O)c1cc(NC(=O)c2cnc(Cl)nc2C(F)(F)F)cc(C(F)(F)F)c1)OCC
CHEMBL1078815,CCCCCCCCCCCCCC/C=C/[C@@H](O)C(=O)N[C@@H](CO[C@@H]1O[C@H](CO)[C@@H](O)[C@H](O)[C@H]1O)[C@H](O)/C=C/CC/C=C(\C)CCCCCCCC
CHEMBL3246640,CCOc1ccc(Nc2cc(C)nc3ccc4nc[nH]c4c23)cc1Cl
CHEMBL1092453,O=C(/C=C/c1ccccc1)c1cc2ccccc2s1
CHEMBL2418997,NC(CCCCB(O)O)(C(=O)O)C1CCN(CCc2ccc(Cl)cc2Cl)CC1
CHEMBL1079964,O=C(Nc1cccc(-c2cn3ccnc3c(Nc3ccccc3)n2)c1)Nc1cccc(C(F)(F)F)c1
CHEMBL5485153,CC(C)CNC(=O)N1CCN(c2cnccn2)CC1
CHEMBL1981349,CC(/C=N/NC(=O)c1nnn(-c2nonc2N)c1C(C)C)=C\c1ccco1
CHEMBL4974776,C[C@@H]1CN(C(=O)CCN2CCCC2=O)C[C@]1(C)O
CHEMBL4216364,COC(=O)N[C@H](C(=O)N1CCC[C@H]1c1ncc(-c2cc(F)c3c(c2)O[C@@H](c2ccc(C(F)F)s2)n2c-3cc3cc(-c4cnc([C@@H]5CCCN5C(=O)[C@@H](NC(=O)OC)C5CCOCC5)[nH]4)ccc32)[nH]1)C(C)C
CHEMBL4846157,O=C1Nc2ccc(F)cc2/C1=C/c1ccc(-c2cn(-c3ccc(Cl)c(C(F)(F)F)c3)nn2)cc1
CHEMBL1992215,CC1(C)[C@@H]2CC[C@]1(C)[C@H](OC(=O)CSC#N)C2
CHEMBL5004355,c1ccc2c(c1)CCN2CCNC1CCN(c2ccc3c(c2)OCO3)CC1
CHEMBL3678373,CC(C)(Cc1nc2cc(OCc3ccc4ccccc4n3)ccc2n1Cc1ccc(F)c(Cl)c1)C(=O)O
CHEMBL547123,Oc1ccc(CCNc2nc(NCc3cccc(OCc4cccc(F)c4)c3)nc(N3CCNCC3)n2)cc1
CHEMBL5438804,CC(C)=CCc1ccc(O)c2c1OC1C=C3O[C@H]4OC=C[C@@]4(O)C3=C(O)C1C2=O
CHEMBL178145,O=C(CCCCCCSCc1ccccc1)Nc1ccccc1
CHEMBL4519717,O=C(C1CCC1)N1CCc2ccc(O)cc2C1
CHEMBL1350601,O=C(O)c1ccc(NS(=O)(=O)c2ccc(Cl)c(C(=O)Nc3ccccc3[N+](=O)[O-])c2)cc1
CHEMBL3466773,Cc1cc(NCCCNS(C)(=O)=O)nc2ccccc12
CHEMBL196496,COc1cc(O)c2c(c1)CCCCCC(=O)CCC[C@H](C)OC2=O
CHEMBL2046542,C/C(=C(/OCCCCOc1ccccc1Cl)c1ccc(F)cc1F)n1cncn1.O=[N+]([O-])O
CHEMBL4436284,CC(=O)N1CCCN(c2cc(C(=O)NC3CCN(C#N)C3)ccn2)CC1
CHEMBL3774654,Cc1sc(C(=O)Nc2cnn(C)c2)cc1[C@@H]1C[C@H]1NCC1CC1
CHEMBL3809071,O=C(Nc1cnccc1Cl)N1CCN(Cc2cccc(Oc3ccc(F)cc3)c2)CC1
CHEMBL1564832,O=[N+]([O-])c1ccc(Sc2n[nH]c(-c3ccco3)n2)nc1
CHEMBL1672795,OC[C@H]1O[C@@H](c2ccc(Cl)c(Cc3ncc(-c4cccs4)s3)c2)[C@H](O)[C@@H](O)[C@@H]1O
CHEMBL2376938,COc1ccc(OC)c(-c2cc(-c3ccccc3)[nH]n2)c1
CHEMBL4211309,COc1cc2ncnc(Oc3ccc(NC(=O)Cc4cnn(C(C)C)n4)cc3)c2cc1OC
CHEMBL103079,COC(=O)CN(C/C=C/c1ccc(OC)c(OC)c1)Cc1ccc(F)cc1
CHEMBL1334355,O=C(CSc1nnc(Cc2ccc3c(c2)OCO3)n1C1CCCCC1)NC1CCCC1
CHEMBL264799,c1cc(CCCCc2nnn[nH]2)cc(OCc2ccc3ccccc3n2)c1
CHEMBL4933356,C[C@@H]1CN(c2ncnc3[nH]ccc23)CCN1
CHEMBL5312317,CC(C)(C)OC(=O)[C@@H]1CCCN1C(=O)Nc1ccc(-n2cnc3ccccc32)nc1
CHEMBL2362265,O=C(Nc1ccc2ccccc2c1)OC1CCS(=O)(=O)C1
CHEMBL1391923,CN(c1ccc(OCC(=O)Nc2nc(-c3ccccc3)cs2)cc1)S(=O)(=O)c1ccc(F)cc1
CHEMBL4790850,COC(=O)c1ccccc1OCc1nc2c(cnn2-c2ccccc2)c(=O)[nH]1
CHEMBL2228104,CCC(C)[C@H]1O[C@]2(CC[C@@H]1C)C[C@@H]1C[C@@H](C/C=C(\C)[C@@H](OC(=O)Nc3ccc(Cl)cc3)[C@@H](C)/C=C/C=C3\CO[C@@H]4[C@H](O)C(C)=C[C@@H](C(=O)O1)[C@]34O)O2
CHEMBL417412,CC(Cc1c[nH]c2ccc(F)cc12)(NC(=O)OC1C2CC3CC(C2)CC1C3)C(=O)NC[C@H](NC(=O)CCC(=O)OCc1ccccc1)c1ccccc1
CHEMBL184699,COc1cc2c(N3CCN(/C(S)=N\c4ccc(-c5ccccn5)cc4)CC3)ncnc2cc1OCCCN1CCCCC1
CHEMBL5202841,Cc1c(-c2ccc(-c3c[nH]nc3-c3ccnc(N4CCOCC4)c3)cc2)ccc(S(N)(=O)=O)c1C
CHEMBL4756854,CCCCCCCCc1cccc2[nH]c(C)c(OC)c(=O)c12
CHEMBL5080625,CC(C)(C)c1csc(NC(=O)Cc2ccc3ccccc3c2)n1
CHEMBL558233,CCCC[P+](CCCC)(CCCC)Cc1ccc(NC(=O)CN/C(=N\C(C)C)NC(C)C)cc1.[Cl-]
CHEMBL1455536,COc1ccc(-c2nc(CNC(=O)NC3CCCCC3)c(C)o2)c(OC)c1
CHEMBL3691202,CC(=O)N[C@@H](C)c1ccc(O[C@@H]2CCN(c3ccnc(OCC4CC(F)(F)C4)c3)C2)cc1
CHEMBL3634188,Cc1ccc(N(CCCN2CCC(Cc3ccc(C(N)=O)cc3)CC2)C(=O)C2CCN(C(=O)COCC(=O)NCCCCCNC(=O)COCC(=O)N[C@H]3CC[C@@]4(O)[C@H]5Cc6ccc(O)c7c6[C@@]4(CCN5C)[C@H]3O7)CC2)cc1Cl
CHEMBL19902,CC(=N)N1CC[C@H](Oc2ccc([C@H](Cc3ccc4ccc(C(=N)N)cc4c3)C(=O)O)cc2)C1
CHEMBL4170108,CCn1c(=O)/c(=C2\Sc3cc(Cl)ccc3N2C)s/c1=C\c1scc[n+]1Cc1cccc(F)c1.[Cl-]
CHEMBL2028307,COc1c(Cl)cc(S(=O)[O-])cc1Cl.[Na+]
CHEMBL3906403,NC(=O)c1nn(-c2ccc(O)cc2)c2c1CCc1ccc(NC(=O)c3cc(N)ccc3Cl)cc1-2
CHEMBL3102981,CCCCCCCCCCCC(OC(=O)CC(=O)N1CCN(/[N+]([O-])=N/OC)CC1)C1=CC(=C(Br)Br)OC1=O
CHEMBL28212,Cc1cc(-c2cc([N+](=O)[O-])ccc2F)cc(C)n1
CHEMBL3751932,Cc1ccc(NC(=O)O/N=C(\N)c2ccc3nonc3c2)cc1
CHEMBL361756,COc1ccc2c(c1)CCC1CN(CCCCNC(=O)c3ccc4ccccc4c3)CCN21
CHEMBL4167625,O=C(N[C@H](CO)Cc1ccccc1)/C(NC(=O)c1ccccc1)=C(/Br)c1ccccc1
CHEMBL24147,Oc1cccc(O)c1
CHEMBL4873903,COc1nc2ccc3c(c2n1CCNC(C)=O)CCO3
CHEMBL3309767,O=C(O)/C(O)=C/C(=O)c1cccc(CN(Cc2ccccc2)Cc2ccccc2)c1
CHEMBL500508,COc1cc([C@@H]2c3cc4c(cc3[C@@H](n3cc(CNc5cccc([N+](=O)[O-])c5)nn3)[C@H]3COC(=O)[C@H]23)OCO4)cc(OC)c1O
CHEMBL1604147,CCOC(=O)CN=C(S)N(Cc1ccccc1)Cc1cccs1
CHEMBL2172078,O=C(O)[C@@H]1CCCN(S(=O)(=O)c2ccc3ccccc3c2)C1
CHEMBL45380,COC(=O)C(Cc1cn(SC(C)(C)C)c2ccccc12)NC(=O)C(N)CCCCN
CHEMBL2251670,CC[C@H](C)[C@H](NC(C)=O)C(=O)OCCNC1=C(C)C(=O)c2cccc(OC)c2C1=O
CHEMBL3701804,CC(C)(C)OC(=O)N1CCC(CNS(=O)(=O)c2cccc(S(=O)(=O)Nc3ccc(N4CCN(C(=O)OC(C)(C)C)CC4)cc3)c2)CC1
CHEMBL419658,CCOC(=O)CN1CCN(C[C@@H]2CN(c3ccc(C(=N)N)cc3)C(=O)O2)CC1
CHEMBL1975469,O=C1N(c2ccccc2)C2(O)C(=O)c3ccccc3C2(O)N1c1ccccc1
CHEMBL1491911,Cc1cccc(Nc2ncnc3onc(-c4cccc(Cl)c4)c23)c1C
CHEMBL1506350,CC(C)(C)c1ccc(OCC(=O)N2CCCCCC2)c(Br)c1
CHEMBL4064758,CC(C)C[C@H](NC(=O)[C@H](Cc1ccc(/N=N/c2ccc(-c3ccccc3)cc2)cc1)NC(=O)OC(C)(C)C)B1OC2C[C@@H]3C[C@@H](C3(C)C)[C@]2(C)O1
CHEMBL1420526,Cn1cc(Br)c(C(=O)Nc2sc3c(c2C(N)=O)CCC3)n1
CHEMBL426290,O=C(O)c1cccc(NC(=O)c2[nH]c(C3CCCC3)nc2CCC23CC4CC(CC(C4)C2)C3)c1
CHEMBL5202318,CC1(N)CCN(c2nc3[nH]nc(-c4ccnc(Cl)c4Cl)c3c(=O)[nH]2)CC1
CHEMBL3809766,CC[C@H](C)[C@H](NC(=O)[C@@H]1CCCN1C(=O)[C@@H]1CCCN1C(=O)CCCN)C(=O)N[C@H](C(=O)NCC(=O)N[C@@H](Cc1ccc(O)cc1)C(=O)N[C@@H](Cc1ccccc1)C(=O)O)C(C)C
CHEMBL3645953,CCc1ncnc(-c2ccc(C(=O)N3CC4(CN(C)C4)C3)c(F)c2)c1C#Cc1ccc(N)nc1
CHEMBL82036,COc1cc(CCCN(C)Cc2ccc(OC)c(OC)c2)ccc1NC(=O)c1cccc2c(O)c3cccc(F)c3nc12
CHEMBL578937,CN(CCCNc1ccnc2cc(Cl)ccc12)C(=O)c1ccc(Cl)c([N+](=O)[O-])c1
CHEMBL3298378,O=[N+]([O-])c1ccc(C[Se]c2nnnn2C2CCCCC2)c([N+](=O)[O-])c1
CHEMBL183570,OCC1CCN(c2cc(-c3ccc(Sc4ccc5c(c4)OCCO5)c(C(F)(F)F)c3)ccn2)CC1
CHEMBL2035735,C/C(=C\CSCCC(=O)O)CCn1cc(Cc2ccccc2)nn1
CHEMBL4856758,CNC(=O)c1cc(-c2ccc(C#N)cc2)n(-c2ccc(Cl)cc2)n1
CHEMBL1513696,CCN(C(=O)C(C)Sc1ccc(S(=O)(=O)N2CCN(C)CC2)cn1)c1ccccc1
CHEMBL166303,COc1ccccc1C1=C(CC(=O)O)[C@@H](C(=O)O)NC1
CHEMBL552632,CN(N)c1nnc(-c2ccccc2Oc2ccccc2)s1.Cl
CHEMBL3703932,CNCc1ccc(Cc2cc([C@@H]3O[C@H](CO)[C@@H](O)[C@H](O)[C@H]3O)c3c(c2Cl)OCC3)cc1
CHEMBL5309742,Cc1ccc2cc(CNc3ccc4c(c3)C(=O)NC4)ccc2n1
CHEMBL4969591,CN(C)S(=O)(=O)N1C[C@@H]2OC(=O)N(CCc3ccc(F)cc3)[C@@H]2C1
CHEMBL1762825,COCCN(CCCF)c1nc(C)nc2c(-c3cnc(OC)nc3OC)c(C)nn12
CHEMBL4475647,CS(=O)(=O)c1ccccc1CN1CCN(c2cn[nH]c(=O)c2Cl)CC1=O
CHEMBL4870933,C/C=C/c1[nH]c2nc(C)nc(Cl)c2c1Cl
CHEMBL1703327,CC(C)NC(=O)c1cnc(Sc2ncc(C(F)(F)F)cc2Cl)n1C
CHEMBL4954150,CC[C@@H](C(=O)N1CCc2[nH]nc(C3CC3)c2C1)n1cccn1
CHEMBL3248619,CNCC1=Cc2c(Cl)ccc(OC)c2CC1.Cl
CHEMBL3650100,Cn1c(C(C)(C)C)c/c(=N\C(=O)c2cc(C#N)ccc2ONC(C)(C)C)n1C[C@H]1CCCO1
CHEMBL597605,O=C(Nc1cccc(Oc2cccc3[nH]c(=O)[nH]c23)c1)c1cccc(OC(F)(F)F)c1F
CHEMBL142701,COc1cc2ccccc2cc1/C=C1\SC(=S)N(CC(=O)O)C1=O
CHEMBL1668826,CC(/C=C/c1ccc(C(F)(F)F)cc1C(F)(F)F)=C\C=C\C(C)=C\C(=O)O
CHEMBL2093821,O=C(COc1ccc(Cl)cc1Cl)N(Cc1ccccn1)c1nc2ccccc2s1
CHEMBL5093157,CC1=C(C(=O)Nc2cc(C(=O)O)ccn2)C(c2ccccc2Cl)N=C(Nc2nc3cccc(OC(F)(F)F)c3o2)N1
CHEMBL4972714,CCCCNC(=O)Nc1ccc(OC(C)C)nn1
CHEMBL3469330,Cc1nnc(C(C)NCC2(c3c(F)cccc3F)CCCC2)o1
CHEMBL1705598,CC1Sc2ccc(C(=O)NCc3ccccc3Cl)cc2NC1=O
CHEMBL1191157,CN(C)CCCNC(=O)c1ccc2c(c1)C(=O)c1ccccc1C2=O
CHEMBL1513379,COc1cccc(NC(=O)c2oc3ccccc3c2NC(=O)c2cc3ccccc3o2)c1
CHEMBL78243,C[n+]1cc2c(O)c(OCC(N)=O)ccc2c2ccc3cc4c(cc3c21)OCO4.[Cl-]
CHEMBL5027536,CCc1nc(CN(C)C(=O)c2cncc(F)c2)no1
CHEMBL3126064,OC(COCCOc1ccc(Br)cc1)CN1CCN(c2ccccc2N2CCCCC2)CC1
CHEMBL3952967,COc1ccc(CC(=O)O)cc1-c1ccc(F)c2c1CN(C(=O)OCc1cncnc1)CC2
CHEMBL1356308,CC(C)OCc1cc(CN2CCN(c3cccc(C(F)(F)F)c3)CC2)c(O)c2ncccc12
CHEMBL1983830,Cc1cc(C2(c3cc(C)c(O)c4ncccc34)OC(=O)c3ccccc32)c2cccnc2c1O
CHEMBL559888,C[C@@H](Oc1cc(-c2cnc3ccccn23)sc1C(N)=O)c1ccc(CNC(C)(C)C)cc1F
CHEMBL146244,CN(C(=O)C1(C2(O)CCN(CCc3ccccc3Cl)CC2)CC1)C1CCCCC1
CHEMBL3952767,CCC(=C(c1ccc(O)cc1)c1ccc(OCC(N)=O)cc1)c1ccc([N+](=O)[O-])cc1
CHEMBL1171188,COc1ccc(/C=N/NC(=O)Nc2cccc3ccccc23)cc1OC
CHEMBL2220151,COc1cc2ccc3c4ccc5c(c4c[n+](C)c3c2cc1OC)OCO5
CHEMBL387432,CC(C)Cc1ccc(C(C)CN2C(=N)N([C@@H](CC3CCCCC3)CN3CCCC3CN3C(N)=NC[C@@H]3C)C[C@H]2CC2CCCCC2)cc1
CHEMBL4789047,Cc1ccc(CN(CC(O)COc2cccc3[nH]ccc23)C(C)(C)C)cc1
CHEMBL1740070,Cc1ccc2ncnc(Nc3cccc(C(=O)O)c3)c2c1
CHEMBL2385944,O=C1N/C(=N/c2ccc(Cl)c(C(=O)O)c2)S/C1=C\c1ccc(-c2ccccc2[N+](=O)[O-])o1
CHEMBL1476141,COc1ccc(CCNC(=O)C(C)n2nc(C)c3sc4ccccc4c3c2=O)cc1OC
CHEMBL2111156,CC(C)CCC(=O)CCC1(C)[C@@H]2Cc3ccc(O)cc3[C@@]1(C)CCN2C
CHEMBL249278,CCCCCCCCCCCCCCCCCCCCCCCCc1cn([C@@H](CO)[C@H](O)[C@H](O)CCCCCCCCCCCCCC)nn1
CHEMBL2387639,O=C(O)[C@H](Cc1ccccc1)N1C(=O)/C(=C/c2cccc(Oc3cccc(F)c3)c2)SC1=S
CHEMBL4471228,CCOC(=O)Nc1ccc(N(CC=C(C)C)Cc2ccc(F)cc2)cc1NC(=O)OCC
CHEMBL4904112,Cc1ccc(C(=O)NC[C@H](C)c2ccc(Br)cc2)nn1
CHEMBL2164514,C[C@@](CCc1cc(-c2ccccc2)no1)(C(=O)NO)S(C)(=O)=O
CHEMBL2338404,CC(C)(C)CS(=O)(=O)NCCN1CCN(CC(=O)NC23CC4CC(CC(C4)C2)C3)CC1
CHEMBL3968884,COC(=O)Nc1nc2cc(C3(O)c4ccccc4C(=O)N3c3ccc(Cl)cc3)ccc2[nH]1
CHEMBL3582186,N#Cc1cc2c(cn1)[nH]c1ncc(O)cc12
CHEMBL3919165,Nc1nccc(C2=C(c3cc(Cl)cc(NS(=O)(=O)c4c(F)cccc4F)c3Cl)C(=O)C3(CCCC3)O2)n1
CHEMBL1908904,CC(C)C[C@H](NC(=O)[C@H](CC(=O)O)NC(=O)CNC(=O)[C@H](CCCNC(=N)N)NC(=O)[C@H](CC(C)C)NC(=O)[C@H](CC(N)=O)NC(=O)[C@@H]1CCCN1C(=O)[C@@H](NC(=O)[C@H](C)NC(=O)[C@H](CC(N)=O)NC(=O)c1ccc(F)cc1)C(C)C)C(=O)N[C@@H](CCC(N)=O)C(=O)N[C@H](C(=O)N[C@@H](CC(C)C)C(=O)N[C@@H](C)C(=O)N[C@@H](CCC(N)=O)C(=O)N[C@@H](CCCCN)C(=O)N[C@H](C(=O)N[C@@H](C)C(=O)N[C@@H](CCCNC(=N)N)C(=O)N[C@H](C(N)=O)[C@@H](C)O)C(C)C)C(C)C
CHEMBL1982268,Cc1cccc(C)c1NC(=O)C(C#N)C1=C(Cl)C(=O)c2ccccc2C1=O
CHEMBL1170470,CCCCCCCCCCCCCCC(=O)NCCc1c[nH]c2ccccc12
CHEMBL2104278,CCOC(=O)COC(=O)c1c(I)c(NC(C)=O)c(I)c(NC(C)=O)c1I
CHEMBL3898231,O=C(Nc1cn(CC(=O)N2CC[C@H]3CN(CC4CCOCC4)C[C@H]3C2)nc1-c1cc(Cl)ccc1OC(F)F)c1cnn2cccnc12
CHEMBL1340633,COc1cc(-c2ccc(Nc3ccccc3C(=O)O)c(OC)c2)ccc1Nc1ccccc1C(=O)O
CHEMBL4754569,COc1cccc(C2=NN(C(=O)Cn3c(=O)oc4ccccc43)C(c3ccccc3Cl)C2)c1
CHEMBL5442158,CC(C)[C@@H](Nc1ncnc2[nH]c(-c3ccnc(OCCN(C)C)c3)cc12)c1ccc2c(c1)S(=O)(=O)CCC2
CHEMBL4904995,COc1ccc(CC(=O)Nc2nc(-c3ccc(OC)c(OC)c3)ns2)cc1
CHEMBL475038,NS(=O)(=O)c1ccc(C(=O)N/N=C/c2ccc([N+](=O)[O-])s2)cc1
CHEMBL1089349,CC(C)(C)c1cc(NC(=O)Nc2ccc(Oc3ccnc4[nH]c(=O)[nH]c34)cc2)n(C(C)(C)C)n1
CHEMBL5283461,COc1c2cc(c(O[C@@H]3O[C@H](CO)[C@@H](O)[C@H](O)[C@H]3O)c1OC)CCCC[C@H](O)CCc1ccc(O)c-2c1
CHEMBL1513183,COc1cc(N)c(Cl)cc1C(=O)OCC(=O)Nc1cccnc1Cl
CHEMBL3217933,OCCC[C@H]1N[C@H](CO)[C@H](O)[C@H](O)[C@H]1O
CHEMBL1893179,CN(CC(=O)NCCc1ccc(S(N)(=O)=O)cc1)CC(=O)Nc1ccccc1Cl
CHEMBL1384527,Cc1ccccc1NC(=O)CSc1nnc(Cc2cccn2C)n1-c1ccc(F)cc1
CHEMBL2074747,CC[N+](CC)(CC)CC(O)CCC(=O)[O-]
CHEMBL1090630,CCCCCCCC(=O)N[C@@H](C)C(=O)N[C@H](C(=O)N[C@@H](CCN)C(=O)N[C@H]1CCNC(=O)[C@H]([C@@H](C)O)NC(=O)[C@H](CCN)NC(=O)[C@H](CCN)NC(=O)[C@H](CC(C)C)NC(=O)[C@@H](Cc2ccccc2)NC(=O)[C@H](CCN)NC1=O)[C@@H](C)O
CHEMBL2252361,COc1cc(Cl)nc(NC(=O)NS(=O)(=O)C2CCCCCCCCCCC2=O)n1
CHEMBL583781,O=C(N/N=C/c1ccccc1)c1cnccn1
CHEMBL5286049,O=C(Nc1cnccc1-c1cc(F)ccc1F)c1ccnc(NC(=O)C2CC2)c1
CHEMBL1539731,COc1ccc(O)c(CN2CCN(CCc3ccccc3)C(CCO)C2)c1
CHEMBL1339727,CCOC(=O)C1CCN(S(=O)(=O)c2cc(Cl)c(C)cc2OC)CC1
CHEMBL1406284,COCc1cc(C)nc(SCC[N+](C)(C)CC(=O)c2ccc(Br)cc2)c1C#N.[Br-]
CHEMBL26431,COc1ccc2[nH]c3ccc4cc[n+](CC(O)CN5CCC(C6CCN(CC(O)C[n+]7ccc8ccc9[nH]c%10ccc(OC)cc%10c9c8c7)CC6)CC5)cc4c3c2c1.[Cl-].[Cl-]
CHEMBL4096834,CN(C/C=C/c1ccc(C(F)(F)F)cc1)Cc1ccc2cc[nH]c2c1.Cl
CHEMBL1682048,O=C(O)c1cc(Br)cc(C(=O)/C=C/c2ccccc2OCc2ccccc2)c1O
CHEMBL2141818,Cc1ccc2nc(-c3ccccc3)c(Cc3ccccn3)n2c1
CHEMBL468839,NS(=O)(=O)c1ccc(-n2cc(-c3ccccc3C(F)(F)F)nn2)cc1
CHEMBL4854252,CCN(CCCOc1ccc(C(=O)/C=C/c2ccc(N(C)C)cc2)c(O)c1)Cc1ccccc1
CHEMBL3309789,CCOC(=O)/C(O)=C/C(=O)c1cccc(Cn2cc(C(=O)O)c(=O)c3cc(I)ccc32)c1
CHEMBL4896125,Cc1ccc(C)c(NC(=O)Cn2nc3cc(C)nc(N4CCCC4)n3c2=O)c1
CHEMBL490235,CCCCCCCC/C=C/CCCCCCCc1nc2cc(Cl)ccc2[nH]1
CHEMBL4858029,O=C(CCCOc1ccc(CC(=O)Nc2cc(C3CCC3)[nH]n2)cc1)NCCOCCOCCNc1cccc2c1C(=O)N(C1CCC(=O)NC1=O)C2=O
CHEMBL573478,O=c1[nH]c(COc2cccc(O)c2)nc2c1sc1ccc(Cl)cc12
CHEMBL64449,O=C(c1ccccc1)c1cccc(NC(=O)c2ccn3c2CSC3c2cccnc2)c1
CHEMBL487019,CC(C)c1cc2c(cc1O)[C@@]1(C)CCC(=O)C(C)(C)[C@@H]1C=C2
CHEMBL4871183,CCNc1nc(-c2ccco2)cc(C(F)(F)F)n1
CHEMBL188235,Cn1c([N+](=O)[O-])cnc1-c1nnc(N/N=C/c2ccc(F)cc2)s1
CHEMBL598692,COc1ccc(C[n+]2cc(-c3ccc(Cl)cc3)n3ccccc32)cc1.[Br-]
CHEMBL4799460,CCCCOC(=O)CC1c2cc(F)cc(C)c2S(=O)(=O)N1C(=O)c1ccc(C(F)(F)F)cc1
CHEMBL2024618,CCCCCS(=O)(=O)NC(=O)/C=C/c1ccc(OC(C)C)cc1Oc1ncc(C(F)(F)F)cc1Cl
CHEMBL4465968,CNc1ncnc2c1ncn2[C@H]1[C@H](O)[C@H](O)[C@@H](CO)[C@H]1F
CHEMBL2071233,COc1c(O)ccc2c1C(=O)C(C)=CC2=O
CHEMBL3403755,Cc1cc(=O)[nH]cc1-c1cnc2[nH]c(-c3c(F)cccc3Cl)cc2c1
CHEMBL1896676,Fc1cc(Cl)cc2ccc(-c3ccccc3)nc12
CHEMBL108314,CC1CN2c3c(cc(Cl)cc3NS2(=O)=O)CN1CC1CC1
CHEMBL1330932,COC(=O)C1C2C=CC3(CN(C(C)C)C(=O)C13)O2
CHEMBL5274607,CC(C)NC(=O)N1CC[C@@H](NC2=Nc3cc(F)ccc3N(CC(F)F)c3ccc(Cl)cc32)C1
CHEMBL103051,CC(C)C[C@H]1NC(=O)[C@@H](Cc2ccccc2)NC(=O)[C@@H](CN)NC(=O)[C@H](NC(=O)[C@H](CN)NC(=O)[C@@H](N)[C@@H](C)O)CNC(=O)[C@H]([C@@H](C)O)NC(=O)[C@@H](CN)NC(=O)[C@H](CN)NC1=O
CHEMBL428760,Nc1ncnc2c1ncn2CCOCP1(=O)OCCC(c2cccc(F)c2F)O1
CHEMBL4457642,COc1cc(C(N)=O)cc(-c2cncc(-c3ccc(N4CCNCC4)cc3)c2C)c1
CHEMBL1553455,O=C(CN1CCN(S(=O)(=O)c2ccc(F)c(Cl)c2)CC1)N1CCc2ccccc21
CHEMBL157419,Oc1onc(-c2ccccc2)c1Cc1ccc2ccccc2c1
CHEMBL1517248,CCOC(=O)c1cncc(C(=O)O)c1
CHEMBL1905232,O=C(NCCC1CCCCN1S(=O)(=O)c1cccs1)C(=O)Nc1ccccc1F
CHEMBL1917329,CNC(=S)Nc1cccc(-c2nnc(SCC(=O)c3ccc4ccccc4c3)o2)c1
CHEMBL4991265,COc1ccccc1N(CCC(N)=O)C(=O)CN1CCC[C@H]1c1nnc2ccccn12
CHEMBL1861676,CCCCCC(C)NCc1coc(-c2cc3ccccc3s2)n1
CHEMBL28190,Cc1ccc(/C=C2\Cc3ccccc3C2=O)cc1
CHEMBL1713203,Cc1cc(C)n2ncc(C(=O)Nc3ccc(C#N)cc3)c2n1
CHEMBL1189739,CC(N[C@@H]1CCCC[C@H]1NS(=O)(=O)c1cccc(Cl)c1)c1cccc2ccccc12
CHEMBL4591788,Cc1cccc(C)c1NC(=O)Nc1cccn(Cc2ccc(Cl)cc2)c1=O
CHEMBL136860,O=[N+]([O-])c1c(C(F)(F)F)cc(Cl)c2nc(O)c(O)nc12
CHEMBL3473534,CCCn1cc(-c2cc(C(=O)N(C)C)c3ccc(OC)cc3n2)cn1
CHEMBL4072334,C[C@@H](N[P@](=O)(OC[C@H]1O[C@@H](n2ccc(=O)[nH]c2=O)[C@](C)(Cl)[C@@H]1O)Oc1ccccc1)C(=O)OCc1ccccc1
CHEMBL5090904,N#Cc1cccc(-c2cnc3[nH]cc([N+](=O)[O-])c3c2)c1
CHEMBL2136012,O=C(CN1C(=O)NC2(CCCCCC2)C1=O)Nc1ccc(OC(F)(F)F)cc1
CHEMBL4068206,COc1ccc(CN(CC(=O)NCc2ccccc2)C(=O)CCCn2ccnc2/C=N/O)cc1
CHEMBL4920052,Cc1ccc(N[C@@](C)(C(=O)N(C)Cc2nccn2C)c2ccccc2)cc1
CHEMBL1683857,O=[N+]([O-])c1cccnc1Sc1ccccc1NS(=O)(=O)c1ccc(Cl)cc1Cl
CHEMBL4453547,CCCC(=O)O[C@H]1CCC[C@@H]1[C@](C#N)(c1ccccc1)C1CCN(CC2CN(c3ccc(C#N)cc3)C2)CC1
CHEMBL4869899,O=C(Cn1c(=O)c(Cc2ccccc2)nc2ccccc21)NN=c1c(=O)c2ccccc2c1=O
CHEMBL318904,CCCCCCCCCCCCCCCCCCCOC(CNC(=O)CCCCCCCCCCCCCCCCC)COP(=O)([O-])OCC[N+](C)(C)C
CHEMBL4278065,COc1cc2nc(N3CCCN(C)CC3)nc(NC3CCN(C4CCCCC4)CC3)c2cc1OC
CHEMBL4524482,Cc1ccc(-c2noc(Cn3nc4ccc(-c5ccccc5)nn4c3=O)n2)cc1
CHEMBL1923766,CCCCCc1cc(O)cc(OCCCCCCCCOC(CO)CO)c1
CHEMBL3937700,COc1ccc([C@H](NC(=O)c2ccc3cnc(N[C@H]4C[C@H](O)C4)nc3c2)c2cnn(C)c2)cc1F
CHEMBL4519230,Cc1cc(C)cc(Nc2cccc(-c3c(C)nnn3C3CCNCC3)n2)c1
CHEMBL546115,CCCN(Cc1nnc(-c2ccco2)o1)C(=O)C1CCN(c2ncc(C(F)(F)F)cc2Cl)CC1
CHEMBL2334701,CCC1([C@H](N)C(=O)N2[C@H](C#N)C[C@@H]3C[C@@H]32)CCN(C(=O)CC(C)(C)C)CC1
CHEMBL1313825,COc1ccc(NC(=O)c2ccc(NC(=O)CN(C)CC(=O)Nc3c(C)cccc3C)cc2)cc1
CHEMBL1642889,Cl.O=S(=O)(c1ccc2ccccc2c1)c1n[nH]c2ccc(NC3CCNCC3)cc12
CHEMBL1299682,Cc1ccc(F)cc1NC(=O)c1cccc(N(C)C)c1
CHEMBL4799165,CNC(=O)c1cc(-n2ccc3cc(NC(=S)Nc4ccc(Cl)c(C(F)(F)F)c4)ccc32)ccn1
CHEMBL4439488,CO[C@@H]1C/C=C(\C)C(=O)N(C)[C@@H](C(C)C)C(=O)N[C@H](Cc2cc(Cl)c(O)c(Cl)c2)C(=O)N[C@@H](CC(C)C)C(=O)O[C@H](c2ccccc2)[C@H](C)/C=C/C=C/1C
CHEMBL1499224,COc1ccc(S(=O)(=O)NC(CC(=O)NCc2ccco2)C(C)C)cc1
CHEMBL533836,CCCc1cc(C(=O)N[C@@H](Cc2ccccc2)[C@H](O)CNC(C)(C)c2cccc(OC)c2)c(F)c(N2CCCC2=O)c1.O=CO
CHEMBL118608,CCCCC1Cc2cc(OC)ccc2-c2c(/C=N/O)c3ccc(OC)cc3n21
CHEMBL4786082,COc1ccc(-c2nc(N3CCOCC3)c3ncn(CCNCc4ccc(C(=O)NO)cc4)c3n2)cn1
CHEMBL1465681,Cc1cc(NC(=O)c2sc(Nc3cccc(C(F)(F)F)c3)nc2N)no1
CHEMBL5025149,O=C(Nc1cnc(C(F)(F)F)nc1)[C@H]1CCCO1
CHEMBL4228446,O=C(Nc1cccc(-c2ccccc2)c1)Nc1cccc(-c2ccccc2)c1
CHEMBL1557751,Cc1cc(C)c(OC2(c3ccccc3)OC(=O)c3ccccc32)c(C)c1
CHEMBL1713077,CCc1ccc(S(=O)(=O)NCCc2cn3cccc(C)c3n2)s1
CHEMBL3138476,C[C@H](CC(O)CC(O)CC(=O)O)[C@H]1CC[C@H]2[C@@H]3[C@H](O)C[C@@H]4C[C@H](O)CC[C@]4(C)[C@H]3C[C@H](OC(=O)C(C)(C)C)[C@]12C
CHEMBL586612,O=C(Nc1cccc(-c2ccc(-c3nc4ccccc4[nH]3)cc2)c1)c1ccncc1
CHEMBL4852139,CN(c1nnc(-c2ccc(-n3cccn3)cc2O)s1)C1CC(C)(C)NC(C)(C)C1
CHEMBL464259,C[C@H](NC(=O)C(=O)NCc1cc(F)cc(F)c1)C(=O)N[C@@H](CC(=O)O)C(=O)COc1c(F)c(F)cc(F)c1F
CHEMBL3907287,Cc1cc(C)c(-c2[nH]nc(COCC(F)(F)F)c2C)cc1C(=O)N1CC(c2ccc(C#N)cc2)C1
CHEMBL5008816,Cc1cc(Oc2cnn(C)c(=O)c2Nc2cccc(C(=O)NCc3ccc(F)cc3)c2)ccc1Cl
CHEMBL309748,CCCCCC/N=C(\N)Nc1nc(-c2ccc(CNC(C)=O)o2)cs1
CHEMBL4560415,CC(C)CC1=NC(C)(C)C(=O)N(c2ccc(NCCN)cc2)c2cc(Cl)ccc21
CHEMBL3605404,O=C1NC(=O)/C(=C\c2ccc(=O)[nH]c2)N1
CHEMBL1500326,O=C(Nc1cccc(-c2ccc(F)cc2)c1)C1CCCN(Cc2cccnc2)C1
CHEMBL1531392,O=C(Nc1ccc2c(c1)oc1ccccc12)C1CC1
CHEMBL2228228,CCOP(=O)(OCC)C(N/C(SC)=C(/C#N)C(N)=O)c1ccccc1
CHEMBL4650528,CC(=N)Nc1ccc(S(=O)(=O)Nc2nccs2)cc1
CHEMBL4762238,O=[N+]([O-])c1cn2c(n1)OC[C@H](OCC#Cc1ccc(-c3ccc(C(F)(F)F)cc3)cn1)C2
CHEMBL1270715,C=Cc1c(-c2ccnc(N)n2)[nH]c(-c2ccccc2)c1C(N)=O
CHEMBL1933593,C[C@H]1O[C@@H](n2cnc3c(N)nc(OC(C4CC4)C(F)(F)F)nc32)[C@H](O)[C@@H]1O
CHEMBL1527556,CN(C)C(=O)Cl
CHEMBL4872552,CCCC(Oc1cc(N(C)c2nc(C)nc3ccccc23)ccc1OC)C(=O)OCC
CHEMBL5196308,COc1cc(OC)c2c(c1)C(=O)CC2c1ccc2c(c1)OCO2
CHEMBL4110018,C[C@@H](NC(=O)Nc1cc2[nH]nc(OC3COC3)c2cn1)c1ccccc1
CHEMBL4541009,CNc1cc(-c2cccc(OC)c2OC)nc(N)n1
CHEMBL1187944,NCCCC[C@H](NC(=O)C1CCCC1)C(=O)c1noc(Cc2ccc(OCCc3ccc(Cl)c(Cl)c3)cc2)n1
CHEMBL5015371,COc1ccc(-c2cc(C(=O)N3CC[C@H](c4nc(C)no4)C3)[nH]n2)cc1
CHEMBL263588,CC(C)C[C@H](NC(=O)[C@H](CCCCN)NC(=O)[C@H](CCCN=C(N)N)NC(=O)[C@H](C)NC(=O)[C@H](CO)NC(=O)[C@H](CCCCN)NC(=O)[C@H](CCCN=C(N)N)NC(=O)[C@H](C)NC(=O)CNC(=O)[C@@H](NC(=O)[C@H](Cc1ccc(F)cc1)NC(=O)CNC(=O)CNC[C@@H](N)Cc1ccccc1)[C@@H](C)O)C(=O)N[C@@H](C)C(=O)N[C@@H](CC(N)=O)C(=O)N[C@@H](CCC(N)=O)C(N)=O
CHEMBL5496588,Cc1ccc(-c2cnc(CCC(=O)N3CCN(CC=Cc4ccccc4)CC3)o2)cc1
CHEMBL2146515,CCCN(CC[C@H]1CC[C@H](NS(=O)(=O)c2ccc(Cl)nc2)CC1)[C@H]1CCc2nc(N)sc2C1
CHEMBL4911468,CCc1nnc(CN[C@H]2CCCC[C@H]2CC(F)(F)F)n1C
CHEMBL332814,CC(=O)N(O)C(C)c1ccc2oc(-c3ccccc3)cc2c1
CHEMBL3968867,COc1cc(-c2cnc(C)n2C)ccc1Nc1cc2cc(-c3cnn(CC(F)(F)F)c3)ccc2cn1
CHEMBL3752175,COCCOc1cc(-c2ccc3nc(NC(C)=O)cn3c2)cnc1N
CHEMBL2286467,CCOC(=O)Sc1nc2cc(-n3nc(C)n(C(F)F)c3=O)c(F)cc2s1
CHEMBL4960884,O=C(c1cccc(Br)c1)N1CCN(Cc2csc(-c3ccco3)n2)CC1
CHEMBL1579960,O=C(NC1CCCCCC1)c1ccc(C[S+]([O-])Cc2cccc(Cl)c2)o1
CHEMBL2012194,C[C@@](OCc1ccc(-c2ccccc2)cc1)(C(=O)NO)[C@@H](O)c1ccccc1
CHEMBL5009000,CC[C@](C)(NC(=O)c1ccccc1)c1noc(-c2cc(C(C)C)[nH]n2)n1
CHEMBL5494432,CCCCOC(=O)CCn1c(=O)sc2ccccc21
CHEMBL3752297,C[C@]1(CO)[C@H]2CC=C(Cn3ccc(=O)[nH]c3=O)[C@@H](CCC3=CCOC3=O)[C@]2(C)CC[C@H]1O
CHEMBL4474573,COc1ccn2nc(C)c(C(=O)NCc3ccc(-c4ccc(OC(F)(F)F)cc4)cc3OC)c2c1
CHEMBL385801,CCCCn1nc(-c2ccc(O)cc2)c2cccc(Cl)c21
CHEMBL4064975,COc1ccc(C(=O)Nc2ccc(CCC(=O)CCc3ccc(OC(C)=O)c(OC(C)=O)c3)cc2)cc1
CHEMBL3924800,Cc1nc(N(c2ccccc2)c2ccc3ccccc3c2)c(C)c(C)c1O
CHEMBL585598,O=C(Nc1ccc(F)c(F)c1)c1ccccc1[N+](=O)[O-]
CHEMBL4779134,COc1ccccc1CNC(=O)/C(C)=C/CC/C(C)=C/CC/C(C)=C/CC[C@]1(C)CCc2c(C)c(O)c(C)c(C)c2O1
CHEMBL533156,COc1ccc(C(=O)N[C@@H](CC(C)C)C(=O)NC2CC[C@@H](C)N(C(=O)Nc3ccc(Cl)cc3)CC2=O)cc1OCCN1CCOCC1
CHEMBL4968575,O=C(NCc1ccncc1)c1nn(-c2ccccc2F)c(=O)n(Cc2ccc(C(F)(F)F)cc2)c1=O
CHEMBL3342575,CC(C)C[C@@H]1NC(=O)[C@H](CC(C)C)NC(=O)[C@@H](CC(C)C)NC(=O)[C@H](Cc2ccc(O)cc2)NC(=O)[C@H]2CCCN2C(=O)[C@H](CC(C)C)NC1=O
CHEMBL1462139,CCOC(=O)C(C)Sc1ccc2nnc(-c3ccc(F)cc3)n2n1
CHEMBL1593518,CCOC(=O)c1c(Nc2ccccc2)nnc(-c2ccccc2)c1-c1ccccc1
CHEMBL425906,Oc1ccc2c(c1)CC1CNCC2C1
CHEMBL3653075,OCCNc1cc(-c2cncc(NCC3CCOCC3)n2)c(Cl)cn1
CHEMBL5076397,O[C@H]1COC[C@H]1N1CC[C@@H](c2cc3nc(Nc4cnn([C@@H]5CC5(F)F)c4Cl)ncc3cc2Cl)[C@H](F)C1
CHEMBL66877,COc1ccc(C(CCCCCCN2Cc3cc(OC)c(OC)cc3C2)Sc2ccc(C)cc2)cc1OC
CHEMBL5203843,CC(O)[C@@H]1NC(=O)N[C@H](C(N)=O)C(=O)NNC(=O)[C@H](CO)NC(=O)CCOCCOCCNC1=O
CHEMBL1524528,c1ccc(-c2cn(CC3CCCCC3)nn2)cc1
CHEMBL3659212,Cc1cc(C)nc(OCC2CC3CCC2N3C(=O)c2c(F)cccc2-c2ncccn2)n1
CHEMBL2132792,Cc1cccc(Nc2cc(=O)n(C)c(=O)n2C)c1
CHEMBL2138721,Nn1c(SCC(=O)N2CCCCC2)nnc1-c1ccncc1
CHEMBL3647137,CC(=O)c1cc(-c2ccc(CCC(C)(C(=O)NO)S(C)(=O)=O)cc2)ccc1O
CHEMBL4227314,Clc1ccc(CNC2CC2)cc1Cl
CHEMBL3408684,C=C1C(=O)OC[C@H]1CCOC(=O)Nc1ccc(C)c(C)c1
CHEMBL4928831,O=C(NCc1cccc(-n2ccnc2)c1)NC1CCC(O)CC1
CHEMBL4569145,O=C(c1cc2n(n1)CCCC2)N1CCN(C(=O)C2(c3cccs3)CCCC2)CC1
CHEMBL505965,COc1ccccc1CNc1ncc(Br)c(Nc2cc(C3CC3)[nH]n2)n1
CHEMBL1468827,COC(=O)c1cnn2c(O)cc(CCl)nc12
CHEMBL3238422,O=C(O)c1cccc(NCc2cccc(-n3ccc4c(-c5ccccc5)cccc43)c2)c1
CHEMBL68899,C/C(=N\N=C(/S)N1CC2CCC(CC2)C1)c1nccnc1C
CHEMBL336542,CN1CCC(OC(c2ccccc2)c2ccc(Cl)cc2)C1
CHEMBL1813537,CCCCCCCCCCCCCCCCn1cc[n+](C(c2ccccc2)c2ccccc2)c1.[Br-]
CHEMBL1744026,O=S(=O)(O)O.c1ccc(OC(Cn2ccnc2)c2ccc3ccccc3c2)cc1
CHEMBL3987162,COc1cc(OC)cc(N(CC(=O)NC(C)C)c2ccc3ncc(-c4cnn(C)c4)nc3c2)c1
CHEMBL4747944,CCCNC(=O)CN(NC(C)=O)C(=O)CN.O=C(O)C(F)(F)F
CHEMBL1714120,CN(Cc1nc(O)c2ccccc2n1)C(=O)c1cccc(NC(=O)c2cccs2)c1
CHEMBL4073445,O=C1NCC[C@H]1C[C@H](NC(=O)[C@H](CC1CCCCC1)NS(=O)(=O)CCN1C(=O)c2ccccc2C1=O)C(O)S(=O)(=O)[O-].[Na+]
CHEMBL3948373,Nc1ncnc2c1c(-c1cc(F)c3c(c1)NCCO3)nn2C1Cc2ccccc2C1
CHEMBL4207396,Cc1n[nH]c2c(NCc3ccccc3)ncnc12
CHEMBL3920806,CO[C@H]1CC[C@]2(CC1)Cc1ccc(CCC(C)C)cc1C21N=C(N)N(C)O1
CHEMBL4090730,C#CCSc1nc(N2CCN(Cc3ccccc3)CC2)c2nnn(Cc3ccccc3)c2n1
CHEMBL301578,C=C(C)[C@H]1C[C@H](OC(C)=O)C2=C[C@@H](C[C@]3(C)O[C@H]3c3cc(C)c(o3)[C@@H]1OC(C)=O)OC2=O
CHEMBL406266,O=c1ccn([C@@H]2O[C@H](COP(=O)([O-])OP(=O)([O-])OP(=O)([O-])OP(=O)([O-])OC[C@@H]3O[C@H](n4ccc(=O)[nH]c4=O)[C@@H](O)[C@H]3O)[C@@H](O)[C@H]2O)c(=O)[nH]1.[Na+].[Na+].[Na+].[Na+]
CHEMBL4567208,CCn1c(SCC(=O)NC2CC2)nc2ccsc2c1=O
CHEMBL198282,CC(=O)Oc1ccc(/C=C2/C(=O)Oc3ccc(OC(C)=O)cc32)cc1
CHEMBL4581236,CC(C)[C@H](NC(=O)[C@H](Cc1c[nH]c2ccccc12)NC(=O)[C@H](CC(=O)O)NC(=O)[C@H](C)NC(=O)[C@@H](N)CS)C(=O)N[C@@H](CS)C(=O)N[C@@H](Cc1ccc(O)cc1)C(=O)N[C@@H](Cc1c[nH]c2ccccc12)C(=O)N[C@@H](Cc1cnc[nH]1)C(=O)N[C@H](C(=O)N[C@@H](Cc1ccccc1)C(=O)NCC(=O)N[C@@H](CCCCNC(=O)COCC(=O)NCCCC[C@H](NC(=O)CNC(=O)[C@H](Cc1ccccc1)NC(=O)[C@@H](NC(=O)[C@H](Cc1cnc[nH]1)NC(=O)[C@H](Cc1c[nH]c2ccccc12)NC(=O)[C@H](Cc1ccc(O)cc1)NC(=O)[C@H](CS)NC(=O)[C@@H](NC(=O)[C@H](Cc1c[nH]c2ccccc12)NC(=O)[C@H](CC(=O)O)NC(=O)[C@H](C)NC(=O)[C@@H](N)CS)C(C)C)[C@@H](C)O)C(=O)O)C(=O)O)[C@@H](C)O
CHEMBL3207469,COc1ccccc1N1CCN(/N=C\c2cccnc2)CC1.Cl
CHEMBL1549492,Cc1ccc(C(=O)O)cc1NC(=S)NC(=O)C(c1ccccc1)c1ccccc1
CHEMBL1823311,O=C(N/N=C/c1cn(-c2ccc(Cl)cc2)nn1)c1ccncc1
CHEMBL1536326,O=C(Nc1nnc(C2CC2)s1)C1Cc2ccccc2CN1S(=O)(=O)c1ccccc1F
CHEMBL1214343,COC(=O)c1cccc(NC(=O)c2ccc(C)cc2)c1
CHEMBL198091,CC(C)COc1ccc2c(c1)c(Oc1cccc(C(F)(F)F)c1)c(C(=O)O)n2-c1ccc(C(C)(C)C)cc1
CHEMBL1214173,Cn1cc[n+](C)c1.[I-]
CHEMBL512147,CC(C)Oc1cc(-c2ccc(CCNC[C@H](O)c3ccc(O)c(NS(C)(=O)=O)c3)cc2)ccc1C(=O)O
CHEMBL1868547,Cc1ccc(-c2nn(-c3ccccc3)c3c2cnc2ccccc23)cc1C
CHEMBL379553,O=C(Nc1c(-c2ccccc2)nc2ccccn12)c1ccccc1
CHEMBL1523236,Cc1cccc(C(=O)Nc2nnc(-c3cccnc3)o2)c1
CHEMBL273798,CC(C)(CC(=O)O)Cc1nc2ccccc2n1Cc1ccccc1
CHEMBL5191084,Cc1ccc(N2CCN(C)CC2)c2c1CC[C@H](NC(=O)Nc1cnc(-c3cc(C(F)(F)F)cc(C(F)(F)F)c3)cn1)C2
CHEMBL1428846,Cc1sc2nc(SCC(=O)O)nc(O)c2c1C
CHEMBL1537366,CC(NS(=O)(=O)c1ccc2c(c1)oc(=O)n2C)c1ccccc1
CHEMBL4109379,C[C@@H]1CCC[C@@H]1CNC(=O)[C@@H]1C[C@H]2C[C@H]2N1C(=O)Cn1nc(C(N)=O)c2ccncc21
CHEMBL1537253,CCOC(=O)c1ccc2c(c1)N(CC#N)C(=O)C(C)(C)O2
CHEMBL1890939,CC(=O)c1cccc(N(C(=O)Cn2nnc3ccccc32)C(C(=O)NC2CCCCC2)c2cn(C)nc2C)c1
CHEMBL349598,N#Cc1ccc(Cn2cncc2CNC2C(=O)N(c3cc(F)cc(F)c3)CCc3ccccc32)cc1
CHEMBL3936699,O=C(N[C@H]1CCC[C@@H]1Nc1ncc(C(F)(F)F)nc1C1CC1)c1ccccc1-n1nccn1
CHEMBL4091750,CC1(C)Oc2nc([N+](=O)[O-])cn2CC1OCc1ccc(OC(F)(F)F)cc1
CHEMBL4289500,COc1ccc(-c2ccc3c(c2)CCNCC3)c(OCc2cc(C)ccn2)c1
CHEMBL4588942,NCc1cc2cc(Br)ccc2[nH]1
CHEMBL1733722,CN(CC(=O)Nc1ccc(Cl)c(C(F)(F)F)c1)C(=O)CCCc1nc(O)c2ccccc2n1
CHEMBL5081614,COc1ccc(-c2cc(CNC(=O)c3ccccc3OC(F)(F)F)n[nH]2)c(OC)c1
CHEMBL3185746,O=C(O)[C@@H]1CCCC[C@@H]1C(=O)N1CCc2ccccc2[C@H]1CN1C(=O)c2ccccc2C1=O
CHEMBL3590427,CCCCCCN(C)CCCCC(=O)N(O)CCC(=O)O
CHEMBL370691,CCN1C(=O)C(CC(=O)O)S/C1=N\N=C\c1ccc([N+](=O)[O-])cc1
CHEMBL403482,CC[C@H](C)[C@H](N)C(=O)N[C@H]1CSSC[C@@H]2NC(=O)[C@H](C)NC(=O)[C@@H]3CCCN3C(=O)[C@H](CC(N)=O)NC(=O)[C@H](CCC(=O)NCCCC[C@@H](C(N)=O)NC(=O)[C@H](CO)NC(=O)[C@H](Cc3ccc(O)cc3)NC(=O)[C@H](CCCCN)NC(=O)[C@@H]3CCCN3C(=O)CNC2=O)NC1=O
CHEMBL3823655,CN1CCN(c2ccc(NC(=O)c3cc4cc([N+](=O)[O-])ccc4n3Cc3cccc(F)c3)cc2)CC1
CHEMBL212110,N/C(=N\CC1CCCCC1)c1c(O)nsc1Nc1ccc(Br)cc1
CHEMBL4545782,CC(=O)Nc1sc2c(c1-c1nc3ccc(-c4cnn(C)c4)cc3s1)CCNC2
CHEMBL1971095,O=C1NC(NNc2ccccc2)=N/C1=C\c1ccccc1O
CHEMBL1482023,Fc1ccc(CSc2nsc(SCc3ccc(F)cc3)n2)cc1
CHEMBL3685837,Cc1nn(Cc2ccc(NC(=O)c3oc4c(F)cccc4c3C)cc2)c(C)c1CC(=O)O
CHEMBL1163403,CCn1c2ccccc2c2c(O)c(CN(Cc3ccccn3)Cc3ccc4c(c3O)c3ccccc3n4CC)ccc21
CHEMBL4540346,Cc1cccc2c1C(=O)[C@H]1[C@@H](CC[N@@+]3([O-])CCC[C@@H]13)O2
CHEMBL3949565,COc1cc(Cl)ccc1N1C(=O)COc2cc(S(=O)(=O)Nc3nccs3)ccc21
CHEMBL3195675,Cn1cc(Br)c(C(=O)N/N=C/c2cc3ccccc3nc2Cl)n1
CHEMBL467986,O=[N+]([O-])c1ccc2[nH]c(-c3ccccc3CO)cc2c1
CHEMBL3897375,CCCC(=O)OCC1(C)O[C@@H]2O[C@]3(C)CC[C@H]4[C@H](C)CC[C@@H]1[C@@]24OO3
CHEMBL4650723,CCCCCCOC(=O)Oc1ccc(COP(=O)(O)OP(=O)(O)OP(=O)(O)OC[C@@H]2C=C[C@H](n3cc(C)c(=O)[nH]c3=O)O2)cc1
CHEMBL2331926,COc1ccc(C(=O)c2cn(C)c3c(OC)c(OC)c(OC)cc23)cc1
CHEMBL3786338,CN1Cc2ccccc2CC1CN1CCC2(CCc3ccccc32)CC1
CHEMBL1594528,CCOc1cc(C)c(Cl)cc1S(=O)(=O)NC1CC(C)(C)NC(C)(C)C1
CHEMBL1195337,CCCCCCCc1cccc(N2CCN(C)CC2)n1
CHEMBL599072,COc1ccc2c(c1)c(=O)c1c(NCCc3ccccc3)ccc3nnn2c31
CHEMBL4093546,CC[C@]12C=CCN3CC[C@@]4(c5cc([C@@]6(C(=O)OC)C[C@@H]7CN(CCc8c6[nH]c6ccccc86)C[C@](O)(CCN=[N+]=[N-])C7)c(OC)cc5N(C)[C@H]4[C@@](O)(C(=O)OC)[C@@H]1OC(C)=O)[C@@H]32
CHEMBL529329,CCCNC(=O)c1ccnc(-c2ccc(CNC3Cc4ccccc4C3)cc2)c1
CHEMBL1979980,CC(C)CC1[C@@H](OCc2ccccc2)COS(=O)(=O)N1Cc1ccccc1
CHEMBL3684592,COc1ccccc1C1c2c(CO)n[nH]c2C(=O)N1c1ccc(-c2ccsc2)cc1
CHEMBL4852186,CC(=O)N[C@@H](CCCN)C(=O)NC(=O)[C@H](C)NC(=O)[C@H](CCCNC(=N)N)NC1CCN(CCCCC2CCN(CC(=O)N3c4ccccc4NC(=O)c4ccccc43)CC2)CC1.O=C(O)C(F)(F)F.O=C(O)C(F)(F)F.O=C(O)C(F)(F)F.O=C(O)C(F)(F)F
CHEMBL20066,CC(C)c1cccc2c(-c3ccccc3)cc(-c3ccc(-c4ccc(C(=O)O)cc4)[nH]3)nc12
CHEMBL456091,CC1CCc2c(-c3nn[nH]n3)n[nH]c21
CHEMBL86658,CCO[C@@H](Cc1ccc(OCCn2c3ccccc3c3ccccc32)cc1)C(=O)O
CHEMBL1767237,NC(=O)c1ccsc1NC(=O)Cc1ccccc1
CHEMBL1388146,C=CCSc1ncc(C#N)c(N)n1
CHEMBL4466340,Cc1ccc(Cl)cc1-n1nnnc1Oc1ccc([C@H]2CC[C@@H](C(N)=O)N2)cc1
CHEMBL3945320,NC(=O)c1c[nH]c([C@@H](O)c2ccccc2)cc1=O
CHEMBL2006659,Cc1ccc(SCC(=O)C2=C(O)CCCC2=O)cc1
CHEMBL4210871,Cc1nc(-c2ccc(F)cc2)sc1COc1ccc(S(=O)(=O)CC(=O)O)cc1
CHEMBL266042,CO/C(C)=C1/NC(=O)[C@H]([C@@H](C)O)NC(=O)c2csc(n2)-c2cc(O)c(-c3nc(C(=O)N[C@@H](C)C(=O)NCCOP(=O)([O-])[O-])cs3)nc2-c2csc(n2)[C@@H]2COC(=O)c3c4c5c(cccc5n3O)COC(=O)[C@@H](O[C@H]3C[C@](C)(O)[C@H](N(C)C)[C@H](C)O3)[C@@H](OC4)[C@H](NC(=O)c3csc1n3)c1nc(cs1)C(=O)N2.[Na+].[Na+]
CHEMBL4456336,O=C(O)CC1(CC(=O)c2cc(O)ccc2O)C=C(CO)CCC1
CHEMBL4642160,O=C(N[C@H]1CN(S(=O)(=O)c2ccccc2)C[C@@H]1C(=O)N[C@H]1CCCNC1)c1cn(C2CC2)cn1
CHEMBL1083291,C[C@@H]1COC[C@H](C)N1C(=O)C1CCN(c2ccc(S(=O)(=O)C3(C(=O)NO)CCOCC3)cc2)CC1
CHEMBL2236093,Cc1ccc2[nH]c(SCc3nc(N)nc(Nc4ccccc4C)n3)nc2c1
CHEMBL3754882,ICC1CN=C(Nc2ccc3c(c2)OCCO3)S1
CHEMBL4990235,COC(=O)Nc1ccc(O[C@@H](C)c2ncc(Br)cn2)cc1
CHEMBL2261038,Clc1nc2ccccc2cc1CNc1ccc(Br)cc1
CHEMBL1522179,O=C(NCCc1nc2ccccc2[nH]1)/C(=C/c1ccco1)NC(=O)c1ccc(Br)cc1
CHEMBL563794,Cc1cc2cc(N/C(=N\C#N)N[C@@H]3CCN(CC(=O)N4CCCC4)C3=O)ccc2o1
CHEMBL1864986,O=C(CN1CCN(C(=O)c2ccccc2)CC1)Nc1ccc(Cl)cc1F
CHEMBL3476357,Cc1ccc(-n2cccn2)cc1S(=O)(=O)N1C[C@H](C2CC2)[C@@H](N)C1
CHEMBL536165,CCCOc1c(CCNCCCCNCCc2ccc3ccccc3c2OCCC)ccc2ccccc12.CS(=O)(=O)O
CHEMBL4553600,COc1ccc(-c2ccc3c(c2)c2cc(CNc4ccc([N+](=O)[O-])cc4)ccc2n3CCCN(C)C)cc1
CHEMBL2098197,COc1ccc(-c2ccc(Nc3cccc(S(=O)(=O)CCNCC4CCCO4)c3)nc2)cn1
CHEMBL124464,CC/N=C(/NC#N)NCCCn1nc(-c2ccccc2)ccc1=O
CHEMBL1193381,Clc1cccc(N2CCN(CCCOc3ccc4c(c3)CCC4)CC2)c1
CHEMBL4748605,CC(C)=C1NC(=O)C2=C1O[C@@H](C[C@H](C)O)CC2=O
CHEMBL4996848,Cc1n[nH]c(C)c1CN(C)CCCCc1ccccc1
CHEMBL2375766,CC(C)CNc1nccc(NCCNc2cc(-c3ccccc3)nc(N)n2)n1
CHEMBL4101320,CC(C)=CCC[C@H](C)[C@H]1c2cc(C(=O)NCc3ccccc3)c(OC(=O)C(C)(C)C)c(OC(=O)C(C)(C)C)c2[C@H](C)C[C@H]1OC(=O)C(C)(C)C
CHEMBL5433003,Cc1cc(CCN2C(=O)CN(c3ccc(C(F)(F)F)cc3)C2=O)cc(C)c1OC(C)(C)C(=O)O
CHEMBL4439010,Cc1c(C(=O)Nc2ccc3ccccc3n2)nnn1-c1ccccc1C(N)=O
CHEMBL3651632,COC(=O)N[C@@H](C)CNc1nccc(-c2nc(C3CC3)[nH]c2-c2cc(C)cc(NS(C)(=O)=O)c2Cl)n1
CHEMBL504284,C[C@@H]([C@@H](O)[C@@H]1C[C@@H](C)C(=O)O1)[C@H]1C[C@H](O)[C@]2(O)[C@@H]3C[C@H]4C(C)(C)O[C@@H]5CC(=O)O[C@@]54CC[C@@]3(O)CC[C@]12C
CHEMBL4922159,Cc1ccc(N2CCC3(CC2)CC(=O)N(Cc2c(C)noc2C)C3)nn1
CHEMBL4850517,O=C(OCc1ccccc1)N1CCN(Cc2c(O)cc(O)c3c(=O)cc(-c4ccc(O)cc4)oc23)CC1
CHEMBL235457,O=C(NC1CC(c2ccccc2)CCN(CC2CC2)C1=O)N1CCC(n2cc(-c3ccccc3)[nH]c2=O)CC1
CHEMBL3245639,CC(O)Cn1c(=O)n(-c2ccc3c(c2)OCO3)c2ncccc21
CHEMBL4936504,CC(C)(C)OC(=O)NCCNC(=O)[C@H]1CC(=O)N(c2n[nH]c3cccc(F)c23)C1
CHEMBL3103046,O=C(/C=C(O)/C=C/c1ccccc1)/C=C/c1ccc(O)c(O)c1
CHEMBL1869092,COc1ccc(NC(=O)c2ccco2)cc1NC(=O)c1cc(OC)c(OC)c(OC)c1
CHEMBL136612,C[C@H]1CN(CCc2ccccc2)CC[C@@]1(C)c1cccc(N)c1
CHEMBL551791,CCCCCCOc1ccc(C(=O)CCN(C)C)c(Br)c1
CHEMBL231000,O=C(O)[C@@H](Cc1ccccc1)N1C(=O)/C(=C\c2cccc(Oc3ccc(Cl)c(Cl)c3)c2)SC1=S
CHEMBL3133155,CCCNc1nc(N)nc2c1ncn2[C@@H]1O[C@H](C(=O)NC)[C@@H](O)[C@H]1O
CHEMBL3501512,CS(=O)(=O)N1CC[C@H]2OCC[C@@]2(C(=O)NCc2ccccn2)C1.O=C(O)C(F)(F)F
CHEMBL4248495,COc1cc(C(=O)N/N=C/c2cc3ccccc3s2)cc(OC)c1OC
CHEMBL1347468,COc1ccc(C(=O)CSc2nnc(CNc3ccc(C)cc3C)o2)cc1
CHEMBL380536,FC(F)(F)Oc1ccc(Nc2nnc(-c3cccnc3CCc3ccncc3)o2)cc1
CHEMBL4472661,COCCOC(=O)C1=C(C)NC(=O)NC1c1ccc2c(c1)OCO2
CHEMBL1312685,O=C(CSc1nnnn1-c1ccccc1)Nc1ncc(Cc2ccccc2Cl)s1
CHEMBL507238,CC[C@]1(O)C[C@H]2CN(CCc3c([nH]c4ccc(SC)cc34)[C@@](C(=O)OC)(c3cc4c(cc3OC)N(C)[C@H]3[C@@](O)(C(=O)OC)[C@H](OC(C)=O)[C@]5(CC)CC=CN6CC[C@]43[C@@H]65)C2)C1
CHEMBL505766,O=C(CO)c1c[nH]c2ccc(O)cc12
CHEMBL1548563,CC(C)Cc1ccc(CN2CCCC(NC(=O)CCN3CCCCC3=O)C2)cc1
CHEMBL51697,CN1Cc2c(N)cccc2[C@H](c2ccccc2)C1
CHEMBL4920988,Cc1cc(C(=O)NC[C@H](Cc2ccc3ccccc3c2)C(=O)O)no1
CHEMBL105000,CSc1cc(-c2ccccc2)nc2nc(C)ccc12
CHEMBL4067205,COc1ccc(N2CCOCC2)c2sc(NC(=O)C(C)(C)Oc3ccc(C(F)(F)F)cc3)nc12
CHEMBL495844,COc1ccc(CCc2cc(O)c(C)c(O[C@@H]3O[C@H](CO)[C@@H](O)[C@H](O)[C@H]3O)c2)cc1
CHEMBL4798143,COc1ccccc1Cn1ccc2c1-c1oncc1CCC2
CHEMBL5441301,CCN1CCC2(CC1)OC(=O)C(C)=C2C(=O)N1C[C@@H]2C[C@H]1CN2c1cc(C(F)(F)F)ccn1
CHEMBL5439000,Nc1ccc(-c2ccc(F)cc2)cc1NC(=O)CCc1cn(Cc2ccc(C(=O)O)cc2)nn1
CHEMBL396871,OB(O)c1cc2cc(COc3ccccc3)ccc2s1
CHEMBL3458505,Cc1cnc(CN2CCN(C(C)c3nc(C)no3)CC2)cn1
CHEMBL604040,O=C(c1cc(Cc2c[nH]c(=O)c3cc(Cl)c(Cl)n23)ccc1F)N1CCN(c2ccccn2)CC1
CHEMBL1402012,Cc1ccc(-c2nnn(CC(=O)Nc3ccc4nn(-c5ccccc5)nc4c3)n2)o1
CHEMBL5313945,CCOc1ccccc1Nc1cc(C)ncn1
CHEMBL3491917,Cn1ccnc1CN1CCCN(C(=O)COC2CCCC2)CC1
CHEMBL4949686,CC(C)(C)c1ccc(Cn2c(C(=O)NCc3ccco3)cc3cc(NC(=O)c4ccc(C(C)(C)C)cc4)ccc32)cc1
CHEMBL3955706,COc1cc(OC)cc(N(CCCC#N)c2ccc3ncc(-c4cnn(C)c4)nc3c2)c1
CHEMBL4875538,CSc1nncc(-c2cnnc(OC(C)CN(C)C)n2)n1
CHEMBL2030039,O=c1cc(-c2ccc(Cc3ccc(OC(F)(F)F)cc3)cc2)[nH]c2cc(F)c(F)cc12
CHEMBL5431122,O=C(c1ccc(CNc2n[nH]c3ccccc23)cc1)N1CCN(C(=O)c2ccccc2F)CC1
CHEMBL2104980,Cl.N#Cc1c[nH]c2c(C(=O)N3CCN(CCc4ccc(F)cc4)CC3)cccc12
CHEMBL1164943,COC1(c2cc(F)cc(OCCCN3CCc4c(c5cc(F)ccc5n4Cc4ccc(S(C)(=O)=O)cc4)C3)c2)CCOCC1.Cl
CHEMBL452113,CC1=CC[C@@H](C(C)(C)O[C@@H]2O[C@H](CO[C@@H]3O[C@@H](CO)[C@H](O)[C@H]3OC(=O)c3cc(O)c(O)c(O)c3)[C@@H](O)[C@H](O)[C@H]2O)CC1
CHEMBL1242941,O=c1c2cc(O)c(O)cc2c2cc(O)c(O)cc2n1Cc1cc([N+](=O)[O-])ccc1O
CHEMBL437214,Cc1ccc(N2C(=O)[C@@H]3C4CCC(O4)[C@@H]3C2=O)cc1Cl
CHEMBL1801998,CC(=O)N(C1=NN(C(C)=O)C(c2cc3cccc(Cl)c3nc2Cl)S1)c1ccc([N+](=O)[O-])cc1
CHEMBL4080636,Cn1c(-c2ccc(CN3CCCC3)cc2)nc2onc(-c3ccccc3Cl)c2c1=O
CHEMBL34330,COC(=O)N(C)[C@@H]1CCN2CCc3ccccc3[C@@H]2C1
CHEMBL369054,CCCCCCCCCCN1C(=O)C(CCOc2ccccc2CC(=O)O)Oc2ccccc21
CHEMBL2005315,COc1ccccc1CC(C)N.Cl
CHEMBL5280644,C=Cc1cncc2c1CC1c3[nH]c4ccccc4c3CCN1C2=O
CHEMBL4302001,O=C(CCN1CCC(Cc2ccccc2)CC1)c1ccc2ccccc2c1
CHEMBL448381,Cc1sc(C)c(-c2ccc(O)c(O)c2)c1Br
CHEMBL5310748,Cn1cc(NC(=O)CN2CCC(N3CCC[C@H](C(=O)N4CCCC4)C3)CC2)cn1
CHEMBL3665257,COc1cccc(CCNC(=O)c2cccnc2Oc2ccc(Nc3ccccn3)cc2)c1
CHEMBL1612470,CC1=Nc2ccccc2N=C(NC(=O)/C=C/C(=O)O)C1c1ccccc1
CHEMBL524358,CC[C@H](C)[C@H](NC(=O)[C@H](Cc1c[nH]c2ccccc12)NC(=O)[C@H](CCCCN)NC(=O)[C@@H](N)CCCNC(=N)N)C(=O)N[C@@H](Cc1c[nH]c2ccccc12)C(=O)N[C@@H](CCCNC(=N)N)C(=O)N[C@@H](Cc1c[nH]c2ccccc12)C(=O)N[C@@H](Cc1ccccc1)C(=O)N[C@@H](CC(C)C)C(=O)O
CHEMBL5199894,COc1cc2ncnc(Nc3ccc(F)c(Cl)c3)c2cc1NC(=O)/C=C/N1CCCCC1
CHEMBL283609,CC1OC(P(=O)(O)O)C=CC1n1ccc(N)nc1=O
CHEMBL4913098,COC[C@H]1CN(c2ccc3nccnc3n2)CCO1
CHEMBL515098,COc1cc(Nc2c(C(N)=O)cnc3c(OC)cc(S(C)(=O)=O)cc23)ccc1F
CHEMBL189274,COc1ccc(-c2c(-n3ccnc3)oc3cc(OCc4ccccc4)ccc3c2=O)cc1
CHEMBL1345486,Nc1c2c(nc3ccc(Br)cc13)N(Cc1ccccc1)CC2
CHEMBL1364674,COc1ccc(Cn2ccc3nc(C)c(C(=O)N4CCN(c5ccccc5OC)CC4)cc3c2=O)cc1
CHEMBL77358,COc1ccc(/C(C)=N/NC(N)=O)cc1OC1CCCC1
CHEMBL424766,N#Cc1c(-c2ccccc2C(=O)[O-])cc(-c2ccccc2O)nc1N.[Na+]
CHEMBL1486950,O=C(N1CCOCC1)N1CCN(c2ccccn2)CC1
CHEMBL418704,O=P(O)(O)C(Cc1ccccc1)N[C@H](Cc1ccc(-c2ccccc2)cc1)c1nnn[nH]1
CHEMBL4461261,O=c1c2ccccc2nnn1Cc1ccc[n+](Cc2c(Cl)cccc2Cl)c1
CHEMBL1275833,CC(=O)Oc1ccc(/C=C/C(=O)Oc2cc3c(c(C)c2C)O[C@](C)(CC/C=C(\C)CC/C=C(\C)CCC=C(C)C)CC3)cc1OC(C)=O
CHEMBL3192960,Cc1ccsc1/C=N/NC(=O)C(N)=O
CHEMBL1774350,CCNC(=O)Nc1ccc(-c2nc3c(c(N4CCOCC4)n2)OCCC3)cc1
CHEMBL560675,CCCCNC(=O)Nc1ccc(C(=O)CCN(C)C)cc1
CHEMBL5414441,CCN(c1ccc(F)cc1)S(=O)(=O)C1CC2OC1C(c1ccc(NC(=O)CCCCC[Se]C#N)cc1)=C2c1ccc(O)cc1
CHEMBL2088116,Cn1cc(C#N)nc1-c1c2c(=O)n(CC3CC3)c(=O)n(CC3CC3)c2nn1Cc1ccnc2ccc(Cl)cc12
CHEMBL3305711,CS(=O)(=O)Nc1cccc(C(O)CNC2CC2)c1
CHEMBL3818214,COc1cc2c(c(OC)c1OC)-c1c(cc3c(c1OC)OCO3)C[C@H](C)[C@](C)(O)[C@H]2OC(=O)c1ccc(C)c([N+](=O)[O-])c1
CHEMBL1577445,O=C(CSc1nn(-c2ccccc2)c(=S)s1)Nc1ncccn1
CHEMBL356462,CC(C)NCC(O)COc1ccc(Cn2cccn2)cc1
CHEMBL2144361,CCc1ccc([C@H]2[C@@H]3C(=O)C[C@@H]4C(=O)N(c5ccccc5)C(=O)[C@@H]4[C@@H]3CN2S(=O)(=O)c2ccc(C)cc2)cc1
CHEMBL1480847,Cc1ccccc1NC(=O)c1cccc2nc3ccccc3nc12
CHEMBL2271800,CCO/N=C/COc1ccc(Oc2cccc(C)c2)cc1
CHEMBL1628267,C=C1[C@@H](OOCC)O[C@@H]2O[C@]3(C)CC[C@H]4[C@H](C)CC[C@@H]1[C@@]24OO3
CHEMBL4453188,Cc1ccc([C@@H]2C[C@@H](SCCc3ccccc3)[C@H](C(=O)O)CN2S(=O)(=O)c2ccccc2C)cc1
CHEMBL1732008,O=C(NCCCN1CCOCC1)c1ccccc1N1C(=O)[C@@H]2Cc3c([nH]c4ccccc34)C(c3cccc(Cl)c3)N2C1=O
CHEMBL1531767,CSc1nnnc2ccccc12
CHEMBL1533523,Cc1cc(C)cc(NC(S)=NCCc2c[nH]c3ccccc23)c1
CHEMBL5186525,O=C(O)c1ccc(CNC(=O)c2c(Cc3ccc(F)cc3)sc3c2CCOC3)cc1
CHEMBL1789139,COc1ccc(CNc2nc(NCC(C)OC(=O)[C@@H](N)C(C)C)nc3c(NCc4ccc(OC)c(OC)c4)nc(NCC(C)OC(=O)[C@@H](N)C(C)C)nc23)cc1OC
CHEMBL1379444,CCCCN1C(=O)CC(C(=O)O)C1c1ccc(OC)cc1
CHEMBL517597,CC1(C)CC[C@]2(C)CC[C@]3(C)C(=CC[C@@H]4[C@@]5(C)CC[C@H](O)C(C)(C)C5C(=O)C[C@]43C)[C@H]2C1
CHEMBL302782,CC(=O)N[C@H](Cc1ccccc1)C(=O)N[C@H](CCCN=C(N)N)C(=O)N[C@@H](Cc1c[nH]c2ccccc12)C(N)=O
CHEMBL283802,CC(C)[C@H](NC(=O)[C@H](CC(=O)O)NC(=O)[C@H](Cc1cscn1)NC(=O)[C@H](C)NC(=O)[C@@H](N)Cc1ccc(O)cc1)C(=O)N[C@H](C(=O)NCC(N)=O)C(C)C
CHEMBL470959,C/C(C=O)=C\CC/C(C)=C/C=C/C(=O)N1CCCC1
CHEMBL5280400,Cc1c(C(=O)C(=O)NC(C)C)nn(-c2ccc(Cl)cc2Cl)c1-c1ccc(Cl)cc1
CHEMBL4090868,COC(=O)/C(C)=C1\C(=O)[C@H](O)[C@]2(C)C3=C(C[C@@H]4[C@]5(OC(=O)C(CO)=C5C[C@H]5[C@](O)(COC(=O)/C=C(\C)CO)[C@H]6C[C@H]6[C@]45C)[C@H]31)[C@H]1C[C@H]12
CHEMBL4294501,O=C1c2ccccc2C(=O)c2[nH]c(-c3ccc([N+](=O)[O-])cc3)nc21
CHEMBL5418942,O=C(O)CC1Sc2nnc(Cc3ccc(Br)cc3)n2N=C1c1ccc(Cl)cc1
CHEMBL1902782,Cc1ccc(S(=O)(=O)Nc2ccc(S(=O)(=O)Nc3nccs3)cc2)cc1C
CHEMBL357374,CC(=O)O[C@H]1C(=O)[C@@]2(C)C([C@H](OC(=O)c3ccc([N+](=O)[O-])cc3)[C@]3(O)C[C@H](OC(=O)[C@H](O)[C@@H](NC(=O)c4ccccc4)c4ccccc4)C(C)=C1C3(C)C)[C@]1(OC(C)=O)CO[C@@H]1C[C@@H]2O
CHEMBL408603,CC[C@@H]1/C=C(\C)C[C@H](C)C[C@H](OC)[C@H]2O[C@@](O)(C(=O)C(=O)N3CCCC[C@H]3C(=O)O[C@H](/C(C)=C/[C@@H]3CC[C@@H](OCc4nc(-c5cc(Cl)cc(Cl)c5)c[nH]4)[C@H](OC)C3)[C@H](C)[C@@H](O)CC1=O)[C@H](C)C[C@@H]2OC
CHEMBL3982232,O=C(Nc1cc2ccccc2cc1OC1CCC(O)C1)c1cnn2cccnc12
CHEMBL5403327,CC(=O)N1CCN(C(=S)SCc2ccc([N+](=O)[O-])cc2)CC1
CHEMBL111532,CCCN(CCc1ccc(N)cc1)C1CCc2c(O)cccc2C1
CHEMBL3491762,O=C(c1ccc2c(c1)OCO2)N1CCCC(n2ccnc2)C1
CHEMBL1419231,CS(=O)(=O)N(CC(=O)Nc1ccc(S(=O)(=O)N2CCCC2)cc1)c1ccccc1F
CHEMBL2012619,O=C(O)C[C@H]1CC[C@H](c2ccc(C(=O)Nc3nnc(CCc4ccc(F)cc4)s3)cc2)CC1
CHEMBL4211297,C#CCN(CCCCOc1ccc2ccc(=O)oc2c1)Cc1ccccc1
CHEMBL20695,COc1nc2nc(C(=O)c3ccccc3)cn2c(C)c1CC1CC1
CHEMBL4555872,Cc1ncsc1-c1ccc(CNC(=O)[C@@H]2C[C@@H](O)CN2C(=O)[C@@H](NC(=O)CCOCCOCCOc2ccc3c(c2)sc2nc(-c4ccc(NC(=O)Nc5cc(C(C)(C)C)on5)cc4)cn23)C(C)(C)C)cc1
CHEMBL1551418,COc1ccccc1OC[C@H](O)COC(N)=O
CHEMBL5275189,COC(=O)[C@H](CCCCNC(=O)CC[C@H](C)[C@H]1CC[C@H]2[C@@H]3[C@H](O)C[C@@H]4C[C@H](O)CC[C@]4(C)[C@H]3C[C@H](O)[C@]12C)NC(=O)CC[C@@H](C)[C@H]1CC[C@H]2[C@@H]3[C@H](O)C[C@@H]4C[C@H](O)CC[C@]4(C)[C@H]3C[C@H](O)[C@]12C
CHEMBL4101906,CC1(C)C[C@H](NC(=O)C2(c3ccc4c(c3)OC(F)(F)O4)CC2)c2cc(F)ccc2O1
CHEMBL4212868,CC(=O)N1CCC[C@H]1COCCCCCCCCC/C=C/c1ccc(Oc2ccccc2)cc1
CHEMBL1214892,CCCOc1ccc(CN2CCN(Cc3cc4ccccc4o3)CC2)cc1
CHEMBL4959851,O=C1CN(c2ccc(NC(=O)C3CCCCC3)cn2)CCN1
CHEMBL512517,O=C(c1ccc(-c2nc(CS(=O)(=O)Cc3ccc(F)cc3)no2)s1)C(F)(F)F
CHEMBL3771008,O=C1COc2ccccc2C2CC(c3ccccc3Cl)=NN12
CHEMBL156716,Cc1c(C)c2c(c(C)c1Nc1ccccc1)CC(C)(C)O2
CHEMBL3453859,CC(C)(C)NC(=O)CN1CCCNCC1
CHEMBL3103546,COc1ccc(CCC(=O)c2c(O)c(CC=C(C)C)c3c(c2O)CC(O)C(C)(C)O3)cc1
CHEMBL3357671,C[C@]12CCCO[C@@H]1[C@]1(COC(N)=N1)c1cc(-c3cncnc3)ccc1O2
CHEMBL1523879,Nc1ncn([C@H]2O[C@@H](CO)[C@@H](O)[C@@H]2O)c(=O)n1
CHEMBL1594330,COC(=O)c1[nH]c2c(c1C)C(=O)CCC2
CHEMBL1767313,CC(C)c1c(Cc2ccc(F)cc2)n(Cc2ccc(F)cc2)c(=O)n(O)c1=O
CHEMBL4217224,Clc1ccc(Cn2cc(COCc3c(-c4ccccc4)nc4sc5ccccc5n34)nn2)cc1
CHEMBL360725,CCc1cc(-c2ccc(F)cc2)cs1
CHEMBL5181472,CCc1c(-c2csc(N3CCNCC3)n2)[nH]c(C)c1C(C)=O
CHEMBL2377428,CC[C@H](CO)NC(=O)NC1CCCCC1
CHEMBL155603,CCCN(c1ccncc1)n1cc(C=O)c2ccccc21
CHEMBL4588993,CNCC1CCN(C(=O)Nc2ccccc2)CC1
CHEMBL4483403,C/C=C(\C)[C@H]1[C@@H](/C=C/C=C(\C)[C@@H](O)[C@@H](C)C(C)O)[C@@H]2C[C@@H](OC(=O)Cc3ccccc3)[C@](C)(O)C[C@H]2[C@@H]2O[C@@]21C
CHEMBL1625540,O=C(CNCCC1=CCCCC1)Nc1ccccc1N1CCCCCC1
CHEMBL5491223,COc1cccc(NC(=O)CCc2nc(-c3ccccc3)no2)c1
CHEMBL4526004,C=C(C)CN1CCC(C(N)=O)CC1
CHEMBL373400,C/C(=N\NC(=S)N1CCCC1)c1ccccn1
CHEMBL347057,CCOC(=O)C1CCCN(Cc2cc3c(cc2-c2ccc(S(C)(=O)=O)cc2)OCO3)C1
CHEMBL244679,N[C@]1(C(=O)O)C[C@H]1[C@@H]1CC(C(=O)O)=NO1
CHEMBL61834,Cl.Cl.NCCCC(=O)NCCCCCCNC(=O)CCCN
CHEMBL577394,CCN(CC)C(=O)c1ccc(N(c2cccc(CO)c2)C2CCN(Cc3ccccc3)CC2)cc1
CHEMBL4083169,COc1cc(O)c2c(=O)c(O[C@@H]3O[C@@H](C)[C@H](O)[C@@H](O)[C@H]3O)c(-c3ccc(O)c(O)c3)oc2c1O
CHEMBL1466781,O=C(c1ccc(F)cc1)N1CCN(c2ccc([N+](=O)[O-])c(N3CCOCC3)c2)CC1
CHEMBL3121218,O=C(Nc1ccccc1)c1cccc(Oc2ccc3c(c2)c(=O)ncn3Cc2c(F)cc(F)cc2F)c1C(F)(F)F
CHEMBL5435159,COc1cc2c3c(c1OC)-c1ccccc1C[C@H]3N(C(=O)c1cc[n+](Cc3ccc(F)cc3)cc1)CC2.[Br-]
CHEMBL2311585,C[C@H](O)CNC(=O)c1c(O)c2ncc(Cc3ccc(F)cc3)cc2[nH]c1=O
CHEMBL4064005,OC12CC3CC(C1)CC(NCc1noc(C4CC4)n1)(C3)C2
CHEMBL2391625,CC(C)(C)c1ccc2[nH]c3c(c2c1)CC(=O)Nc1ccc(-c2ccc4c(c2)OCO4)cc1-3
CHEMBL1094054,CCC(C)(C)Cc1c[nH]c(CCc2ccc(-c3ccccc3OCc3nnn[nH]3)cc2)n1
CHEMBL249663,CC1=C2OC(C)(C)c3cc4c(c(c32)C(=O)C1=O)C(C)(O)C=CO4
CHEMBL38523,I.Nc1nc2c(s1)-c1ccccc1C2
CHEMBL1858194,CCc1nc(C)cn1Cc1coc(-c2cccc(OC)c2)n1
CHEMBL3981208,CCn1nccc1NC(=O)c1ccccc1Nc1ccc2c(/C=C/c3ccccn3)n[nH]c2c1
CHEMBL4933459,Cc1ccc2c(c1)c1c(n2S(=O)(=O)c2ccc(C(C)(C)C)cc2)CCCN(C)C1
CHEMBL365766,CC(C)C[C@H](NC(=O)[C@]1(NC(=O)[C@H](C)N)CCC2C1[C@H]2C(=O)O)C(=O)O
CHEMBL1622232,Cc1ccc(CCSc2ccc(C(C)(C)C)cc2)c[n+]1CC(=O)c1ccccc1
CHEMBL1092864,CC1(C)C2=C(OC1CI)C(=O)c1c(O)cccc1C2=O
CHEMBL277685,Cl.c1ccc(C[C@H]2CN=C(Cc3cccc4ccccc34)N2)cc1
CHEMBL1902739,CCCCCCN1C[C@@H](O)[C@H](n2cc(-c3ccc(F)cc3)nn2)C[C@@H]1c1ccccc1
CHEMBL3041000,O=[N+]([O-])c1ccc(C[n+]2ccc3c4ccccc4n(CCCc4ccccc4)c3c2)cc1
CHEMBL332677,CCCN(CCC)C1COc2c(ccc3sc(N)nc23)C1
CHEMBL3438934,CC1=Nc2c(c(=O)[nH]n2C(C)C)C(c2cccc(OC(F)F)c2)S1
CHEMBL3133786,COc1ccc(CC[C@H]2CCC[C@@H](CCc3ccc(OC)cc3)N2C[C@H](O)CO)cc1
CHEMBL5084085,CC(C)(CO)Nc1ccc(C(=O)Nc2cccc(N3CCOCC3)n2)c(N2CCC3(CC2)CC3)n1
CHEMBL2409889,Cc1ccc(-c2csc(Nc3ccc(CCN4CC[C@H](O)C[C@@H]4CO)cc3)n2)cc1
CHEMBL1979464,CN(C)C(=S)/N=c1\ss/c(=N\C(=S)N(C)C)n1Cc1ccco1
CHEMBL3210217,Cc1ccc(-n2c(SCC(=O)N/N=C/c3ccccc3C(=O)O)nnc2-c2ccccc2)cc1
CHEMBL1973183,CCOC(=O)n1[nH]c(=O)n(-c2ccccc2)c1=O
CHEMBL1162224,NS(=O)(=O)c1cc(-c2ccc(CSCc3ccc(C(F)(F)S(=O)(=O)O)c(Br)c3)cc2)ccc1Br
CHEMBL3290577,CN1CCN(c2nc(N)nc(-c3ccc(F)cc3)n2)CC1
CHEMBL1501835,CC(NC(=O)c1ccc([N+](=O)[O-])cc1[N+](=O)[O-])c1ccc(-c2ccccc2)cc1
CHEMBL2042972,CCOC(=O)c1sc(NC(=O)CCN2CCOCC2)nc1C
CHEMBL3229978,CC(=O)C1=C(O)/C(=C(\O)Nc2cc(O)ccc2N)C(=O)OC1=O
CHEMBL5006741,CCN1CC[C@H](NC(=O)C(C)(C)CO)C(F)(F)C1
CHEMBL424910,CCCn1c2ccc(NC(=O)Nc3ccccc3F)cc2c2c3c(c4c(c21)CCc1nn(C)cc1-4)C(=O)NC3
CHEMBL232021,O=C1Cc2ccccc2N1O
CHEMBL4646529,C[C@H]1[C@H](C)CC[C@]2(C(=O)O)CC[C@]3(C)C(=CC[C@@H]4[C@@]5(C)CC[C@H](OC(=O)c6ccccc6C(=O)O)C(C)(C)[C@@H]5CC[C@]43C)[C@H]12
CHEMBL3138848,COC(=O)CCCCC/C(CN)=N\O
CHEMBL3948414,CCC(C(=O)Nc1ccc2[nH]ncc2c1)n1cc(OC)c(-c2cc(Cl)ccc2C#N)cc1=O
CHEMBL4926065,CC1CCCc2ncc(C(=O)N[C@@H]3C[C@H]3c3cnn(-c4ccccc4)c3)n21
CHEMBL1494864,COc1ccc2oc(=O)c(C(=O)NCc3cccnc3)cc2c1
CHEMBL4522188,CC1CCc2cc(F)cc3c(O)c(C(=O)NCc4cnc5ccccc5c4)c(=O)n1c23
CHEMBL4584213,Cc1ccc(S(=O)(=O)N[C@@H](CC(=O)NC(C)(C)C)C(=O)NCCNC(=O)c2ccc(Cl)cc2)cc1
CHEMBL5187557,COc1ccc(CN2CCOc3cc(-c4cnc5[nH]ccc5c4)ccc3C2=O)cc1OC
CHEMBL3273310,CCn1c2c(c3ccccc31)CC(N(C)C)CC2.Cl
CHEMBL4975335,O=C(O)c1occc1CN1CCC(Cc2cccc(F)c2F)CC1
CHEMBL1562099,Cc1cc(=O)oc2c3c(cc(OCC(=O)N[C@@H](C)C(=O)O)c12)OC(C)(C)CC3
CHEMBL1642496,[O-]/[N+](=C\c1ccccc1)Cc1ccccc1
CHEMBL2135906,O=C(NCc1ccccc1CN1CCCC1)c1ccc(S(=O)(=O)Nc2ccccc2)cc1
CHEMBL3334948,Nc1cccc(-c2cnc3snc(NC(=O)C4CCCCC4)c3c2)c1
CHEMBL1469001,COc1cc(C(=S)N2CCCC2)cc(OC)c1OC
CHEMBL2229200,CC1=CC(=O)/C(=C(/C)Nc2cc([N+](=O)[O-])ccc2O)C(=O)O1
CHEMBL1363784,N#Cc1cccc(CN2CCCN(Cc3ccc(F)cc3)S2(=O)=O)c1
CHEMBL1272314,Cc1nc2ccncc2n1C1C[C@H]2CC[C@@H](C1)N2CCC(NC(=O)C1CC[S+]([O-])CC1)c1cccc(F)c1
CHEMBL1381326,Cc1ccc(SCCNC(=O)/C=C/c2cccc([N+](=O)[O-])c2)cc1
CHEMBL1895164,C=CCC[C@@H](Cc1ccc(F)cc1)C(=O)OCCNC(=O)[C@@H](CC=C)CC(=O)N[C@@H](CO)Cc1ccccc1
CHEMBL128540,CC(=O)Oc1cc(S(=O)(=O)Nc2n[nH]c(Nc3ccc(C)cc3)n2)c(S)cc1Cl
CHEMBL2358383,COc1ccc(OC)c(CN2C(=O)CSCC2(C)C(=O)NCc2ccccc2)c1
CHEMBL4452113,O=C1CC(O)(C(F)(F)F)c2c(C3CCN(c4ccc(OC(F)F)nc4)CC3)n[nH]c2N1
CHEMBL64075,CC(C)(C)c1cc(NC(=O)Nc2cccc(Cl)c2Cl)cs1
CHEMBL4789033,COc1ccc(-c2c(C(N)=O)[nH]c3ccc(Cl)cc23)cc1
CHEMBL2286531,CCO/N=C/Nc1cc(Cl)c(SSCC)c(Cl)c1
CHEMBL3427647,O=C(/C=C/c1cccn(Cc2ccncc2)c1=O)NO
CHEMBL162864,CCOC(=O)CCCCCCCNC(=O)N1c2c(O)nc(N)nc2NCC1CNc1ccc(C(=O)NC(CCC(=O)O)C(=O)O)cc1
CHEMBL151543,COc1cc(CCc2cnc3nc(N)nc(N)c3c2C)cc(OC)c1
CHEMBL210636,COc1cncc(N2C3CCNCC2CC3)c1
CHEMBL1831241,O=C1c2cccnc2C(=O)c2c1c(C(=O)NCCCN1CCOCC1)c1ccc(Br)cn21
CHEMBL3577912,COc1ncc(-c2cnc3ncnc(-c4ccncc4)c3c2)cc1NS(=O)(=O)c1ccc(F)cc1F
CHEMBL4080326,Cl.NC(=O)c1c(NC(=O)Nc2ccc(Cl)cc2)sc2c1C[C@H]1CC[C@@H]2N1
CHEMBL5310270,O=C(Cc1c[nH]c2ncccc12)Nc1ccc2c(c1)NC(=O)CC2
CHEMBL1528164,CC(=O)Nc1cccc(C)c1
CHEMBL2436626,Nc1cc(CN2CCC(F)(C(=O)N3CCC(N4CCNc5ccccc5C4)CC3)CC2)ccn1
CHEMBL1164016,COc1ccc2c(c1)OC(c1cccc([N+](=O)[O-])c1)C(c1ccccc1)C2=O
CHEMBL1907056,CCCCCC(=O)OC(CN1CCCCCC1)CN1CCCC1=O
CHEMBL3478041,CN1CCC(N(C)CCC(=O)N2CCN(Cc3cccc(F)c3)CC2)C1
CHEMBL1992889,CC(=O)O.NCCN1CCCCCc2ccccc21
CHEMBL3350068,CCCC[C@@H]1NC(=O)[C@H](Cc2ccccc2)NC(=O)[C@@H](Cc2ccccc2)NC(=O)CC2(CCCCC2)SSC[C@@H](C(=O)N2CCC[C@H]2C(=O)N[C@@H](CCCN=C(N)N)C(=O)NCC(N)=O)NC(=O)[C@H](CC(N)=O)NC1=O
CHEMBL2297001,S=C(N/N=C/c1ccccc1)N1CCNCC1
CHEMBL3113010,CS(=O)(=O)c1cccc(S(=O)(=O)N2CCCc3ccc(Oc4cc(-c5nc(C6CC6)no5)cc(Cl)n4)cc32)c1
CHEMBL4589528,NC(=O)NC(CC(=O)Nc1ccc2c(c1)-c1ccccc1C2)c1ccccc1
CHEMBL1797074,O=S(=O)([O-])c1cc(S(=O)(=O)N[C@@H]2C(O)O[C@@H](CO)[C@H](O)[C@H]2O)ccc1C1=c2cc3c4c(c2Oc2c1cc1c5c2CCCN5CCC1)CCC[N+]=4CCC3
CHEMBL4064899,O=C(O)c1ccc(Nc2nc3ccccc3n3nnnc23)cc1
CHEMBL382542,N#Cc1ccc(NCC(F)(F)c2ccccn2)[n+]([O-])c1CC(=O)NCc1cc(Cl)ccc1CN
CHEMBL1643334,CN(C)CCNC(C(=O)Nc1ccc(OC(F)(F)F)cc1)c1ccc(/C=C/C(=O)Nc2ccccc2N)cc1
CHEMBL1459884,Cc1ccc(Nc2nnc(SC/C(O)=C(\C#N)c3nc4ccccc4[nH]3)s2)c(C)c1
CHEMBL4459022,O=C1NC(=O)C(c2cn(CCCn3ccnc3)c3ccccc23)=C1c1coc2ncccc12
CHEMBL3439389,COc1cn(CC(N)=O)c(CSc2nccc(C)n2)cc1=O
CHEMBL593711,CS(=O)(=O)Nc1ccc(CCC(=O)NNC(=S)Nc2ccc(Cl)c(Cl)c2)cc1
CHEMBL1736082,O=C(CNC(=O)c1[nH]nc2ccccc12)Nc1cc(Cl)ccc1Cl
CHEMBL5012954,Cc1nc2cncc(N3CCN(C[C@H]4COCCO4)CC3)n2n1
CHEMBL484088,Fc1ccc(CC2CC(CCc3ccccc3)=NO2)cc1
CHEMBL173546,CC(C)CC(NC(=O)C(CC(C)C)NC(=O)c1cc(O)nc(O)n1)C(=O)O
CHEMBL5186284,O=S(=O)(c1ccccc1)n1ccc2c(N3CCN(CCN4CCN(Cc5cccc6c5ccn6Cc5ccccc5)CC4)CC3)cccc21
CHEMBL277247,Cn1cc(-c2ccc(Cl)cc2)c(C(c2ccccc2)n2ccnc2)c1
CHEMBL381689,Cc1ccc(Cn2nc(C(=O)NC3C4(C)CCC(C4)C3(C)C)cc2-c2ccc(Cl)c(C)c2)cc1
CHEMBL153154,COc1ccc(CCNCc2ccccc2C(=O)NCCCCc2ccccc2)cc1
CHEMBL4457394,Cc1ccc([C@@H]2C[C@@H](SCCc3ccccc3)[C@H](C(=O)O)CN2S(=O)(=O)c2ccc(C)cc2)cc1
CHEMBL1672350,Cc1ccc(S(=O)(=O)N2CCN(c3nc(-c4cccs4)nc4c3ncn4COC(=O)C(C)(C)C)CC2)cc1
CHEMBL3613622,COC(=O)c1cccc(NC(=O)C2(CN(C)C)CCN(c3ncnc4[nH]c(C)cc34)CC2)c1
CHEMBL3676391,C=CC(=O)Nc1cc2c(Nc3ccc(Br)cc3F)ncnc2cc1OCCOCCOC(=O)CC(=O)OCC
CHEMBL609,NCCNCCNCCN
CHEMBL5399330,COc1cc(N2CCOCC2)ccc1Nc1ncc(N(C)C)c(Nc2ccccc2NS(C)(=O)=O)n1
CHEMBL4111384,Cc1cccc(C(=O)N[C@@]23CCC[C@@](NC(=O)c4ccccn4)(CC2)C3)n1
CHEMBL1507303,N#CC1=C(N)Oc2cc(N)ccc2C1c1ccccc1F
CHEMBL3486234,CCCc1nc(C(=O)N2CCCn3nc(CCC(=O)O)cc3C2)cs1
CHEMBL3753890,COC(=O)Nc1ccc(NC(=O)[C@H](Cc2ccccc2)NC(=O)/C=C/c2cc(Cl)ccc2-n2cnnn2)cc1
CHEMBL1568632,CCCCCC(=O)NCc1c(C(F)(F)F)nn(C)c1N1CCOCC1
CHEMBL89855,COc1cc(C(=O)NS(=O)(=O)c2ccccc2Cl)ccc1Cc1csc2ccc(NC(=O)CC3CCCC3)cc12
CHEMBL1332785,CCn1c(C(=O)N2CCC(C(=O)N3CCC4(CC3)OCCO4)CC2)cc2sccc21
CHEMBL3309750,N[C@@H](Cc1cnc[nH]1)C(=O)N[C@@H](Cc1c[nH]c2ccccc12)C(=O)N[C@@H](Cc1cnc[nH]1)C(=O)NCc1ccccc1
CHEMBL461277,COc1cc([C@H]2OC[C@@H]3C(=O)OC[C@@H]32)cc(OC)c1O
CHEMBL3688676,Cn1cc(C(=O)Nc2ccc(F)c([C@@]3(C(F)F)N=C(N)O[C@@H]4C[C@@H]43)c2)ccc1=O
CHEMBL3927973,Cc1cc(C)c(-n2ccn3nc(-c4cccnc4)cc23)cc1NC(=O)c1cccc(OC(F)F)c1
CHEMBL2391889,COC(=O)[C@H](CC(C)C)NC(=O)CSc1nnc2sc3ccccc3n12
CHEMBL4543818,CNc1nc2cn(C3CCCC3)c(=O)c-2c[nH]1
CHEMBL5405362,O=c1[nH]c(/C=C/c2ccccc2)nc2cc(O)c(O)c(O)c12
CHEMBL5195123,COc1c(C)cnc(CON)c1C
CHEMBL4522391,CCCOc1ccc(N)cc1-c1nc(CC)c(CC)c(=O)[nH]1
CHEMBL2281832,Cc1csc(-c2nnc(C3(O)C4CC5CC(C4)CC3C5)[nH]2)c1
CHEMBL1876606,COc1ccc(CCN2CCCC(CN(C)Cc3cccc(OC)c3)C2)cc1
CHEMBL4113208,CCc1ccc(-c2nc(-c3ccnc(C)c3)c3n2C[C@@H](C)OCC3)cc1OC
CHEMBL159806,CC[C@@H](O)C(c1ccccc1)(c1ccccc1)[C@@H](C)CN(C)C
CHEMBL4989077,N#Cc1cccc(C(=O)N2CCC[C@H](c3nccn3CC3CC3)C2)c1
CHEMBL2396662,Cc1sc2nc(-c3ccccn3)[nH]c(=O)c2c1C
CHEMBL2094734,COc1ccc(C)cc1/N=N/c1ccc(O)c2nc(/C=N/O)ccc12
CHEMBL3683603,O=C(c1nn([C@H]2CCCN(CCF)C2)c2c1CS(=O)(=O)c1ccccc1-2)N1CCOCC1
CHEMBL64711,CCC(=O)NCCn1c(I)cc2cc(OC)ccc21
CHEMBL1886046,CCc1nnc(NC(=O)[C@@H]2CCCN2C(=O)c2cccs2)s1
CHEMBL576027,Clc1ccccc1Nc1nc(-c2ccncc2)cs1
CHEMBL4228154,OCCCCCNCc1ccc(Cl)c(Cl)c1
CHEMBL335629,NCCCC(NC(=O)c1ccc(CNc2ccc3nc(N)nc(O)c3c2Cl)cc1)C(=O)O
CHEMBL1800321,O=C(O)c1cc(N/C(=N\S(=O)(=O)c2ccccc2)c2ccccc2)ccc1O
CHEMBL308733,CCCCCCCCCCCCCCCCCCN(CCCCCCCCCCCCCCCCCC)C(=O)CCCNCCNCCCCNCCCN
CHEMBL1417004,O=C(CSc1nnc(COc2ccc(Cl)cc2)o1)N1CCN(c2ccccc2)CC1
CHEMBL4847016,Cc1cccc(Cn2c(OC3CCN(C(=O)c4ccco4)CC3)nc3ccccc32)c1
CHEMBL1602512,COc1ccc(N(CC(=O)Nc2cc(C)on2)S(=O)(=O)c2cc(C)ccc2C)cc1
CHEMBL587763,CCCCc1cc(NCc2ccncc2)nc(Nc2cccc(OC)c2)n1
CHEMBL600826,CCCc1nccn1CC(O)c1cc(C(F)(F)F)nc2c(C(F)(F)F)cccc12
CHEMBL5500190,OC[C@H]1N[C@H]([C@H](O)CCCCCCc2ccc(F)cc2)[C@@H](O)[C@@H]1O
CHEMBL4584761,Cc1[nH]n(C2CCS(=O)(=O)C2)c(=O)c1CCc1ccccc1
CHEMBL1994699,CC(=O)OC1CC2C(=O)CC1(C)C2(C)C
CHEMBL1332503,COc1ccccc1N1CCN(C(=O)c2nn(C)c3c2CS(=O)(=O)c2ccccc2-3)CC1
CHEMBL270093,COc1cc2nccc(Oc3ccc4c(c3)OCCN4C(=O)NCc3ccc(C)cc3)c2cc1OC
CHEMBL79191,C[C@H]1C[C@@]2(C)C(CC[C@@]23CCC(=O)O3)C2CCC3=CC(=O)CCC3=C21
CHEMBL332042,COC(=O)N[C@H](C(=O)N[C@@H](Cc1ccccc1)[C@@H](O)CN(Cc1ccc(-c2ccccc2)cc1)NC(=O)[C@@H](NC(=O)OC)C(C)C)C(C)C
CHEMBL5422461,Cc1conc1NC(=O)N[C@@H]1CCN(c2ccc3ncc(-c4ccccn4)n3n2)C1
CHEMBL1773366,Fc1ccc(COC(CCn2ccnc2)c2cccs2)c(F)c1
CHEMBL2179762,Cc1ccc(C(NC(=O)Cc2ccccc2)NC(=O)Cc2ccccc2)cc1
CHEMBL3650870,Cc1c2c(nn1C1CC1)C(=O)N(c1cc(Cl)c(=O)n(C)c1)C2c1ccc(Cl)cc1
CHEMBL1450308,COc1cc([N+](=O)[O-])ccc1NC(=O)C[n+]1cccc(C)c1.[Cl-]
CHEMBL3972087,NC(CO)(CO)CN1CCc2cc(OCc3cc4c(Cl)cc(Cl)cc4o3)ccc21
CHEMBL3041218,CCCCCCCCCCCCCCCCS(=O)(=O)NCC(C)(C)C[N+](C)(C)C
CHEMBL1501749,Cc1c(CCC(=O)O)c(=O)oc2cc(OCc3ccccc3F)ccc12
CHEMBL106743,COC(=O)CN(CCCOc1ccc(-c2ccccc2S(N)(=O)=O)cc1)c1cccc(C(=N)N)c1.O=C(O)C(F)(F)F
CHEMBL273051,O=C(CO/N=[N+](\[O-])N1CCCC1)NCCCNc1c2c(nc3ccccc13)CCCC2
CHEMBL3445223,COc1cc(C(F)(F)F)sc1C(=O)O
CHEMBL1585374,O=C(O)C1CCCCC1C(=O)Nc1ccc(OCc2ccccc2)cc1
CHEMBL1673020,CC(C)N1C(=O)C(=O)N=C1/N=C(/Nc1ccc(Cl)c(Cl)c1)NC1C2CC3CC(C2)CC1C3
CHEMBL5078748,COc1ccc(C[C@H]2COc3ccccc3N2Cc2ccc(OCCOCCN3CCCC3)cc2)cc1
CHEMBL203300,Oc1nc2sc3c(c2c(O)c1-c1cccc(Oc2ccccc2)c1)CCCS3
CHEMBL3980200,O=C(Nc1cn(CC(=O)N2CCNCC2)nc1-c1cc(Cl)ccc1OC(F)F)c1cnn2cccnc12
CHEMBL426298,CCOC(=O)c1c(NC(=O)NS(=O)(=O)c2ncccn2)sc2c1CCC(C)(C)C2
CHEMBL3325804,CCCC(=O)c1cnn(-c2ccc(NC(=O)c3cn(CC(=O)N4CCN(Cc5cc(C)on5)CC4)c4ccc(Cl)cc34)cc2)c1C
CHEMBL4548193,CN1c2ccc(S(C)(=O)=O)cc2SC1NC(=O)/C=C/c1ccc(F)cc1
CHEMBL3247809,CNC(=O)Nc1ccc(OCC(O)CNC(C)C)c(Cl)c1
CHEMBL5442563,c1nc(NCc2cnc3sccn23)c2[nH]cnc2n1
CHEMBL349325,COc1ccc(NC2=CC(=O)C(=O)c3ccccc32)cc1
CHEMBL4746306,N#C/C(=C\c1cn(Cc2cc(C(F)(F)F)cc(C(F)(F)F)c2)c2ccccc12)C(N)=O
CHEMBL463350,CC1=C(O)/C(=C/[C@H](C)CC/C=C(/C)CC/C=C(\C)CCCc2ccoc2)OC1=O
CHEMBL276711,Cc1cc(C)c(/C=C2\C(=O)Nc3ccccc32)[nH]1
CHEMBL4785944,Cc1ccc(F)c(S(=O)(=O)Nc2ccc(-c3nc(OC[C@H]4CN(CCOCCOCCOCCOCC(=O)N[C@H](C(=O)N5C[C@H](O)C[C@H]5C(=O)NCc5ccc(-c6scnc6C)cc5)C(C)(C)C)CCO4)c4cn[nH]c4n3)cc2)c1
CHEMBL4113910,CCNC(=O)[C@H](CC)N1C(=O)[C@@H](CC(=O)O)C[C@H](c2cccc(Cl)c2)[C@H]1c1ccc(Cl)cc1
CHEMBL4559173,CC(C)(C)c1cc(C(=O)OCC(=O)N2CCCc3ccccc32)cc(C(C)(C)C)c1
CHEMBL4569034,O=C(O)c1ccc(CS(=O)(=O)Nc2ccc(-c3ccc(C(O)(C(F)(F)F)C(F)(F)F)cc3F)cc2)cc1
CHEMBL4446732,CC1(C)CC[C@]2(C(=O)O)CC[C@]3(C)C(=CC[C@@H]4[C@@]5(C)C[C@@H](OC(=O)c6ccccc6)[C@H](O)C(C)(C)[C@@H]5CC[C@]43C)[C@@H]2C1
CHEMBL1957744,O=C1C2=C(C(=O)c3ccccc31)C1(C(=O)N(Cc3ccccc3)c3ccccc31)N1CCCC21
CHEMBL3649079,Cc1cc(C)nc(N2CC3CN(C(=O)c4ccc(F)cc4-n4nccn4)CC3C2)n1
CHEMBL194594,COc1ccc(-c2cn3c4c(sc3n2)CCCC4)cc1
CHEMBL5438006,Cn1ccc(-c2cn([C@@H]3O[C@H](C(=O)Nc4nccc5ccccc45)[C@@H](O)[C@H]3O)c3ncnc(N)c23)n1
CHEMBL1090459,CC1C(=O)N(Cc2ccc3ccccc3c2)c2c(/C=C/C(=O)NS(=O)(=O)c3ccc(F)c(F)c3)cccc21
CHEMBL380312,COc1cc(Nc2ncc3ccn(-c4cccc(C(=O)NCCC#N)n4)c3n2)cc(OC)c1OC
CHEMBL3493557,Cc1nnc(NC(=O)CN2CCOC(Cn3cccn3)C2)s1
CHEMBL3245668,Clc1ccccc1-n1nnc2cccnc21
CHEMBL4080918,O=C(c1ccc(Nc2nc3ccccc3n3nnnc23)cc1)N1CCN(c2ccncc2)CC1
CHEMBL1684914,CCCCCCCCc1ccc(OCC(Cn2ccc3cc(C(=O)O)ccc32)NC(=O)Oc2ccc(Cl)cc2)cc1
CHEMBL5096081,Cc1cc(O)cc(O)c1C(=O)NCCCCCCCCCCCCOc1ccc(N=C2NCCN2)cc1
CHEMBL4066092,CCCCCCCCCCCCOC(=O)/C(CCC=C(C)C)=C1\[C@@H](OC(C)=O)C[C@@]2(C)[C@H]1C[C@@H](O)[C@H]1[C@@]3(C)CC[C@@H](O)[C@@H](C)[C@@H]3CC[C@@]12C
CHEMBL4985102,Cc1cc([C@@H](O)CCNC(=O)c2snnc2C)c(C)o1
CHEMBL1316798,Cc1cc(/C=C2\SC(=S)N(C)C2=O)c(C)n1-c1ccccc1O
CHEMBL378485,CCN(CC)C(=O)O/N=C1/C(c2c(O)[nH]c3c(Br)cccc23)=Nc2ccccc21
CHEMBL4289190,CCn1cnc2c1c(=O)[nH]c(=O)n2Cc1ccc(CNS(=O)(=O)c2ccc(C)cc2)cc1
CHEMBL3197401,Cc1cc(C)c2c(N)c(C(=O)N/N=C/c3ccccc3)sc2n1
CHEMBL4299315,CO[C@H]1C[C@H](O[C@H]2CC[C@@]3(C)C(=CC[C@]4(O)[C@@H]3C[C@@H](OC(=O)/C=C(\C)C(C)C)[C@@]3(C)[C@]4(O)CC[C@@]3(O)C(C)=O)C2)O[C@H](C)[C@H]1O[C@@H]1C[C@@H](OC)[C@@H](O[C@H]2C[C@H](OC)[C@H](O[C@@H]3C[C@H](OC)[C@H](O[C@H]4O[C@@H](CO)[C@H](O)[C@@H](O)[C@@H]4O)[C@@H](C)O3)[C@@H](C)O2)[C@@H](C)O1
CHEMBL176432,O=S(=O)(NCCc1ccccc1)NS(=O)(=O)NCCc1ccccc1
CHEMBL1319690,CCSc1nnc2n(-c3ccc(OC)cc3)c(=O)c3c4c(sc3n12)CCCC4
CHEMBL339490,Fc1cc(OCCNCCCc2c[nH]c3ccc(F)cc23)c2c(c1)OCCO2
CHEMBL3475554,COCCN1C(=O)[C@H]2CC[C@@H]1CN(Cc1nnc(C3CC3)o1)C2
CHEMBL1739045,COc1cc(NC(C)CCCNC(=O)NCCCC(C)Nc2cc(OC)cc3cccnc23)c2ncccc2c1
CHEMBL1599770,Cc1nnc(NC(=O)CSc2nnc(-c3ccccc3)n2C)s1
CHEMBL1258850,Cc1ccccc1-n1nc(C)c(-c2cc(F)c3nccnc3c2)c1Nc1ccccc1C(=O)O
CHEMBL4986446,CC[C@H](O)Cn1nc(CCc2ccccc2)nc1CNC(C)=O
CHEMBL4586739,CCCCCCCNCC12c3ccccc3C(c3ccccc31)C1C(=O)NC(=O)C12
CHEMBL2304300,CC[C@H](C)[C@@H]1NC(=O)[C@@H]2CSSC[C@@H]3NC(=O)CNC(=O)[C@H](CO)NC(=O)CNC(=O)[C@@H]4CSSC[C@H](NC(=O)[C@H](CC(=O)O)NC(=O)[C@H](CO)NC(=O)[C@H](CC(=O)O)NC(=O)[C@H](CCCNC(=N)N)NC(=O)[C@H](CCCNC(=N)N)NC(=O)[C@H](CSSC[C@H](NC1=O)C(=O)N[C@@H](CCCNC(=N)N)C(=O)NCC(=O)N[C@@H](CC(N)=O)C(=O)NCC(=O)N[C@@H](Cc1ccc(O)cc1)C(=O)N4)NC(=O)[C@@H](CCCNC(=N)N)C(=O)[C@H](CCC(N)=O)NC(=O)[C@H](CC(C)C)NC(=O)[C@H]([C@@H](C)CC)NC(=O)[C@H](CCCCN)NC(=O)[C@@H]1CCCN1C3=O)C(=O)N1CCC[C@H]1C(=O)NCC(=O)N[C@@H](C)C(=O)N2
CHEMBL4213568,COc1ccc(CC(=O)Nc2cnn(-c3ccc(C)cc3)c2)cc1OC
CHEMBL506771,CC(C)CNC(=O)c1ccc(-c2ccc(-c3ccoc3)cc2C(=O)Nc2ccc(C(=N)N)cc2)c(C(=O)O)c1
CHEMBL1684332,CC(C)[C@@H](NC(=O)OCc1ccccc1)P(=O)(Oc1ccc(C(C)(C)CC(C)(C)C)cc1)Oc1ccc(C(C)(C)CC(C)(C)C)cc1
CHEMBL4856891,O=C1Nc2ccccc2/C1=C/c1ccc(-c2cn(-c3ccccc3)nn2)cc1
CHEMBL5191719,O=C(C[C@H](CCN1CCCC(F)(F)C1)NC(=O)c1cc(-c2ccccc2C(F)(F)F)n(C2CCCC2)n1)Nc1nnn[nH]1
CHEMBL459806,Cn1c(=O)cc(N2CCC[C@@H](N)C2)n(Cc2ccccc2C#N)c1=O.O=C(O)C(F)(F)F
CHEMBL536307,Cl.O=C(NCCN1CCCCC1)c1ccc2c(c1)C(=O)N(Cc1cccc(F)c1)C2=O
CHEMBL1552510,CC1CCc2sc(C(=O)NCc3ccccn3)cc2C1
CHEMBL1642573,Cc1cc2c3cc(Cl)ccc3nc(CSc3nc(-c4ccccc4)cn3C)n2n1
CHEMBL3698496,O=C(NO)c1ccc(CCSc2ccccc2)cc1
CHEMBL1598833,CCOC(=O)c1c(-c2ccc(F)cc2)csc1NC(=O)C1CC=CCC1C(=O)O
CHEMBL1894411,Cn1c(=O)c(-c2cccc(Cl)c2)c(O)c2ccccc21
CHEMBL1288855,CC(C)C[C@@H]1NC(=O)[C@H](CCCN)NC(=O)[C@H](C23CC4CC(CC(C4)C2)C3)NC(=O)[C@H](CCCN)NC(=O)[C@@H]2CCCN2C(=O)[C@@H](Cc2ccccc2)NC(=O)[C@H](CCCN)NC(=O)[C@H](CC(C)C)NC(=O)[C@H](CCCN)NC(=O)[C@H](C23CC4CC(CC(C4)C2)C3)NC(=O)[C@H](CCCN)NC(=O)[C@@H]2CCCN2C(=O)[C@@H](Cc2ccccc2)NC(=O)[C@H](CCCN)NC1=O
CHEMBL4999160,Cn1cc(-c2cc(-c3cnn(C)c3)n(-c3ccc(Cl)c(Cl)c3)n2)cn1
CHEMBL123765,Nc1nc(O)c2c(ncn2CCO)n1
CHEMBL3233267,CC(C)C[C@H](NC(=O)[C@H](Cc1ccccc1)NC(=O)CN)C(=O)NCC(=O)N[C@H]1CSSC[C@@H](C(N)=O)NC(=O)[C@H](CC(=O)O)NC(=O)[C@@H]2CCCN2C(=O)CNC(=O)[C@H](CCCCN)NC(=O)[C@H](CC(=O)O)NC(=O)CNC(=O)[C@H](CCCNC(=N)N)NC1=O
CHEMBL1079628,CN/C(=N\S(=O)(=O)c1ccc(F)cc1)C1=NN(c2ccc(Cl)cc2)C(c2ccccc2)C1
CHEMBL3698386,Cc1cc(Nc2cc(C3CCC3)ccn2)nc(-c2cnc(C3(O)CCCc4cc(C(=O)O)ccc43)s2)c1
CHEMBL4583041,O=c1ccc(F)cn1Cc1ncn(-c2ccccc2)n1
CHEMBL1214614,Cc1nc2c(Oc3ccc(NC(=O)Nc4cc(C(F)(F)F)ccc4F)c(F)c3)ccnc2[nH]c1=O
CHEMBL3358993,COc1cc(-c2nc(-c3ccc(Cl)cc3)c[nH]c2=O)cc(OC)c1OC
CHEMBL76850,CCOc1nc2cccc(C(=O)OC(C)OC(C)=O)c2n1Cc1ccc(-c2ccccc2-c2nn[nH]n2)cc1
CHEMBL1400304,Cc1noc(/C=C/N(C)C)c1S(=O)(=O)N1CCCC(C(=O)NCc2ccc(F)cc2)C1
CHEMBL447582,CC[C@H](C)[C@@H]1NC(=O)[C@H](CC(C)C)NC(=O)[C@@H]2CCCN2C(=O)[C@H]([C@@H](C)CC)NC(=O)[C@@H]2CCCN2C(=O)[C@H](CO)NC(=O)[C@H](Cc2ccccc2)NC1=O
CHEMBL4298142,CC(=O)Oc1ccccc1C(=O)OC1=CC[C@H]2[C@H]3Cc4ccc(OC(=O)c5ccccc5OC(C)=O)c5c4[C@@]2(CCN3C)[C@H]1O5.Cl
CHEMBL282481,NC1=CC(=O)C=C/C1=N/n1cccc1
CHEMBL2356107,CC(C)(C)c1ccc(CC(=O)N2CCC2(C)C(=O)NCCC#N)cc1
CHEMBL1162473,Nc1nc([C@H]2c3[nH]c(N)nc3C[C@H](CNC(=O)c3cc(Br)c(Br)[nH]3)[C@H]2CNC(=O)c2cc(Br)c(Br)[nH]2)c[nH]1
CHEMBL1484523,CCCCNS(=O)(=O)c1ccc(NC(=O)c2c(-c3ccccc3Cl)noc2C)cc1
CHEMBL11323,CCCN(CCC)C(=O)c1ccc2[nH]c(NC(=O)OC)nc2c1
CHEMBL1906899,[O-][Cl+]O
CHEMBL2147156,NCCNC(=O)CCN(CCNC(=O)CCN(CCNC(=O)CCN(CCC(=O)NCCN(CCC(=O)NCCN(CCC(=O)NCCN)CCC(=O)NCCN)CCC(=O)NCCN(CCC(=O)NCCN)CCC(=O)NCCN)CCN(CCC(=O)NCCN(CCC(=O)NCCN(CCC(=O)NCCN)CCC(=O)NCCN)CCC(=O)NCCN(CCC(=O)NCCN)CCC(=O)NCCN)CCC(=O)NCCN(CCC(=O)NCCN(CCC(=O)NCCN)CCC(=O)NCCN)CCC(=O)NCCN(CCC(=O)NCCN)CCC(=O)NCCN)CCC(=O)NCCN(CCC(=O)NCCN)CCC(=O)NCCN)CCC(=O)NCCN
CHEMBL19494,CC(C)C[C@H](NC(=O)[C@@H](S)Cc1ccccc1)C(=O)N[C@@H](Cc1ccc(O)cc1)C(=O)O
CHEMBL1859844,Fc1cccc(-c2nc(CNc3ccc(Oc4ccccc4)cc3)co2)c1
CHEMBL4166779,NS(=O)(=O)c1ccc(N/N=C(\CS(=O)(=O)c2ccccc2)c2ccc3ccccc3c2)cc1
CHEMBL3617221,O=C1NC(N2CCNCC2)=N/C1=C\c1ccc2c(c1)Cc1ccccc1-2
CHEMBL2252198,CCOC(=O)N(C(=O)NC(=O)c1c(F)cccc1F)c1ccc(C(F)(F)F)cc1
CHEMBL101984,COc1cc(N/C(=N/c2cccc(C/N=C(\NC#N)Oc3ccccc3)c2)NC#N)ccc1-c1cnco1
CHEMBL1077724,CCOc1cc(CN2CCC(Nc3nc4ccccc4[nH]3)CC2)ccc1OC
CHEMBL4060744,N#CCN1CCC[C@H](n2c(=O)cnc3cnc4ccc(-c5ccc(N)nc5)cc4c32)C1
CHEMBL187036,CCc1cc(CC)nc(/N=C(\N)NCCc2ccccc2)n1
CHEMBL211301,COc1cc2c(c(OC)c1OC)CC[C@@H]2CN
CHEMBL1540233,CCCC(=O)Nc1ccc(C(=O)NN2C(=O)c3ccccc3C2=O)cc1
CHEMBL4942436,Cc1ccc(CNC(=O)N2CC(O)(C(F)(F)F)C2)nc1
CHEMBL3350902,C[C@@H](O)[C@@H]1NC(=O)[C@H](CCCCN)NC(=O)[C@H](Cc2c[nH]c3ccccc23)NC(=O)N(C)[C@H](C(=O)c2ccccc2)NC(=O)[C@H](Cc2ccccc2)NC(=O)[C@@H](N)CSSC[C@@H](C(=O)O)NC(=O)[C@H](Cc2ccccc2)NC1=O
CHEMBL3392431,O=S(=O)(c1ccc(O)c2ncccc12)N1CCCCC1
CHEMBL3662340,CC(=O)N[C@@H](C)c1ccc(O[C@@H]2CCN(c3ccnc(N(C)C)n3)C2)cc1
CHEMBL4093662,CS(=O)(=O)c1ccc(CC(=O)NC(Cc2ccccc2)C(=O)N2CCN(C3=Nc4ccccc4Sc4ccccc43)CC2)cc1
CHEMBL534883,CCn1cc(C=C2Oc3c(ccc(O)c3CN3CCCCC3)C2=O)c2cc(OC)ccc21
CHEMBL4282522,Cc1cc(CNC(=O)c2ccccc2SC2CCS(=O)(=O)C2)ccc1F
CHEMBL57778,NCc1ccc(NC(=O)[C@H](Cc2ccc3ccccc3c2)N=C(NC2CCCCC2)NC2CCCCC2)c(C(=O)O)c1
CHEMBL3628388,CC[C@H](C)[C@H](NC(=O)[C@H]1CCCCN1C)C(=O)N(C)[C@H]1CCO[C@@H](c2nc(C(=O)NCCOC)cs2)C1
CHEMBL1719328,Nc1n[nH]c(SCC(=O)N2N=C(c3ccc(Cl)cc3)CC2c2ccco2)n1
CHEMBL3909688,CNC(=O)c1cccc(Nc2ncnc(N3CCC(Oc4ccccc4Cl)CC3)n2)c1
CHEMBL4215790,CC[C@@H](C)[C@@H](NC(=O)[C@@H](CCC(N)=O)NC(=O)[C@H](CO)NC(=O)[C@@H](NC(=O)[C@@H](Cc1ccccc1)NC)[C@@H](C)CC)C(=O)N[C@H](C(=O)N[C@@H](CO)C(=O)N[C@H]1C(=O)N[C@@H](C)C(=O)N[C@@H](Cc2ccc(OC)cc2)C(=O)N[C@@H]([C@@H](C)CC)C(=O)O[C@H]1C)[C@@H](C)CC
CHEMBL4910285,Cc1c(CN2CC(c3ccccc3)(c3ccccc3)CCC2=O)cnn1C
CHEMBL3648254,C/C(=N\OCCN)c1cnc2nnn(Cc3ccc4ncccc4c3)c2n1
CHEMBL1240830,Nn1cnc2c(c1=O)C1(CCCC1)Cc1ccccc1-2
CHEMBL583134,FC(F)(F)c1cc(N2CCCCCC2)ncc1-c1cccc(Cl)c1Cl
CHEMBL2360973,c1cc(N2CCOCC2)ccc1-c1ccc2nncn2c1
CHEMBL2182084,O=C(Nc1cc(Nc2ccc3c(c2)CCCCC3=O)ccc1F)c1ccsc1
CHEMBL3086286,CNC(=N)NCCC[C@H](NC(=O)[C@H](CC(C)C)NC(=O)NNC(=O)[C@H](Cc1ccccc1)NC(=O)[C@H](CO)NC(=O)[C@H](CC(N)=O)NC(=O)[C@H](Cc1c[nH]c2ccccc12)NC(=O)[C@H](N)Cc1cccnc1)C(=O)N[C@@H](Cc1ccccc1)C(N)=O
CHEMBL1513010,O=C(CSc1cn(CCNC(=O)c2c(F)cccc2F)c2ccccc12)Nc1ccc(F)cc1
CHEMBL440183,O=C(NCCS(=O)(=O)[O-])C(CS)Cc1ccc(F)cc1.[Na+]
CHEMBL5188058,CC1(C)Oc2ccc(/C=C3\OC(=O)C(c4cc5c(cc4O)OC(C)(C)C(O)C5)=C3O)cc2CC1O
CHEMBL3554350,Cn1cc(CN2C[C@@H]3CN(Cc4ccoc4)CCO[C@@H]3C2)cn1
CHEMBL297924,CN(C)c1nc(C(F)(F)F)nc2c1ncn2Cc1ccccc1N
CHEMBL5170312,Oc1c(CNCCc2ccccc2)ccc2cccnc12
CHEMBL4592582,CN(C)S(=O)(=O)N1C[C@@H]2C[C@H](C(=O)Nc3cccnc3)[C@H](C1)O2
CHEMBL1454959,O=C(CSc1nncn1-c1ccccc1)Nc1c(F)cccc1F
CHEMBL355141,C[C@H](c1ccccc1)[C@@H](NC(=O)[C@H](Cc1ccccc1)NC(=O)[C@@H]1CCCN1C(=O)[C@@H](N)Cc1ccc(O)cc1)C(N)=O
CHEMBL4079314,Cc1cc(C)cc(-c2nc(NC3CCCC3)c3ncn([C@@H]4O[C@H](Cn5nc(C)cc5C)[C@@H](O)[C@H]4O)c3n2)c1
CHEMBL3960780,NC(=O)c1cccc([C@H]2C[C@H]3CC[C@@H](C2)N3CCN(Cc2c(F)cccc2F)C(=O)[C@H](O)CO)c1.O=C(O)C(F)(F)F
CHEMBL3957995,CC(N)C(=O)Nc1cc(Cl)cc(NC(=O)c2ccccn2)n1
CHEMBL224127,CC1=C(C)C(=O)O[C@@H]([C@H]2CO[C@@]3(O)C[C@H]4[C@@H](C[C@H]5O[C@]56CC=CC(=O)[C@]46C)[C@@H]4CC[C@]2(O)[C@]43C)C1
CHEMBL4862640,Cc1ccc(-c2cc3occ(CN4CCNCC4)c3cc2-c2ccc(C#N)cc2)cc1
CHEMBL4079417,Brc1ccc2nc(NCCc3c[nH]c4ccccc34)nc(Nc3ccc4[nH]ncc4c3)c2c1
CHEMBL3941201,CC(=O)N1CCC[C@H]1C(=O)N[C@@H](Cc1ccccc1)C(=O)N[C@@H](CCC(N)=O)C(=O)N[C@@H](CO)C(=O)N[C@@H](CCCCN)C(=O)NCC(=O)N[C@@H](CC(N)=O)C(=O)N[C@H](C(=O)N[C@@H](Cc1ccccc1)C(=O)N[C@H](C(=O)N[C@@H](CC(=O)O)C(=O)NCC(=O)N[C@@H](Cc1ccc(O)cc1)C(=O)N[C@@H](Cc1ccccc1)C(=O)N[C@@H](CCC(=O)O)C(=O)N[C@@H](CCCNC(=N)N)C(=O)N[C@@H](CC(C)C)C(=O)N[C@@H](CCCNC(=N)N)C(=O)N[C@@H](C)C(=O)N[C@@H](CCCCN)C(=O)N[C@@H](CC(C)C)C(N)=O)C(C)C)C(C)C
CHEMBL5174131,COc1ccc(Cn2cc(CCC(=O)Nc3ccc(N4CCC(Nc5nnc(NC(=O)Cc6ccccn6)s5)CC4)nn3)nn2)cc1OC
CHEMBL3690474,O=C(NCC(F)(F)F)Nc1cccc(-c2cnc3cc(-c4ccc(CCO)cc4)ccn23)c1
CHEMBL3098583,Cc1cccc(N2CCN(CC(=O)N3CCN(c4cc5c(cc4F)c(=O)c(C(=O)O)cn5C4CC4)CC3)CC2)c1
CHEMBL444946,Cc1cc(S(N)(=O)=O)c(SCCNC2=NCCN2)cc1Cl
CHEMBL4965358,O=C(Cc1csc(-c2ccccc2)n1)N1CCCC[C@@H]1CCn1ccnc1
CHEMBL3973989,Cc1cc(/C=N\OCc2ccccc2)c(C)n1-c1ccccc1
CHEMBL216991,CCn1c2ccccc2c2cc(NS(=O)(=O)c3cc(OC)ccc3OC)ccc21
CHEMBL86901,CN(C)C(=O)Cc1cn(-c2cccc(C(F)(F)F)c2)nc1-c1ccc2c(c1)C(C)(O)c1ccccc1-2
CHEMBL341795,COc1cccc([C@H]2O[C@H](CC(=O)N3CCC(CC(=O)O)CC3)C(=O)N(CC(C)(C)COC(=O)C(C)C)c3ccc(Cl)cc32)c1OC
CHEMBL3276911,O=C(CCSCCCl)Nc1ccc(P(=O)(O)O)cc1
CHEMBL1885754,Cc1nc2ccc(Cl)cc2c(=O)n1-c1ccccc1Cl
CHEMBL175629,S=C(CNCc1ccccc1)N1CCCCC1
CHEMBL130614,C1=C(c2ccccc2)CCN(CCCCCCc2c[nH]c3ccccc23)C1
CHEMBL3657329,COc1ccc(Nc2ncc(C(C)=O)c(Oc3cccc4c3C(=O)CC4)n2)cc1
CHEMBL3786690,CC[C@@]1(OC(=O)CCCN/C(Cc2ccc(OC)cc2)=N\S(=O)(=O)c2ccc(C)cc2)C(=O)OCc2c1cc1n(c2=O)Cc2cc3ccccc3nc2-1
CHEMBL1584124,CC(C)CNC(=O)c1ccc(Cl)c(N)c1
CHEMBL3099887,Cc1cc(C)cc(-c2cnc(-c3cccnc3)c(C(=O)N(C)Cc3ccc4nccnc4c3)c2)c1
CHEMBL3307069,C[N+](C)(C)C[C@@H]1C[C@H]1COC(=O)Nc1ccc(Cl)cc1
CHEMBL1968204,COC(=O)CCC(=O)C(C#N)c1ccc(Cl)cc1Cl
CHEMBL446335,O=C[C@H](Cc1ccc(-c2nccc3ccccc23)cc1)NC(=O)[C@@H](CCCCNC(=O)OCc1ccccc1)NC(=O)c1ccccc1
CHEMBL5394023,C[C@@H]1Cc2c([nH]c3ccccc23)[C@@H](c2ccc(F)c(OCCNCCCF)c2)N1CC(F)(F)F
CHEMBL4545803,CC(NC(=O)Cn1c2ccccc2c(=O)c2ccccc21)c1cc2ccccc2o1
CHEMBL351797,CC(C)c1nc(CCOC(=O)NC(C(=O)N[C@@H](Cc2ccccc2)[C@@H](O)C[C@H](Cc2ccccc2)NC(=O)OCc2cncs2)C(C)C)cs1
CHEMBL1858463,Cc1cc(C)cc(Oc2nc(C)ccc2/C(=N/O)NCc2ccccc2)c1
CHEMBL490641,COc1cc(N)c(Cl)cc1C(=O)OCCN1CCC(CNC(=O)c2c[nH]c3ccccc23)CC1
CHEMBL4175126,CS(=O)(=O)Nc1ccc(C2(O)CSC(=S)N2Cc2cccnc2)cc1
CHEMBL201622,CCCCCSc1nc(O)c2sc(NC(C)=O)nc2n1
CHEMBL1884616,Cc1ccc(C(=O)NCCc2nnc3ccc(N4CCCC4)nn23)cc1
CHEMBL4212601,CC(C)n1ccnc1/C=C/C(=O)/C=C/c1nc2ccccc2n1C(C)C
CHEMBL5190081,N#Cc1ccc(Nc2cnccc2SCc2ccc(-c3ccccc3C(=O)[O-])cc2)c2ccccc12.[Na+]
CHEMBL1384738,Cl.O=C(CCCN1CCC(c2ccccc2)C1)c1ccc2c(c1)OCCO2
CHEMBL3666124,COc1nn(-c2ccccc2)c2cc(-c3ccc(N4CCNCC4)cc3)ccc12
CHEMBL2172158,CCOC(=O)N1CCN(C(=O)[C@H](CCC(=O)O)NC(=O)c2cc(OCC(=O)N3CCC(C(=O)NC4CCC4)C3)n(-c3ccccc3)n2)CC1
CHEMBL3548375,O[C@@]1(c2ccccn2)CC[C@H]2CN(Cc3ccccn3)C[C@H]21
CHEMBL3900934,Cc1cc(NC(=O)c2c(O)cc(Oc3ccccc3)oc2=O)on1
CHEMBL3891935,O=C(Nc1cccc(C(F)(F)F)c1)c1cc2nc(Nc3c(F)cccc3Cl)[nH]c2c2cccnc12
CHEMBL17750,O=NN1CCCC1c1ccc[n+]([O-])c1
CHEMBL1582353,CCCCn1nc(NC(=O)c2cccs2)c2cc3cc(OC)ccc3nc21
CHEMBL3092202,CS(=O)(=O)c1ccc(Cl)c(C(=O)N2CCC(N(C3CC3)S(=O)(=O)c3cccc(C(F)(F)F)c3)CC2)c1
CHEMBL5418323,Cc1cc(C(=O)Nc2ccc(S(=O)(=O)Nc3ccccc3)cc2)c(Cl)cc1Cl
CHEMBL2313964,O=C(O)c1cn(C2CC2)c2cc(N3CCN(Cn4nc(-c5cccc(O)c5)n(-c5cccc(I)c5)c4=S)CC3)c(F)cc2c1=O
CHEMBL2382039,COc1ccc(/C=N/NC(=O)c2ccccc2OC)cc1Br
CHEMBL4894158,O=C(c1cnc[nH]1)N1CC[C@@]2(CCCN(CCC3CCCCC3)C2)C1
CHEMBL4533094,NS(=O)(=O)c1ccc(C(=O)N2CCCCCC2)cc1
CHEMBL433491,CCCCOC1CC[C@H]2C=Nc3cc(O)c(OC)cc3C(=O)N12
CHEMBL4597355,N=C(N)N1CCC[C@H]1c1nc(-c2ccc(OCc3ccc(C(F)(F)F)cc3)cc2Cl)no1
CHEMBL4649755,Cc1noc([C@@H]2CC3(CC3)CN2C(=O)[C@@H](CC(=O)NO)CC2CCCC2)n1
CHEMBL4799893,Cc1c(-c2cnc(N)nc2)ccc2c3ocnc3c(=O)n(C3CC3)c12
CHEMBL1851794,CC(C)Cn1c(CN)c(-c2ccccc2)c2cc(C#N)ccc2c1=O
CHEMBL5401388,Cc1n[nH]cc1-c1nc2ccc3[nH]ncc3c2c2c1CCCC2
CHEMBL4948732,N#Cc1cnc(N[C@H]2COC[C@@H]2O)c(Cl)c1
CHEMBL3719129,Cc1csc(-c2cnn3c(=O)cc(-c4ccc(Cl)cc4)[nH]c23)n1
CHEMBL4090089,O=S(=O)(Nc1ccc(CNc2nc3ccc(OCCN4CCOCC4)cc3s2)cc1)c1ccc(F)cc1
CHEMBL1419877,Cc1nn(C(C)C(=O)NC2CCC(C)CC2)c(=O)c2nn(-c3ccccc3)c(C)c12
CHEMBL4166856,CC1(C)CC[C@]2(C)CC[C@H]3[C@]4(C)CC[C@H]5C(C)(C)C(=O)CC[C@]5(C)[C@H]4CC[C@@]3(C)[C@@H]2C1
CHEMBL3686287,CN1CC(COc2ccc(C(F)(F)F)cc2C(=O)/N=c2\sc(C(C)(C)C)cn2C[C@H]2CCCO2)C1
CHEMBL4983656,CC(C)(C)n1ncnc1NC(=O)NC1CCCC1
CHEMBL1555371,COc1cc(C(=O)Nc2ccc(F)cc2Cl)ccc1OCC(=O)N1CCOCC1
CHEMBL1321436,COc1ccc(NC(=O)NCCCN2CCCC2=O)c(OC)c1
CHEMBL443461,C[C@@H]1O[C@@H](O[C@@H]2[C@@H](O)[C@@H](O)[C@H](O[C@@H]3[C@@H](O)[C@H](OCCc4ccc(O)cc4)O[C@H](CO)[C@H]3OC(=O)/C=C/c3ccc(O)cc3)O[C@H]2C)[C@H](O)[C@H](O)[C@H]1O
CHEMBL4530015,O=C(c1ccoc1)N1CCC(NC2CCSCC2)CC1
CHEMBL530112,O=C1NC(=O)c2c1c(-c1ccccc1Cl)cc1c2c2cc(O)ccc2n1CCCC(=O)n1ccnc1
CHEMBL2096851,Nc1nc(N2CCN3CCC[C@H]3C2)cc2nc(-c3ccco3)nn12
CHEMBL4976763,O=S(=O)(Cl)c1ccc(-c2cnns2)cc1
CHEMBL5085801,Cc1cc(NC(=O)c2ccc(NS(=O)(=O)[C@H]3CCOC3)cc2N2CCC3(CC2)CC3)nc(N2CC(F)(F)C2)n1
CHEMBL1466416,CCOc1ccc(N2C(=O)CC(Sc3nc(C)cc(C)c3C#N)C2=O)cc1
CHEMBL3555446,O=C(N1CCOCC1)[C@@]12CCO[C@@H]1CCN(C1CCOCC1)C2
CHEMBL3235184,CCOC(=O)c1sc(NC(=O)CNC(=O)Cc2ccccc2)nc1C
CHEMBL1630992,O=C(Nc1ccccc1)C(Cc1ccccc1)NS(=O)(=O)c1cccc2cccnc12
CHEMBL3818876,O=c1cc(-c2ccccn2)[nH][nH]1
CHEMBL3310049,Cc1nc2c(I)cc(I)cc2c(=O)n1-c1ccc(S(=O)(=O)Nc2ncccn2)cc1
CHEMBL1330885,CC1CCN(S(=O)(=O)c2cc(C(=O)N3CCN(c4ncccn4)CC3)ccc2Br)CC1
CHEMBL1497305,CCn1c(SCC(=O)Nc2nccs2)nnc1-c1ccc(S(=O)(=O)N2CCCCCC2)cc1
CHEMBL4240888,CCCCC1=C(Cl)C(=O)c2cc(OC)c(OC)c(OC)c2C1=O
CHEMBL1352106,CCOC(=O)c1c(-c2ccccc2)csc1N=C(S)N(CC)CC
CHEMBL1884433,O=C(c1ccccc1)N1CCN(CCc2ccccn2)CC1
CHEMBL1708649,C/C(=N/Nc1ccc(C(=O)c2c(C)cc3ccccn23)cc1[N+](=O)[O-])c1ccc(O)cc1
CHEMBL5189970,COc1cc(C2Cc3c(nn(-c4ccc(F)cc4)c3N)NC2=O)cc(OC)c1OC
CHEMBL1405273,COc1cccc(C(C2C(=O)CC(C)(C)CC2=O)C2C(=O)CC(C)(C)CC2=O)c1
CHEMBL1644165,CC(/C=C/C(=O)NO)=C\C(C)S(=O)(=O)c1ccc(C)cc1
CHEMBL4557372,O=C(NC1CCOc2ccccc21)c1ccccc1Oc1ccccc1
CHEMBL5267677,COc1ccc(NCc2nc3ccccc3n2C(=O)c2ccccc2)cc1
CHEMBL4850988,Cc1ccccc1Cc1cnc(N)s1
CHEMBL1950120,N#Cc1cnc(C#N)c(N2CCOCC2)n1
CHEMBL3559475,CCCCCCCCCCCC[n+]1c(N)n(CCCc2ccccc2)c2ccccc21.O=C([O-])C(=O)O
CHEMBL2316608,CC(C)Nc1nc(N(C)C)nc(N(C#N)CCOc2ccccc2)n1
CHEMBL1997992,FC(F)(F)c1ccccc1C1SCC2=Nc3ccccc3CN21
CHEMBL1360537,CCc1ccc(CCC(=O)Nc2ccccc2C(=O)O)o1
CHEMBL3305286,COc1cc(NS(=O)(=O)CCCCCCS(=O)(=O)Nc2ccc(Nc3c4ccccc4nc4ccccc34)c(OC)c2)ccc1Nc1c2ccccc2nc2ccccc12
CHEMBL2143312,CC(C)(C)OC(=O)N1CCN(Cc2ccc(F)c(B(O)O)c2)CC1
CHEMBL3448526,O=C(c1cc2c(s1)CCC2)N1CCC(c2ccncc2)CC1
CHEMBL263326,C[C@@H](c1ccc(-c2cccc(NS(C)(=O)=O)c2)cc1)[C@H](N)C(=O)N1CC[C@H](F)C1.O=C(O)C(F)(F)F
CHEMBL1560062,O=C(Nc1cccc(-c2nc3ccccc3c(=O)o2)c1)c1ccccc1
CHEMBL3401201,Cc1cc(N2CCc3nc(COc4ccccc4)cn3C2=O)ncc1F
CHEMBL3617190,CC(C)c1ccc(/N=C2\CC[C@H]3[C@@H]4CC=C5C[C@@H](O)CC[C@]5(C)[C@H]4CC[C@]23C)cc1
CHEMBL13740,CC(C)C(NC(=O)Cn1ccc2c(=O)n(CC(=O)OCc3ccccc3)c(=O)[nH]c2c1=O)C(=O)C(F)(F)F
CHEMBL1561854,COc1ccc(/C=C/C(=O)c2ccc(C)s2)cc1
CHEMBL5220318,O=C1NC(=S)NC(=O)C1=Cc1ccc(OCc2ccc(Cl)cc2)c(-c2cc(Cl)c(O)c(Cl)c2)c1
CHEMBL446124,C[C@H](NC(=O)[C@H](CCCCNC(=O)CO)NC(=O)CNC(=O)CNC(=O)[C@@H](NC(=O)[C@H](CO)NC(=O)[C@@H](N)CCCCN)[C@@H](C)O)C(=O)N1CCC[C@H]1C(=O)N[C@@H](CCCNC(=N)N)C(=O)N[C@@H](CCCCN)C(=O)N[C@@H](CCC(N)=O)C(=O)O
CHEMBL1334767,Cc1ccc(C(=O)NC(=S)Nc2ccccc2N2CCOCC2)cc1C
CHEMBL2063529,O=C(O)CC1=C/C(=C\c2cnc(-c3ccccc3)nc2)c2ccc(F)cc21
CHEMBL4070894,COc1ccc(CNc2c3c(nc4ccc(C#N)cc24)CCN(C)C3)cc1Cl
CHEMBL5315299,O=S(=O)(O)c1cc(N=C=S)ccc1CCc1ccc(N=C=S)cc1S(=O)(=O)O
CHEMBL1408541,CCOC(=O)Cc1nnc(NC(=O)c2ccccc2OCC)s1
CHEMBL2336738,OC[C@H]1O[C@@H](OCc2ccccc2)[C@H](O)[C@@H](O)[C@@H]1O
CHEMBL3966791,Cc1nc2cnc3cc(F)c(-c4ccc(Oc5ncccn5)cc4Cl)cc3c2n1C1CCN(CCO)CC1
CHEMBL177736,CCc1cc2cc(/C(=N\N)[C@H]3CC[C@@H](OC)CC3)ccc2nc1OC
CHEMBL4448451,CCCCCCCCc1ccc(OCCCC(=O)C(=O)NCCCC(=O)O)cc1
CHEMBL3091949,CCn1c(=O)/c(=C2\Sc3cccc(F)c3N2C)s/c1=C\c1cccc[n+]1CC.[Cl-]
CHEMBL4979669,CCC(=O)NCc1nc2c(n1C)CN(C(=O)c1cccc(Br)c1)CC2
CHEMBL3449802,Cn1ccc(C(=O)N2CCOC(c3ccc(C(N)=O)cn3)C2)n1
CHEMBL3715036,Cc1nn2c(=O)cc(-c3ccc(O)cc3)[nH]c2c1-c1ccccc1
CHEMBL3892922,Cc1cc(=O)oc2cc(NC(=O)CN)ccc12.O=C(O)C(F)(F)F
CHEMBL1324994,CC1(C)NC(=O)N(CCOCCOc2ccc3ccccc3c2Br)C1=O
CHEMBL514583,COC(=O)C1=CO[C@@H](O[C@@H]2O[C@H](CO)[C@@H](O)[C@H](O)[C@H]2O)[C@H]2[C@@H]1[C@@H]1O[C@@H]1[C@@]2(O)CO
CHEMBL3690262,O=C(c1ccc(Oc2ncccc2-c2cccnc2)cc1)c1nc2ncccc2[nH]1
CHEMBL4113814,O=c1[nH]c(N2CCCCC2)nc(N[C@@H]2C[C@H](CO)[C@@H](O)[C@H]2O)c1-c1nc(-c2ccc(F)cc2)cs1
CHEMBL1403229,CCOCCc1nn2c(=O)cc(COC(=O)COc3ccccc3Cl)nc2s1
CHEMBL1872613,COCC1CCN(C(=O)C2CCC(=O)N(C3CCCCCC3)C2)CC1
CHEMBL1429450,COc1ccc(N2C(=O)CN=C2Nc2nc(C)cc(C)n2)cc1OC
CHEMBL4289972,O=C([O-])c1ccc(N(Cc2ccc(C3CCOCC3)cc2)C(=O)[C@H]2CCCN2S(=O)(=O)c2c(F)c(F)c(F)c(F)c2F)cc1O.[Na+]
CHEMBL2007947,O=[N+]([O-])c1ccc(OP(=O)(O)OCC2OC(CP(=O)(O)O)C(O)C2O)cc1
CHEMBL3322650,CCOC(=O)N1CCN(C(=O)[C@H](CCC(=O)O)NC(=O)c2cc([C@H]3C[C@@H]3COC)nc(-c3ccccc3)n2)CC1
CHEMBL46456,C=COCCCN1C(=O)O[C@]2(C)[C@@H](CC)OC(=O)/C(C)=C/[C@H](C)[C@@H](O[C@@H]3O[C@H](C)C[C@H](N(C)C)[C@H]3O)[C@@](C)(OC)C[C@@H](C)C(=O)[C@H](C)[C@@H]12
CHEMBL1725514,CCn1c(CCl)nc2cc(S(=O)(=O)N3CCOCC3)ccc21
CHEMBL495617,CCCN1CCC(n2cc(CNc3cc(Cl)c4ncc(C#N)c(Nc5ccc(F)c(Cl)c5)c4c3)nn2)CC1
CHEMBL492566,C=CCN1C[C@@H]2/C(=C\c3ccccc3)CC[C@H]1CN2Cc1ccc(OC)cc1
CHEMBL300986,CCOC(=O)[C@]1(c2cccc(O)c2)CCCN(CCc2ccccc2)[C@H]1C
CHEMBL115061,CCc1ccc2nc3c(c(O)c2c1)C(=O)CC(c1ccc(C(F)(F)F)cc1)C3
CHEMBL1990779,NS(=O)(=O)c1ccc(NC(=O)c2cc([N+](=O)[O-])cc([N+](=O)[O-])c2)cc1
CHEMBL5415830,C[C@H]1[C@H](N)C(=O)N1S(=O)(=O)O
CHEMBL3197557,Cc1nc2ccccc2c(=O)n1/N=C/c1ccc(O)c(O)c1O
CHEMBL200296,COc1cc(CN2C(=O)N(Cc3ccc(O)c(OC)c3)N(C(=O)CCCCN3CCOCC3)C[C@@H](O)[C@H]2Cc2ccccc2)ccc1O
CHEMBL1494738,CCOC(=O)N1CCC(N2CCN(S(=O)(=O)c3ccc(OC)cc3)CC2)CC1.O=C(O)C(=O)O
CHEMBL1224584,CCCCCCCCO[C@H]1O[C@@H]2COC(=O)CCCCCCC(=O)O[C@H]2[C@H](O)[C@H]1O
CHEMBL3445356,CCn1c(NCc2ccccc2)nc2c(C)nn(C)c2c1=O
CHEMBL3905002,Cc1nc(C(NC(=O)c2ccc(-c3ccc(Cl)c(F)c3)[nH]2)C2CCCCN2)[nH]c1CO
CHEMBL3730760,NC[C@H]1CC[C@H](NC(=O)[C@H]2[C@H](C(=O)Nc3ccc(Br)cc3)[C@@H]3C=C[C@H]2C32CC2)CC1
CHEMBL1558905,COc1ccccc1C(=O)Nc1nnc(SCc2cc(=O)c3ccccc3[nH]2)s1
CHEMBL377594,COc1ccc2nc(/C=C/[C@H]3[C@@H]4CCCC[C@H]4C[C@H]4CO[C@H](C)[C@H]43)ccc2c1
CHEMBL1329949,CCN(CC(=O)NCc1ccc(Cl)cc1)C(=O)/C=C/c1ccco1
CHEMBL2315238,C[C@H]1CN2CC(=O)Nc3ccc(cc3)C[C@@H](C(=O)NCc3ccc(C(=N)N)cc3)NC(=O)[C@H](NS(=O)(=O)Cc3ccccc3)Cc3ccc(cc3)CNC(=O)CN1C[C@@H]2C.O=C(O)C(F)(F)F
CHEMBL1774964,C/C(=C\C(=O)N[C@@H](CC(C)C)C(=O)N1C[C@H]2C[C@H]2[C@H]1C(=O)NCCNC(N)=O)c1ccc(OP(=O)(O)O)cc1
CHEMBL153781,CS(=O)(=O)c1ccc(-c2cc3c(cc2Cc2cccc(Cl)c2)OCO3)cc1
CHEMBL2151865,NC(=O)c1ccc(-c2c(-c3ccccc3)nc3ccccn23)cc1
CHEMBL3260341,COC(=O)Nc1ccc2c(c1)NC(=O)[C@H](C)CCC[C@H](n1ccc(-c3c(F)ccc(Cl)c3F)cc1=O)c1cc-2ccn1
CHEMBL257878,CCOC(=O)/C=C/[C@H](CC(C)C)NC(=O)C[C@@H]1NC(=O)[C@H](CO)NC(=O)[C@H](C(C)C)NC(=O)[C@H](Cc2ccccc2)NC1=O
CHEMBL4923412,Cc1ccc(C)c(S(=O)(=O)NCCNc2cc(N3CCOCC3)nc(C)n2)c1
CHEMBL398083,Nc1nc2c(ncn2Cc2ccccc2C(F)(F)F)c2nc(-c3ccco3)nn12
CHEMBL4855029,Cc1cccc(C(=O)Nc2ccc(S(=O)(=O)NC(=O)[C@@H](N)CC(C)C)cc2)c1
CHEMBL4089688,C=CCSSc1ccccc1C(=O)OC
CHEMBL1499159,COc1cccc(-c2nnc(-c3cc4c(C(F)(F)F)nn(C)c4s3)o2)c1
CHEMBL4582900,COc1ccc([S+]([O-])Cc2noc(C)n2)cc1
CHEMBL283289,CCOC(=O)CCNCC(O)COc1ccccc1C
CHEMBL2153414,COc1ccc2nc3cc(Cl)ccc3c(Nc3ccc(CN4CCCCC4)cc3)c2c1
CHEMBL4975028,O=C(N[C@H]1CCCNC1=O)c1cc(COc2ccc(F)cc2F)[nH]n1
CHEMBL3771018,CC(C)(C)n1nc(-c2cnc3cc(Cl)ccc3c2)c(C(N)=O)c1N
CHEMBL3398348,Cc1n[nH]c(C)c1CN1C(=O)c2ccccc2C1=O
CHEMBL3470871,CCC(=O)N1CCC2(CC1)CC(CC(=O)N(C)C)c1ccc(F)cc12
CHEMBL1526953,O=C(Nc1nccs1)c1cn(-c2ccccc2)nc1-c1ccncc1
CHEMBL1397742,O=C(NNC(=O)c1cc(-c2ccncc2)nc2ccccc12)c1ccccc1O
CHEMBL2115427,Cc1cc(O)cc(C)c1C[C@@H](N)C(=O)N1Cc2cc(-c3ccc(F)cc3)ccc2C[C@H]1C(=O)O
CHEMBL1344854,COc1ccc(C2C(C(=O)c3ccc(OC(C)C)cc3)=C(O)C(=O)N2CCCN2CCOCC2)cc1
CHEMBL5498683,C=C[C@]1(C)C[C@@H](OC(=O)CSc2cc[n+](CCCCCCCCCCCC)cc2)[C@]2(C)[C@H](C)CC[C@]3(CCC(=O)[C@H]32)[C@@H](C)[C@@H]1O
CHEMBL77628,CN(CCCNC(=O)c1cccc2cc3cccc(Cl)c3nc12)CCCNC(=O)c1cccc2cc3cccc(Cl)c3nc12
CHEMBL2152628,NC(=O)c1ccccc1Nc1cccc(OCCc2ccc(Br)cc2)c1
CHEMBL4864076,NCc1cccc(COc2ccc(Cl)cc2Cl)c1
CHEMBL2153306,COC(=O)/C=C/n1ccnc1[N+](=O)[O-]
CHEMBL4473067,CSCC[C@H](NC(=O)[C@H](CCC(=O)O)NC(=O)[C@H](Cc1c[nH]c2ccccc12)NC(=O)[C@H](CO)NC(=O)[C@H](CCCNC(=N)N)NC(=O)[C@H](CCCCN)NC(=O)[C@H](Cc1cnc[nH]1)NC(=O)[C@@H](NC(=O)[C@H](Cc1cnc[nH]1)NC(=O)[C@H](CC(C)C)NC(=O)[C@H](CCC(N)=O)NC(=O)[C@@H](NC(=O)[C@H](Cc1ccccc1)NC(=O)[C@H](Cc1c[nH]c2ccccc12)NC(=O)[C@@H]1CCCN1C(=O)[C@H](Cc1ccccc1)NC(=O)[C@H](CO)NC(=O)[C@H](C)NC(=O)[C@@H](NC(=O)CNC(C)=O)[C@@H](C)O)C(C)C)C(C)C)C(=O)N[C@@H](C)C(N)=O
CHEMBL119158,CCC(=O)N(N(CCCl)S(C)(=O)=O)S(C)(=O)=O
CHEMBL3193498,CC(=O)N1CCN(CCNC=C2C(=O)CC(c3ccc(Cl)cc3)CC2=O)CC1
CHEMBL3914684,Cc1ncccc1N1CCC(CC#N)(n2cc(C(N)=O)c(Nc3ccc(F)cc3)n2)CC1
CHEMBL359212,O=C(O)C(=O)CC(=O)c1ccsc1Cc1ccccc1
CHEMBL1309297,COc1cc2c(cc1NC(=O)c1cccc([N+](=O)[O-])c1C)oc1ccccc12
CHEMBL1603113,O=C(c1cnccn1)N1CCC[C@@]2(CCN(C(c3ccccc3)c3ccccc3)C2)C1
CHEMBL542424,Br.CN(C(=O)C[C@@H](N)CCCCN)C1CN=C(Nc2nc3ccccc3s2)NC1=O
CHEMBL1577972,COc1ccc(-n2cnnc2SCC(=O)N2CCN(S(=O)(=O)c3ccccc3)CC2)cc1
CHEMBL1366483,CCOc1cc(C=O)ccc1OCC(=O)NC(C)(C)C
CHEMBL28555,CCCN(C(=O)c1ccc(F)cc1)c1ccc2ncn(Cc3ccc(-c4ccccc4-c4nnnn4C)cc3)c(=O)c2c1
CHEMBL4078737,CC(=O)c1ccc(OC(=O)c2c(-c3ccccc3)sc3c2CCCC3)cc1
CHEMBL3954812,Cc1nccc(-c2ccc(C[C@H](NC(=O)[C@@H]3Cc4cc5c(cc4CN3C(=O)c3cccc(Cl)c3)O[C@@H](c3ccc(OCc4ccc(Cl)c(Cl)c4)cc3)CO5)C(=O)O)cc2)c1C
CHEMBL1187896,CN(C)CCNC(=O)c1ccc(-c2cncc(NCc3ccc(Cl)c(Cl)c3)c2)cc1
CHEMBL1343988,CC1CCc2c(sc(NC(=S)NC(=O)c3ccccc3)c2C#N)C1
CHEMBL387124,O=C1OC[C@H]2[C@@H]1CO[C@H]2c1ccc2c(c1)OCO2
CHEMBL3289687,COC(=O)[C@H](Cc1ccccc1)NC(=O)Cc1ccc(O)c(O)c1
CHEMBL1386725,COc1ccc(/C=C/C(=O)NCc2ccc(F)cc2)cc1S(=O)(=O)N1CCOCC1
CHEMBL1484207,CN(C)S(=O)(=O)c1ccc(Cl)c(C(=O)NNC(=O)Cc2nc3ccccc3n2C)c1
CHEMBL4442164,CS(=O)(=O)N1CCN(CCOc2ccccc2C=C2c3ccccc3-c3ccc([N+](=O)[O-])cc32)CC1
CHEMBL3189092,Cc1cnc(-c2ccccc2C(F)F)nc1NCc1ccc(-n2ccnn2)cc1
CHEMBL5205167,CC1=C(O)C(=O)C=C2C1=CC=C1[C@@]2(C)CC[C@@]2(C)[C@@H]3C[C@](C)(C(=O)N4CCN(C(=O)CN5C(=O)S/C(=C\c6cccs6)C5=O)CC4)CC[C@]3(C)CC[C@]12C
CHEMBL1495948,Cc1cc(-c2ccc(Br)s2)nc(-n2cccc2)n1
CHEMBL5179633,CC(=O)N1CCC[C@H]1C(=O)N[C@@H](CC(C)C)C(=O)N[C@H]1C[C@H](CCCCCCCCc2ccccc2)C(=O)NCCC[C@@H](C(N)=O)NC(=O)[C@H]([C@@H](C)OP(=O)(O)O)NC(=O)[C@H](CO)NC1=O
CHEMBL1569806,CCOc1ccc(CCNC(=O)c2cc3c(-c4cccc(OC)c4)nn(C)c3s2)cc1OCC
CHEMBL4632792,CC(C)=CCCC(C)=CCNCCNCCNCCNCCNCCN
CHEMBL1178567,CCCCCCCCCCN=c1ccn(CCCCCCCCn2ccc(=NCCCCCCCCCC)cc2)cc1
CHEMBL3183211,O=S(=O)(Nc1cccc(-n2cnnn2)c1)c1cccc(Cl)c1
CHEMBL570779,O=C(CCCc1cccs1)Nc1ccc2c(c1)C[C@@H](C(=O)O)OC2
CHEMBL126427,CN1CCN(c2cccc([N+](=O)[O-])c2)CC1
CHEMBL4640251,COc1ccc(-c2nc(C(=O)NN3C(=O)CCC3=O)cc3c2[nH]c2ccccc23)cc1
CHEMBL4111904,Cc1cccc2c1NC(=O)[C@@H](NC(=O)[C@H](CCC(F)(F)F)[C@H](CC1CC(F)(F)C1)C(N)=O)N=C2c1ccccc1
CHEMBL4984023,O=C(NC[C@H]1CCCO1)c1coc(CN(Cc2ccc(F)cc2)Cc2ccccc2Cl)n1
CHEMBL4856568,CCN1C(=O)[C@@H](NC(=O)c2ccc(Cl)c(Cl)c2)[C@@H](c2ccc(F)cc2)c2c(C)nn(-c3ccccc3)c21
CHEMBL444219,CC(=O)N[C@@H](Cc1cnc[nH]1)C(=O)N[C@H](Cc1ccc(F)cc1)C(=O)N[C@@H](CCCNC(=N)N)C(=O)N[C@@H](Cc1c[nH]c2ccccc12)C(N)=O
CHEMBL3403926,Cc1ccc(-c2nnc(SCC(O)(Cn3cncn3)c3ccc(F)cc3F)[nH]2)cc1
CHEMBL5303457,COc1cc(OCc2cccc(NC(=O)c3ccc(S(C)(=O)=O)cc3Cl)c2)c(CN2CC[C@H](O)C2)cc1Br.O=CO
CHEMBL18522,CCCCNC(=O)Nc1cccc2c1CN(C)CC2c1ccc(Cl)cc1
CHEMBL3922040,N#CCC1(n2cc(-c3ncnc4[nH]ccc34)cn2)CN(C2CCN(C(=O)c3ccc(F)c(-c4nccs4)c3)CC2)C1
CHEMBL7184,CCCOc1ccc(C(=O)OCC(O)CNC(C)(C)C)cc1
CHEMBL262953,CN(Cc1cnc2nc(N)nc(N)c2c1)c1ccc(C(=O)NC(CCC(=O)O)C(=O)O)cc1
CHEMBL4945180,O=C(NCc1cncc(-c2ccsc2)c1)c1ccc(Cl)s1
CHEMBL4520736,COc1ccc(NC(=O)c2csc(Nc3cccc4[nH]ncc34)n2)cc1
CHEMBL1561026,COc1ccc(CCN(C)C(=O)c2ccc(S(=O)(=O)NCc3ccco3)cc2)cc1OC
CHEMBL10128,C=C1C(n2ccc(N)nc2=O)O[C@H](CO)[C@@H]1O
CHEMBL5000858,CN(C)c1ncc(Br)cc1C(=O)NCc1cccc(=O)[nH]1
CHEMBL5084751,CC(=O)O.Cc1cc(O)cc(O)c1C(=O)NCCCCCCCCCCCCOc1ccc(N=C2NCCN2)cc1
CHEMBL3911392,Cn1ncc(NC(=O)c2ccc(F)c(-c3c(F)cc(C(C)(C)O)cc3F)n2)c1[C@@H]1CC[C@@H](N)[C@@H](F)CO1
CHEMBL3427191,COc1ccc(-n2nnc(-c3ccc(SC)cc3)c2C)cc1
CHEMBL25530,C=CCc1cc2c(cc1O)C(C)(C)C(CCc1ccc(OC)cc1)O2
CHEMBL4465573,CC(C)c1nc(C(N)=O)c(Nc2ccc(N3CCC(N4CCN(C)CC4)CC3)c(C(F)(F)F)c2)nc1N[C@H]1CC[C@H](O)CC1.O=C(O)/C=C/C(=O)O
CHEMBL3480568,COc1cccc(O)c1CN1CCCC(Nc2cccc(F)c2)C1
CHEMBL2159361,N=C(N)c1cccc(S(=O)(=O)NCCCC(=O)Nc2cccc(C(=O)O)c2)c1.O=C(O)C(F)(F)F
CHEMBL4578276,COc1ccc(C(C)=O)cc1CSc1nc2ccc(F)cc2c(=O)n1Cc1cccs1
CHEMBL2263289,COc1ccc(/C=C/C(=O)c2ccc(N3CCOCC3)cc2)cc1
CHEMBL3492960,CCOCCCNC(=O)Nc1ccc(F)c(C(N)=O)c1
CHEMBL102934,Br.CCNC(=N)N/N=C/c1ccc(-c2cn3cc(C)ccc3[n+]2C)cc1.[Br-]
CHEMBL525629,CC(C)=CC(=O)C[C@@H](C)[C@H]1CC[C@@]2(C)[C@@H]3CC[C@H]4[C@](C)(CO)[C@@H](O)CC[C@@]45C[C@@]35CC[C@]12C
CHEMBL1866788,CCC(=O)Nc1cccc(C2=NOC3(C2)C[C@H](C(N)=O)N(C(=O)c2ccc(Cl)cc2)C3)c1
CHEMBL4972572,O=C(Nc1nc(C(=O)N2CCCC2)co1)c1cnccn1
CHEMBL1551347,COc1ccc([C@@H]2[C@@H]3C(=O)N(C(C)(C)C)C(=O)[C@@H]3[C@]3(Cc4ccccc4)C(=O)N(c4ccc(C)cc4)C(=O)N23)cc1
CHEMBL3398622,NC(=O)c1ccc(C(=O)N[C@@H](Cc2ccccc2)c2nc(-c3ccc4c(N)n[nH]c4c3)c(Cl)[nH]2)cc1
CHEMBL5094290,C[C@@H](Nc1nc2c(cnn2C2CCCC2)c(=O)[nH]1)C(=O)N1CCN(C2CC2)CC1
CHEMBL2323429,C[n+]1ccn(CCCCCCCCCCCCCCCCCCCCn2cc[n+](C)c2)c1.[Cl-].[Cl-]
CHEMBL4909063,CC(=O)c1cc(-c2ccccc2CN2CCOCC2)ccc1O
CHEMBL231910,C=C(c1ccc(OC)cc1)C1COC2(CC[C@@]3(C)C(CC[C@@H]4[C@@H]3CC[C@@]3(C)[C@H]4OCC34CC[C@@H](C)CO4)C2)OO1
CHEMBL3662782,CC[C@H]1CN2CCC[C@H]2CN1C(=O)N1Cc2c(NC(=O)c3ccccn3)n[nH]c2C1(C)C
CHEMBL5182074,CCCC1CNCc2c1[nH]c(=O)c(C#N)c2-c1ccc(C#N)cc1.Cl
CHEMBL1616173,COCCNc1nc(-c2cc(C)c(C)cc2C)cs1
CHEMBL422514,Cn1c[n+](CCCCCCCCCC[n+]2cn(C)c3ccccc32)c2ccccc21
CHEMBL247683,CN1Cc2cc(OCCCN3CCCCC3)ncc2C(c2ccc(Cl)c(Cl)c2)C1
CHEMBL5006733,O=C(Oc1ccc(Cl)cc1)c1ccc2snnc2c1
CHEMBL1502640,CC12CCC(=O)N1C(C(=O)Nc1nnc(SCc3ccc(F)cc3)s1)CS2
CHEMBL5069926,O=C(/C=C/c1ccccc1)OC1CC2CCC(C1)N2C(=O)CCc1ccc(O)cc1
CHEMBL2203439,Cc1c(OCC(F)(F)F)ccnc1C[S+]([O-])c1nc2ccccc2n1[11CH3]
CHEMBL3613009,CCCS(=O)(=O)Nc1ccccc1C(=O)Nc1ccc(CCN2CCc3cc(OC)c(OC)cc3C2)cc1
CHEMBL3718316,COc1cc(C(C)C)c(Oc2cnc(NC(=O)c3cccnc3)nc2N)cc1I
CHEMBL1472919,CC(C)NC(=O)C1CCC(Cn2c(=O)c3sccc3n(Cc3ccc(F)cc3)c2=O)CC1
CHEMBL3453107,O=C(NCCSC1CCCC1)c1cc(Cl)ccn1
CHEMBL4896357,Cc1ccc(S(=O)(=O)NC(C(=O)OC(C)C(=O)N2CCOCC2)C(C)C)cc1C
CHEMBL1604898,O=C(Nc1ccc(C(=O)N2CCC(N3CCCC3)CC2)cc1)c1ccc(Br)o1.O=C(O)C(F)(F)F
CHEMBL1885859,C[n+]1ccnc2ccccc21
CHEMBL3786371,C/C(=C\c1cc(-c2ccc(F)cc2)co1)C(N)=O
CHEMBL1860468,NCCc1cn(Cc2coc(-c3cccc4ccccc34)n2)cn1
CHEMBL4941704,Cc1ncsc1CNC1CCCCC1CCCO
CHEMBL3684538,c1ccc(CCNC2(c3ccc(-c4nnc5n4-c4cccnc4Nc4ccccc4-5)cc3)CCC2)cc1
CHEMBL1491755,COc1ccc(S(=O)(=O)Nc2cc3c4c(c2)CC(=O)N4CCC3)cc1C
CHEMBL3827968,Cc1cccc(C(N)=O)c1NC(=O)c1ccc(F)cc1
CHEMBL3464446,CSc1ccc(NC(=O)COCc2ccccc2)nc1
CHEMBL1504401,CC(C(=O)Nc1ccccc1C(F)(F)F)N1CCN(C)CC1.O=C(O)C(=O)O
CHEMBL3334638,COc1ccc(CNC(=O)c2nc(-c3ccc(F)cc3)[nH]c(=O)c2O)cc1
CHEMBL1703704,COc1cc2sc(-c3ccc(S(C)(=O)=O)cc3)c(C(=O)NCc3ccc(C)o3)c2cc1OC
CHEMBL3623324,C/C(=N/NC(=O)c1cc2ccccc2oc1=O)c1cccnc1
CHEMBL4644543,Oc1ccc2c3c1O[C@H]1c4ncc(-c5ccc(F)cc5)cc4C[C@@]4(OCCCc5ccccc5)[C@@H](C2)N(CC2CC2)CC[C@]314
CHEMBL3303183,CN1CCC(c2ccccc2Cc2ccc(F)cc2)CC1
CHEMBL4204567,CCCCC[C@H](CN(O)C=O)C(=O)NCNC(=O)c1ccc(-c2cccc(OCC)c2)o1
CHEMBL24334,COC(=O)Nc1nc2cc(C(=O)c3ccc4[nH]c(NC(=O)OC)nc4c3)ccc2[nH]1
CHEMBL5277197,CCCCCCCCCCCCc1c2[n+](cc3c(NCCN(C)C)c(OC)ccc13)CCc1cc3c(cc1-2)OCO3.[Cl-]
CHEMBL4092776,COc1ccccc1NC(=O)CCSc1cccc2cccnc12
CHEMBL4932596,Cc1ccc([C@H]2CN(C(=O)c3sc(C)nc3C)[C@@H]3C4CCN(CC4)[C@H]23)cc1
CHEMBL1186445,COc1ccc(/C=C\c2cc(F)c(OC)c(OC)c2)cc1OP(=O)(O)O
CHEMBL5088521,C=C1C(=O)[C@]23[C@H](O)[C@H]1C[C@H](O)[C@H]2[C@]12CCCC(C)(C)[C@H]1C[C@H]3O[C@H]2OCCCc1cn(CCOCCOCCOCCN2C(=O)c3cccc4c(N5CCCCC5)ccc(c34)C2=O)nn1
CHEMBL4165622,CCN(CC)CCOc1ccc(Oc2c(-c3ccc(F)cc3)c(=O)oc3cc(O)ccc23)cc1
CHEMBL2010455,c1ccc(/N=c2\nc(N3CCOCC3)ss2)cc1
CHEMBL4082316,O=C1C(Cl)C(c2cccc(Cl)c2Cl)N1Nc1ccnc2cc(Cl)ccc12
CHEMBL4922156,COc1ncc(-c2c(C#N)c(N)nc3c2CCC[C@@H]3C)cn1
CHEMBL400659,COc1cc(N2CCN(C)CC2)ccc1NCc1ccccc1
CHEMBL2093955,Cl.N[C@@H]1C[C@]1(F)c1ccc(F)cc1
CHEMBL3613852,CC(=O)c1cccn1CCCN1CCN(c2ccc(F)cc2)CC1
CHEMBL1916976,Cc1cccc(N(O)[C@@H]2CCC=C[C@H]2OC(C)(C)C)n1
CHEMBL1701343,Cc1nc(Cl)sc1C(=O)Nc1ccccc1
CHEMBL1525411,CCOC(=O)C1CCCN(C(=O)CCc2ccccc2)C1
CHEMBL1867276,O=C1CSC(=S)N1Cc1cccs1
CHEMBL1626007,COc1cc(OC)c(OC)cc1CN1CCN(C(=O)COc2ccc3ccccc3c2)CC1
CHEMBL149135,CC(C)c1ccc(OC(=O)c2ccc(NC(=N)N)cc2)cc1
CHEMBL308170,CC(C)(C)c1cc(C2=Cc3ccc(C(=O)O)cc3OC2)cc(C(C)(C)C)c1O
CHEMBL1962617,N=C(N)NC(=O)c1nc(Cl)c(NCCNCc2ccccc2)nc1N
CHEMBL5187576,COc1cc(F)c(C(=O)NC(=O)c2cc3cc(OC)ccc3s2)c(F)c1
CHEMBL1374886,CCC(C)NCCCOc1ccc(Cl)cc1C(C)(C)C.O=C(O)C(=O)O
CHEMBL1431486,O=C(NCc1cn2ccccc2n1)c1cccs1
CHEMBL3039879,O=C(C[C@H]1N[C@@]23CC[C@]1(O)[C@@H]1Oc4c(O)ccc5c4[C@]12CCN(CC1CC1)[C@@H]3C5)NCc1ccccc1
CHEMBL1739945,COc1ccccc1N1CCN(C/C=C/CNC(=O)c2cc(C)ccc2OCCF)CC1
CHEMBL2408179,COc1cccc(-c2cc3n(n2)CCCC3)c1
CHEMBL1586736,CCOC(=O)C1=NN(C(=O)Cc2ccccc2)C(O)(C(C)(C)C)C1
CHEMBL3452342,O=C(NCC(O)c1cccc(F)c1)c1sccc1OC(F)F
CHEMBL509506,C[C@]12COC(=O)C[C@@]3(CC(=O)[C@]1(C)O)[C@]2(O)CC[C@]3(C)O
CHEMBL3752823,COc1ccccc1N1CCN(C(=O)Cc2ccc(O[C@H]3O[C@@H]4O[C@@]5(C)CC[C@H]6[C@H](C)CC[C@@H]([C@H]3C)[C@@]46OO5)cc2)CC1
CHEMBL1905978,Cc1ccc(NC(=O)CN2C(=O)C3CC=C(Cl)CC3C2=O)cc1
CHEMBL4973197,Cc1ccccc1C(=O)NCc1ccccc1COCc1ccccc1
CHEMBL4548692,CNCC1(O)CCOCC1
CHEMBL2049067,CC(=O)Nc1cccc(-c2ccc(C(=O)N(Cc3cccc(OCCCCCC(=O)O)c3)C(C)C)cc2)c1
CHEMBL1561199,COc1cccc(C(=O)Nc2cccc(C(=O)NC3=NN(c4c(Cl)cc(Cl)cc4Cl)C(=O)C3)c2)c1
CHEMBL4568328,CCOc1c(Br)cnn(-c2ccc(C)cc2)c1=O
CHEMBL4526478,Cc1ccc(Nc2ccc3c(c2)C(Cc2ccc4c(c2)OCO4)C(=O)N3)cc1
CHEMBL4167698,COC1=C(O)[C@H](O)[C@H](C/C=C(\C)CC/C=C(\C)C[C@H](O)/C=C(\C)CO)[C@@H](C)C1=O
CHEMBL2286497,C#CCOC(=O)[C@@H](C)Oc1ccc(OC(=O)[C@@H](C)Oc2ccc(Oc3ncc(Cl)cc3F)cc2)cc1
CHEMBL4226679,COc1cc2c3c(c1OC)Oc1ccc(cc1)C[C@@H]1c4c(c(CN(C)C)c(OC)c(OC)c4Oc4ccc(cc4)C[C@H]3N(C)CC2)CCN1C
CHEMBL1406386,COc1cccc2sc(N(Cc3cccnc3)C(=O)C3COc4ccccc4O3)nc12
CHEMBL1644596,c1cc(-c2cc(N3CCOCC3)nc(NCCc3ccncc3)n2)c2cn[nH]c2c1
CHEMBL213052,CSc1ccc(-c2ccc(C(=O)N(C)[C@H]3CCN(C(=O)N4CC[C@H](NCCCc5ccccc5)C4)C3)cc2)cc1
CHEMBL4590880,CN(C)[C@@H]1CN(C(=O)c2cccn2C)C[C@H]1CO
CHEMBL3989297,CCOC(=O)N1CCN(c2nc(C)nc3scc(-c4cccs4)c23)CC1
CHEMBL2262640,C/C=C1/CN2CCc3c(n(C)c4ccccc34)[C@@H]2C[C@@H]1Cc1nccc2c1[nH]c1ccccc12
CHEMBL1079484,COc1cc2oc(=O)cc(-c3cc(OC)c(O)c(OC)c3)c2cc1OC
CHEMBL5005856,Cc1nnc(CN2CCN(Cc3ccccc3)[C@H]3CS(=O)(=O)C[C@H]32)o1
CHEMBL371258,C[C@@H]1CCCN1CCc1cc2cc(Nc3ccccc3[N+](=O)[O-])ccc2o1
CHEMBL1183450,CC(O)c1cccc2cc(C(O)CNC(C)(C)C)oc12
CHEMBL3577052,C=C1CC/C=C(\C)[C@H](O)CC(C)(C)[C@H]2C[C@H]12
CHEMBL1392678,C=CCn1cccc(C(=O)Nc2cc(OC)c(OC)c(OC)c2)c1=O
CHEMBL482671,CC[C@H]1[C@H]2[C@@H](CCCN3C([C@@H]4C[C@H](C)C(=O)O4)=CC(=O)[C@@]23OC)O[C@]12C=C(C)C(=O)O2
CHEMBL1926823,Cc1nc2ccccc2c2nc(Nc3ccc(Cl)cc3)n(N)c(=O)c12
CHEMBL14990,CCOc1c(N2CCC(C)C2)c(F)cc2c(=O)c(C(=O)O)cn(C3CC3)c12
CHEMBL1917866,COc1ccc(-n2nnnc2C(F)(F)F)cc1CN[C@H]1CCN(C(=O)CCCNC(C)=O)C[C@H]1c1ccccc1.Cl
CHEMBL3115824,O=C(Nc1ccc(F)c(-c2nc3cc(-c4cccc(Cl)c4)cnc3[nH]2)c1)N1CCCC1
CHEMBL2112252,CC[C@H](C)[C@H](NC(=O)OC(C)(C)C)C(=O)N[C@H](C(=O)N[C@@H](CC(C)C)C(O)CC(=O)N[C@@H](CC(N)=O)C(=O)NC[C@H](C)O)[C@@H](C)CC
CHEMBL5204198,C[C@@H]1O[C@@H](O[C@H]2[C@H](O)[C@@H](C(=O)NCCCCCCCCCCC(=O)OCc3ccc(F)cc3)O[C@@H](O[C@H]3CC[C@]4(C)[C@H]5CC=C6[C@@H]7CC(C)(C)CC[C@]7(C(=O)O[C@@H]7O[C@H](C)[C@H](O)[C@H](O)[C@H]7O[C@@H]7O[C@@H](C)[C@H](O[C@@H]8OC[C@@H](O)[C@H](O)[C@H]8O)[C@@H](O[C@@H]8O[C@H](CO)[C@@H](O)[C@H](O[C@@H]9OC[C@@H](O)[C@H](O)[C@H]9O)[C@H]8O)[C@H]7O)[C@H](O)C[C@@]6(C)[C@]5(C)CC[C@H]4[C@]3(C)C=O)[C@@H]2O[C@@H]2O[C@H](CO)[C@H](O)[C@H](O)[C@H]2O)[C@H](O)[C@H](O)[C@H]1O
CHEMBL4942038,CCN=C(NCC1CCCO1)NCC1CCOC1c1ccccc1
CHEMBL113845,CC(C)(C)NC(=O)C1CN(Cc2cc3cccnc3s2)CCN1CC(O)CC(Cc1ccccc1)C(=O)NC1c2ccccc2CC1O
CHEMBL396347,O=C(N[C@H]1CO[C@H](c2ccccc2)OC1)c1ccccc1
CHEMBL3662911,Cc1nc(C)c(C(=O)Nc2n[nH]c3c2CN(C(=O)N2C[C@@H](C)N(CC4CCOCC4)C[C@@H]2C)C3(C)C)o1
CHEMBL2286413,Cc1ccc(NC2CCN(C(=O)c3ccc(Cl)cc3)CC2)cc1
CHEMBL5312913,FC(F)(F)c1ccc(-c2c(-c3ccccc3)ncn2Cc2ncn[nH]2)cc1
CHEMBL1339194,CCCCOc1ccc(C2c3c(-c4ccccc4O)n[nH]c3C(=O)N2Cc2ccncc2)cc1OC
CHEMBL2385513,O=C(O)c1cc(-c2ccc(C(F)(F)F)cc2)nc2ccc(Cl)cc12
CHEMBL190367,COC(=O)[C@@]1(Cc2ccccc2)CCN1C(=O)N[C@@H](C)c1ccccc1
CHEMBL392451,O=c1oc2ccccc2c(O)c1C(c1cccc(C(c2c(O)c3ccccc3oc2=O)c2c(O)c3ccccc3oc2=O)c1)c1c(O)c2ccccc2oc1=O
CHEMBL4226624,Cc1cc(OC[C@@H](F)CN2CCN(c3ccc(Cc4ccc(F)cc4)cc3)CC2)cc(C)n1.Cl
CHEMBL256059,COc1ccc(CN([C@@H]2CC(F)(F)CCNC2=O)S(=O)(=O)c2ccc(Cl)cc2)c(F)c1F
CHEMBL5437043,Cc1nnc2n1-c1ccc(-c3ccc(CNCCCc4cccc5c4CN(C4CCC(=O)NC4=O)C5=O)cc3)cc1C(Nc1ccc(Cl)cc1)CC2
CHEMBL37697,O=C(CN1CCCC1)Nc1c2c(nc3ccccc13)CCCC2
CHEMBL3496417,CC(O)CN1CCC(CNCc2c[nH]nc2C(C)(C)C)CC1
CHEMBL3445803,CCN(CC)C(=O)c1nnsc1-c1ccccc1
CHEMBL1318812,CC(C)CC(NP(=O)(O)O[C@@H]1O[C@@H](C)[C@H](O)[C@@H](O)[C@H]1O)C(=O)NC(Cc1c[nH]c2ccccc12)C(=O)O
CHEMBL3478516,Cc1ccc(NC2CCCN(CCCc3ccccc3)C2)nn1
CHEMBL4465018,CN(c1cccc(F)c1)c1nc(-c2ccccc2)nc2ccccc12
CHEMBL5270785,C/C=C1/CN2CC[C@@]34c5cc(-c6ccoc6)ccc5N(C)[C@]35OC[C@@]4(C(=O)OC)[C@H]1C[C@H]25
CHEMBL133902,OC1(c2ccccc2)c2ccccc2C2=NCCN21
CHEMBL3236589,OB(O)c1ccnc(F)c1Cl
CHEMBL1496025,CCc1ccc(OCc2nnc(SCCN3CCOCC3)n2CC)cc1.O=C(O)C(=O)O
CHEMBL210875,O=C(Nc1nc2ccccc2s1)c1cccc([N+](=O)[O-])c1
CHEMBL3422029,CC/C(=C(/c1ccc(O)cc1)c1ccc(OCCN)cc1)c1ccc(F)cc1
CHEMBL18528,CCOC(=O)/C(C#N)=C/c1nc(-c2ccc(OC)cc2)c(-c2ccc(OC)cc2)s1
CHEMBL5496824,O=C(Nc1cccc(-c2nnnn2C2CC2)c1)c1ccc(Cl)cc1Cl
CHEMBL4644366,CC(C)c1c(C(=O)Nc2ccccc2)c(-c2cccc(OCCCc3cn(CCCCCOCC#Cc4cccc5c4CN(C4CCC(=O)NC4=O)C5=O)nn3)c2)c(-c2ccc(F)cc2)n1CC[C@@H](O)C[C@@H](O)CC(=O)O
CHEMBL26203,Cc1noc(NS(=O)(=O)c2cccc3c(N(C)C)cccc23)c1Cc1ccccc1
CHEMBL5190370,COc1ccc(Nc2nc3ccc([N+](=O)[O-])cc3nc2Nc2ccc(OC)c(C(F)(F)F)c2)cc1C(F)(F)F
CHEMBL239856,O=C(CCl)Nc1cc(-c2ccccc2)c(-c2nnc3n2NC(c2ccccc2)=C(c2ccccc2)S3)s1
CHEMBL2252256,CCc1ccc(C(=O)N(SOC)N(C(=O)c2cc(C)cc(C)c2)C(C)(C)C)cc1
CHEMBL4461371,O=C(/C=C/c1ccc(O)cc1)N1CC(=O)N(Cc2cccc(C(F)(F)F)c2)[C@@H](CCc2ccccc2)C1
CHEMBL149829,Nc1ccn([C@H]2C[C@H](NO)[C@@H](CO)O2)c(=O)n1
CHEMBL2296913,NS(=O)(=O)c1ccc(-n2nc(-c3ccc(Cl)cc3)c3c(C(F)(F)F)cc(-c4ccccc4)nc32)cc1
CHEMBL32804,CN(C)Cc1ccc2n1Cc1ccccc1SC2c1ccc(F)cc1
CHEMBL3686419,CCCc1cccc(-c2cc(NC(=O)[C@H]3CNC(=O)C3)nn2CC(F)(F)F)c1
CHEMBL245895,CC(OC(=O)Nc1ccccc1-c1ccc(CSCCC(=O)O)cc1)c1ccccc1Cl
CHEMBL1305446,CCN1CCCC(Sc2nc3c(=S)n(C)c(=O)n(C)c3[nH]2)C1
CHEMBL3326372,CCn1c(=O)cc(N)n(C2CC2)c1=O
CHEMBL3114747,O=Cc1ccccc1Oc1ccnc2cc(Cl)ccc12
CHEMBL3431173,COc1ccc(-c2cc(C)no2)cc1S(=O)(=O)Nc1ccc(C)c(C)c1
CHEMBL3449413,Cc1cc(N)cc(C2CN(Cc3cc[nH]n3)CCO2)n1
CHEMBL1994931,NCCCCNCCCNC(=O)CNC(=O)CC(O)C(N)CCCC(NC(=O)C(CN)NC(=O)C(O)CNC(=O)CC(N)c1ccc(O)cc1)C(=O)O
CHEMBL4240763,Cc1nnc(C(C)C)n1[C@@H]1C[C@H]2CC[C@@H](C1)N2CC[C@H](NC(=O)C1CCC(F)(F)CC1)c1ccc(F)s1
CHEMBL71676,CCCN(CCC)C1CCc2c(ccc(F)c2N)C1
CHEMBL131496,Br.NCC(=O)Nc1nnc(S(N)(=O)=O)s1
CHEMBL2029100,CS[C@H]1O[C@@H](COC2O[C@@H](O)[C@H](O)[C@@H](O)[C@H]2O)[C@H](O)[C@@H](NC(=O)c2ccc3ccccc3c2)[C@@H]1O
CHEMBL602142,CN1CCN(C(=O)Cn2c(-c3ccoc3)c(C3CCCCC3)c3ccc(C(=O)O)cc32)CC1
CHEMBL5492497,O=C(C(c1ccccc1)c1ccccc1)N1CCC2(CCN(Cc3ccccc3)CC2)C1
CHEMBL4760099,COc1ccc([C@@H]2CC(=O)c3c(O)cc(OCc4cn(Cc5ccccc5Cl)nn4)cc3O2)cc1O
CHEMBL4648681,FC(F)(F)c1cc(N2CCC(c3nnco3)C2)ccc1Cl
CHEMBL1210604,O=C(CCc1cc(-c2cc(Cl)cc(Cl)c2)nn1-c1ccc2ccccc2c1)NCCCc1ccc2c(n1)NCCC2
CHEMBL4161707,C[C@H]1CCC/C=C/[C@@H]2C[C@H](OC(=O)c3ccccc3C(=O)OCCCOc3no[n+]([O-])c3S(=O)(=O)c3ccccc3)C[C@H]2[C@H](OC(=O)c2ccccc2C(=O)OCCCOc2no[n+]([O-])c2S(=O)(=O)c2ccccc2)/C=C/C(=O)O1
CHEMBL587584,COc1cccc(NC(=O)NC2CCN(c3ccnc(Nc4cc(OC)c(OC)c(OC)c4)n3)C2)c1
CHEMBL4453227,CS(=O)(=O)c1ccc(Oc2cc(F)cc(C#N)c2)c2c1[C@H](O)C(F)(F)[C@@H]2F
CHEMBL4285987,COc1cc2nc(N3CCN(C)CC3)nc(NC3CCN(C4CCCCC4)CC3)c2cc1OC
CHEMBL498594,NC(=O)c1ccc2[nH]c(N3CCC4(CC3)OC(=O)c3ccccc34)nc2c1
CHEMBL513432,COC(=O)[C@H](CC(C)C)NC(=O)[C@H](N)Cc1ccccc1
CHEMBL3468685,CC(C)N(CC1CCCN(Cc2ccon2)C1)C(=O)OC(C)(C)C
CHEMBL4743682,O=C(/C=C/c1ccc(F)cc1)N1CCN(C(=O)c2cccs2)C1=O
CHEMBL3648229,CO/N=C(\C)c1ccc2ncc(C(O)c3c(F)cc4ncccc4c3F)n2n1
CHEMBL1355941,Cc1cc(=O)oc2cc(NC(=O)C(C)Oc3ccc(F)cc3)ccc12
CHEMBL4924016,CC1CN(C(=O)C2CC(C)(C)C2)CC(c2ccc(F)cc2)O1
CHEMBL524672,CC[C@H](C)[C@H](NC(=O)CNC(=O)[C@H](CC(=O)O)NC(=O)[C@@H]1CCCN1C(=O)[C@@H](N)Cc1cnc[nH]1)C(=O)N[C@@H](Cc1ccccc1)C(=O)N[C@H](C(=O)N[C@@H](CC(=O)O)C(=O)N[C@@H](CO)C(=O)N[C@@H](Cc1ccc(O)cc1)C(=O)N[C@@H](CO)C(=O)N[C@@H](CCCNC(=N)N)C(=O)N[C@@H](Cc1ccc(O)cc1)C(=O)N[C@@H](CCCNC(=N)N)C(=O)N[C@@H](CCCCN)C(=O)N[C@@H](CCC(N)=O)C(=O)N[C@@H](CCSC)C(=O)N[C@@H](C)C(=O)N[C@H](C(=O)N[C@@H](CCCCN)C(=O)N[C@@H](CCCCN)C(=O)N[C@@H](Cc1ccc(O)cc1)C(=O)N[C@@H](CC(C)C)C(=O)N[C@@H](C)C(=O)N[C@@H](C)C(=O)N[C@H](C(=O)N[C@@H](CC(C)C)C(N)=O)C(C)C)C(C)C)[C@@H](C)O
CHEMBL4588194,OC(Cn1cncn1)(Cn1cnc(SCc2cccc(Cl)c2)n1)c1ccc(F)cc1F
CHEMBL1714810,CCc1nc(CNC(=O)C2CCC(=O)N(Cc3cccc(OC)c3)C2)no1
CHEMBL452532,CCC(=O)N[C@@H]1C[C@@](CO[C@H](C)c2cc(C(F)(F)F)cc(C(F)(F)F)c2)(c2ccccc2)NC1=O
CHEMBL139596,CN(C)c1ccc(S(=O)(=O)c2ccc(N)cc2)cc1
CHEMBL1574355,O=C(Nc1nccs1)C1CCCN(S(=O)(=O)c2cccc3cccnc23)C1
CHEMBL4945684,Fc1cccnc1NCCc1cn2c(n1)CCCC2
CHEMBL173918,CC(=O)NCC(=O)N[C@H](C)C(=O)O
CHEMBL4982904,CCCNC(=O)CN(CCC)c1ncc(F)cn1
CHEMBL573724,C#CCNC(=N)NCCCCCCCCN1CCCCCCCCNC(=N)NC1=O
CHEMBL1346163,Cc1cc([N+](=O)[O-])ccc1NC(=O)c1cncc(Br)c1
